event,logical_time_ns,logical_time_ms,physical_time_ms,tag_time_ns,microstep,steer_in_present,accel_in_present,brake_in_present,actuate_in_present,steer_in,accel_in,brake_in,actuate_in,car_velocity,car_steer
reaction,15000000000,15000.0,15025.994168,1781883650738069570,0,1,1,1,0,1,0.00784313725490196,0.0196078431372549,,89.47830366782007,1
reaction,15100000000,15100.0,15125.378303,1781883650838069570,0,1,1,1,0,1,0.00784313725490196,0.0196078431372549,,88.96180917856955,1
reaction,15200000000,15200.0,15225.932254,1781883650938069570,0,1,1,1,0,1,0.00784313725490196,0.0196078431372549,,88.45043487459382,1
reaction,15300000000,15300.0,15325.923633,1781883651038069570,0,1,1,1,0,1,0.00784313725490196,0.0196078431372549,,87.9441007963303,1
reaction,15400000000,15400.0,15425.927638,1781883651138069570,0,1,1,1,0,1,0.00784313725490196,0.0196078431372549,,87.44272863832397,1
reaction,15500000000,15500.0,15525.919589,1781883651238069570,0,1,1,1,0,1,0.00784313725490196,0.0196078431372549,,86.94624170660428,1
reaction,15600000000,15600.0,15625.926051,1781883651338069570,0,1,1,1,0,1,0.00784313725490196,0.0196078431372549,,86.45456487737417,1
reaction,15700000000,15700.0,15726.116368,1781883651438069570,0,1,1,1,0,1,0.00784313725490196,0.0196078431372549,,85.96762455696445,1
reaction,15800000000,15800.0,15825.81637,1781883651538069570,0,1,1,1,0,1,0.00784313725490196,0.0196078431372549,,85.48534864300856,1
reaction,15900000000,15900.0,15925.93207,1781883651638069570,0,1,1,1,0,1,0.00784313725490196,0.0196078431372549,,85.00766648679436,1
reaction,16000000000,16000.0,16025.756451,1781883651738069570,0,1,1,1,0,1,0.00784313725490196,0.0196078431372549,,84.53450885675166,1
reaction,16100000000,16100.0,16125.92555,1781883651838069570,0,1,1,1,0,1,0.00784313725490196,0.0196078431372549,,84.06580790303549,1
reaction,16200000000,16200.0,16226.005339,1781883651938069570,0,1,1,1,0,1,0.00784313725490196,0.0196078431372549,,83.60149712316722,1
reaction,16300000000,16300.0,16325.961108,1781883652038069570,0,1,1,1,0,1,0.00784313725490196,0.0196078431372549,,83.14151132869647,1
reaction,16400000000,16400.0,16425.936124,1781883652138069570,0,1,1,1,0,1,0.00784313725490196,0.01568627450980392,,82.69990425990758,1
reaction,16500000000,16500.0,16525.898915,1781883652238069570,0,1,1,1,0,1,0.00784313725490196,0.0196078431372549,,82.24824825191666,1
reaction,16600000000,16600.0,16625.79161,1781883652338069570,0,1,1,1,0,1,0.00784313725490196,0.0196078431372549,,81.8007311230418,1
reaction,16700000000,16700.0,16725.397532,1781883652438069570,0,1,1,1,0,1,0.00784313725490196,0.0196078431372549,,81.35729259018052,1
reaction,16800000000,16800.0,16825.912145,1781883652538069570,0,1,1,1,0,1,0.00392156862745098,0.0196078431372549,,80.91445872288956,1
reaction,16900000000,16900.0,16926.101161,1781883652638069570,0,1,1,1,0,1,0.00784313725490196,0.0196078431372549,,80.47903185568639,1
reaction,17000000000,17000.0,17025.702315,1781883652738069570,0,1,1,1,0,1,0.00784313725490196,0.0196078431372549,,80.04750915859375,1
reaction,17100000000,17100.0,17125.893116,1781883652838069570,0,1,1,1,0,1,0.00784313725490196,0.0196078431372549,,79.61983484183077,1
reaction,17200000000,17200.0,17225.925885,1781883652938069570,0,1,1,1,0,1,0.00784313725490196,0.0196078431372549,,79.19595417074859,1
reaction,17300000000,17300.0,17325.869351,1781883653038069570,0,1,1,1,0,1,0.00784313725490196,0.0196078431372549,,78.7758134409567,1
reaction,17400000000,17400.0,17425.776693,1781883653138069570,0,1,1,1,0,1,0.00784313725490196,0.01568627450980392,,78.37347760120869,1
reaction,17500000000,17500.0,17525.897036,1781883653238069570,0,1,1,1,0,1,0.00784313725490196,0.0196078431372549,,77.96053671395613,1
reaction,17600000000,17600.0,17625.901898,1781883653338069570,0,1,1,1,0,1,0.00784313725490196,0.0196078431372549,,77.55118231040242,1
reaction,17700000000,17700.0,17725.827181,1781883653438069570,0,1,1,1,0,1,0.00784313725490196,0.0196078431372549,,77.1453645405702,1
reaction,17800000000,17800.0,17825.474416,1781883653538069570,0,1,1,1,0,1,0.00784313725490196,0.0196078431372549,,76.74303447116264,1
reaction,17900000000,17900.0,17925.877569,1781883653638069570,0,1,1,1,0,1,0.00784313725490196,0.0196078431372549,,76.34414406454704,1
reaction,18000000000,18000.0,18025.899697,1781883653738069570,0,1,1,1,0,1,0.011764705882352941,0.0196078431372549,,75.95207868426598,1
reaction,18100000000,18100.0,18125.650486,1781883653838069570,0,1,1,1,0,1,0.00784313725490196,0.0196078431372549,,75.55989800450489,1
reaction,18200000000,18200.0,18225.992741,1781883653938069570,0,1,1,1,0,1,0.00784313725490196,0.0196078431372549,,75.17101843974433,1
reaction,18300000000,18300.0,18325.795705,1781883654038069570,0,1,1,1,0,1,0.00784313725490196,0.0196078431372549,,74.78539532904949,1
reaction,18400000000,18400.0,18425.887034,1781883654138069570,0,1,1,1,0,1,0.00784313725490196,0.0196078431372549,,74.40298481050722,1
reaction,18500000000,18500.0,18525.65193,1781883654238069570,0,1,1,1,0,1,0.011764705882352941,0.0196078431372549,,74.02717632935037,1
reaction,18600000000,18600.0,18625.888056,1781883654338069570,0,1,1,1,0,1,0.011764705882352941,0.0196078431372549,,73.65446681004994,1
reaction,18700000000,18700.0,18725.906692,1781883654438069570,0,1,1,1,0,1,0.011764705882352941,0.0196078431372549,,73.28481519931752,1
reaction,18800000000,18800.0,18825.630291,1781883654538069570,0,1,1,1,0,1,0.00784313725490196,0.0196078431372549,,72.91474863720435,1
reaction,18900000000,18900.0,18925.92623,1781883654638069570,0,1,1,1,0,1,0.011764705882352941,0.0196078431372549,,72.55112035493006,1
reaction,19000000000,19000.0,19025.898413,1781883654738069570,0,1,1,1,0,1,0.011764705882352941,0.0196078431372549,,72.19043071177083,1
reaction,19100000000,19100.0,19125.981906,1781883654838069570,0,1,1,1,0,1,0.011764705882352941,0.0196078431372549,,71.83264144518962,1
reaction,19200000000,19200.0,19226.017488,1781883654938069570,0,1,1,1,0,1,0.00784313725490196,0.0196078431372549,,71.47428242539897,1
reaction,19300000000,19300.0,19325.909493,1781883655038069570,0,1,1,1,0,1,0.011764705882352941,0.01568627450980392,,71.1363266524391,1
reaction,19400000000,19400.0,19425.905664,1781883655138069570,0,1,1,1,0,1,0.011764705882352941,0.0196078431372549,,70.78693079234392,1
reaction,19500000000,19500.0,19525.901585,1781883655238069570,0,1,1,1,0,1,0.00784313725490196,0.0196078431372549,,70.43685726177509,1
reaction,19600000000,19600.0,19625.904391,1781883655338069570,0,1,1,1,0,1,0.011764705882352941,0.0196078431372549,,70.09296285216251,1
reaction,19700000000,19700.0,19725.462668,1781883655438069570,0,1,1,1,0,1,0.011764705882352941,0.0196078431372549,,69.75175329919,1
reaction,19800000000,19800.0,19825.890011,1781883655538069570,0,1,1,1,0,1,0.011764705882352941,0.0196078431372549,,69.41319465472212,1
reaction,19900000000,19900.0,19925.896492,1781883655638069570,0,1,1,1,0,1,0.011764705882352941,0.0196078431372549,,69.0772535378174,1
reaction,20000000000,20000.0,20025.848571,1781883655738069570,0,1,1,1,0,1,0.011764705882352941,0.0196078431372549,,68.74389712290414,1
reaction,20100000000,20100.0,20125.845894,1781883655838069570,0,1,1,1,0,1,0.00784313725490196,0.0196078431372549,,68.40966060229952,1
reaction,20200000000,20200.0,20225.835638,1781883655938069570,0,1,1,1,0,1,0.01568627450980392,0.0196078431372549,,68.08485361252336,1
reaction,20300000000,20300.0,20325.828005,1781883656038069570,0,1,1,1,0,1,0.00784313725490196,0.0196078431372549,,67.7556268752635,1
reaction,20400000000,20400.0,20425.917083,1781883656138069570,0,1,1,1,0,1,0.011764705882352941,0.0196078431372549,,67.43231723718736,1
reaction,20500000000,20500.0,20525.913765,1781883656238069570,0,1,1,1,0,1,0.00392156862745098,0.0196078431372549,,67.10458846154236,1
reaction,20600000000,20600.0,20625.904816,1781883656338069570,0,1,1,1,0,1,0.01568627450980392,0.0196078431372549,,66.78960679794002,1
reaction,20700000000,20700.0,20725.519908,1781883656438069570,0,1,1,1,0,1,0.0196078431372549,0.0196078431372549,,66.48043610483572,1
reaction,20800000000,20800.0,20825.915292,1781883656538069570,0,1,1,1,0,1,0.00784313725490196,0.0196078431372549,,66.16320375128417,1
reaction,20900000000,20900.0,20925.914215,1781883656638069570,0,1,1,1,0,1,0.01568627450980392,0.0196078431372549,,65.85519188001288,1
reaction,21000000000,21000.0,21025.926467,1781883656738069570,0,1,1,1,0,1,0.01568627450980392,0.0196078431372549,,65.54943907724608,1
reaction,21100000000,21100.0,21126.307888,1781883656838069570,0,1,1,1,0,1,0.0196078431372549,0.0196078431372549,,65.24938630707966,1
reaction,21200000000,21200.0,21225.522352,1781883656938069570,0,1,1,1,0,1,0.023529411764705882,0.0196078431372549,,64.95499957553656,1
reaction,21300000000,21300.0,21325.800383,1781883657038069570,0,1,1,1,0,1,0.027450980392156862,0.0196078431372549,,64.6662457040854,1
reaction,21400000000,21400.0,21425.926192,1781883657138069570,0,1,1,1,0,1,0.027450980392156862,0.0196078431372549,,64.37957120132295,1
reaction,21500000000,21500.0,21525.832429,1781883657238069570,0,1,1,1,0,1,0.023529411764705882,0.0196078431372549,,64.09144853785675,1
reaction,21600000000,21600.0,21625.946651,1781883657338069570,0,1,1,1,0,1,0.027450980392156862,0.0196078431372549,,63.80888567719322,1
reaction,21700000000,21700.0,21725.919339,1781883657438069570,0,1,1,1,0,1,0.0196078431372549,0.0196078431372549,,63.521341522136595,1
reaction,21800000000,21800.0,21825.97264,1781883657538069570,0,1,1,1,0,1,0.023529411764705882,0.0196078431372549,,63.23931710085343,1
reaction,21900000000,21900.0,21925.926659,1781883657638069570,0,1,1,1,0,1,0.01568627450980392,0.0196078431372549,,62.95232513531834,1
reaction,22000000000,22000.0,22025.893611,1781883657738069570,0,1,1,1,0,1,0.027450980392156862,0.0196078431372549,,62.67780219330691,1
reaction,22100000000,22100.0,22125.52882,1781883657838069570,0,1,1,1,0,1,0.023529411764705882,0.0196078431372549,,62.401691879856436,1
reaction,22200000000,22200.0,22225.580569,1781883657938069570,0,1,1,1,0,1,0.027450980392156862,0.0196078431372549,,62.13100360953801,1
reaction,22300000000,22300.0,22325.927089,1781883658038069570,0,1,1,1,0,1,0.03529411764705882,0.0196078431372549,,61.86924802223434,1
reaction,22400000000,22400.0,22425.903436,1781883658138069570,0,1,1,1,0,1,0.043137254901960784,0.0196078431372549,,61.61642643959461,1
reaction,22500000000,22500.0,22525.915426,1781883658238069570,0,1,1,1,0,1,0.043137254901960784,0.0196078431372549,,61.36533929271328,1
reaction,22600000000,22600.0,22625.871439,1781883658338069570,0,1,1,1,0,1,0.043137254901960784,0.0196078431372549,,61.11596765364728,1
reaction,22700000000,22700.0,22726.029014,1781883658438069570,0,1,1,1,0,1,0.043137254901960784,0.0196078431372549,,60.868292868151734,1
reaction,22800000000,22800.0,22825.816585,1781883658538069570,0,1,1,1,0,1,0.027450980392156862,0.0196078431372549,,60.60810582409918,1
reaction,22900000000,22900.0,22925.926499,1781883658638069570,0,1,1,1,0,1,0.0,0.023529411764705882,,60.311405358880386,1
reaction,23000000000,23000.0,23025.904098,1781883658738069570,0,1,1,1,0,1,0.0,0.023529411764705882,,60.01669805339616,1
reaction,23100000000,23100.0,23125.931515,1781883658838069570,0,1,1,1,0,1,0.0,0.0196078431372549,,59.73807848225579,1
reaction,23200000000,23200.0,23225.377167,1781883658938069570,0,1,1,1,0,1,1.0,0.0196078431372549,,60.901312579142115,1
reaction,23300000000,23300.0,23325.386147,1781883659038069570,0,1,1,1,0,1,1.0,0.01568627450980392,,62.070868109025575,1
reaction,23400000000,23400.0,23425.702595,1781883659138069570,0,1,1,1,0,1,1.0,0.01568627450980392,,63.23243348368984,1
reaction,23500000000,23500.0,23525.454473,1781883659238069570,0,1,1,1,0,1,1.0,0.01568627450980392,,64.38591285966181,1
reaction,23600000000,23600.0,23625.349676,1781883659338069570,0,1,1,1,0,1,1.0,0.01568627450980392,,65.53121417282807,1
reaction,23700000000,23700.0,23725.634331,1781883659438069570,0,1,1,1,0,1,1.0,0.01568627450980392,,66.66824913842805,1
reaction,23800000000,23800.0,23825.626317,1781883659538069570,0,1,1,1,0,1,1.0,0.01568627450980392,,67.79693324779367,1
reaction,23900000000,23900.0,23925.782858,1781883659638069570,0,1,1,1,0,1,1.0,0.01568627450980392,,68.91718576190252,1
reaction,24000000000,24000.0,24025.84371,1781883659738069570,0,1,1,1,0,1,1.0,0.01568627450980392,,70.02892970181496,1
reaction,24100000000,24100.0,24125.603202,1781883659838069570,0,1,1,1,0,1,1.0,0.01568627450980392,,71.13209183606958,1
reaction,24200000000,24200.0,24225.445676,1781883659938069570,0,1,1,1,0,1,1.0,0.01568627450980392,,72.22660266511345,1
reaction,24300000000,24300.0,24325.94315,1781883660038069570,0,1,1,1,0,1,1.0,0.01568627450980392,,73.31239640284792,1
reaction,24400000000,24400.0,24425.92779,1781883660138069570,0,1,1,1,0,1,1.0,0.01568627450980392,,74.38941095537217,1
reaction,24500000000,24500.0,24525.768292,1781883660238069570,0,1,1,1,0,1,1.0,0.01568627450980392,,75.4575878970098,1
reaction,24600000000,24600.0,24625.876912,1781883660338069570,0,1,1,1,0,1,1.0,0.01568627450980392,,76.5168724437059,1
reaction,24700000000,24700.0,24725.851498,1781883660438069570,0,1,1,1,0,1,1.0,0.01568627450980392,,77.5672134238836,1
reaction,24800000000,24800.0,24825.660966,1781883660538069570,0,1,1,1,0,1,1.0,0.01568627450980392,,78.60856324685129,1
reaction,24900000000,24900.0,24925.747131,1781883660638069570,0,1,1,1,0,1,0.8235294117647058,0.023529411764705882,,79.27481558511596,1
reaction,25000000000,25000.0,25025.78413,1781883660738069570,0,1,1,1,0,1,0.2784313725490196,0.0196078431372549,,79.13238720842052,1
reaction,25100000000,25100.0,25125.56351,1781883660838069570,0,1,1,1,0,1,0.0,0.0196078431372549,,78.70599371172065,1
reaction,25200000000,25200.0,25225.350097,1781883660938069570,0,1,1,1,0,1,0.12549019607843137,0.01568627450980392,,78.41495107697686,1
reaction,25300000000,25300.0,25325.967068,1781883661038069570,0,1,1,1,0,1,0.4392156862745098,0.01568627450980392,,78.49955343459992,1
reaction,25400000000,25400.0,25425.803279,1781883661138069570,0,1,1,1,0,1,0.47843137254901963,0.01568627450980392,,78.63802865412207,1
reaction,25500000000,25500.0,25525.933622,1781883661238069570,0,1,1,1,0,1,0.4470588235294118,0.01568627450980392,,78.73146496897687,1
reaction,25600000000,25600.0,25625.573169,1781883661338069570,0,1,1,1,0,1,0.44313725490196076,0.01568627450980392,,78.81868536238122,1
reaction,25700000000,25700.0,25725.344087,1781883661438069570,0,1,1,1,0,1,0.49019607843137253,0.01568627450980392,,78.97109998139479,1
reaction,25800000000,25800.0,25826.194768,1781883661538069570,0,1,1,1,0,1,0.5294117647058824,0.01568627450980392,,79.17909201355042,1
reaction,25900000000,25900.0,25925.957442,1781883661638069570,0,1,1,1,0,1,0.5647058823529412,0.01568627450980392,,79.43799348819591,1
reaction,26000000000,26000.0,26025.548253,1781883661738069570,0,1,1,1,0,1,0.615686274509804,0.01568627450980392,,79.77332243476927,1
reaction,26100000000,26100.0,26125.512504,1781883661838069570,0,1,1,1,0,1,0.8431372549019608,0.01568627450980392,,80.49332606433687,1
reaction,26200000000,26200.0,26225.579327,1781883661938069570,0,1,1,1,0,1,1.0,0.01568627450980392,,81.50898127938493,1
reaction,26300000000,26300.0,26325.770412,1781883662038069570,0,1,1,1,0,1,1.0,0.01568627450980392,,82.51549546730502,1
reaction,26400000000,26400.0,26425.314221,1781883662138069570,0,1,1,1,0,1,1.0,0.01568627450980392,,83.51283782394668,1
reaction,26500000000,26500.0,26525.908261,1781883662238069570,0,1,1,1,0,1,1.0,0.01568627450980392,,84.50098089785534,1
reaction,26600000000,26600.0,26625.814313,1781883662338069570,0,1,1,1,0,1,1.0,0.01568627450980392,,85.47990054447007,1
reaction,26700000000,26700.0,26725.637963,1781883662438069570,0,1,1,1,0,1,1.0,0.01568627450980392,,86.44957587861852,1
reaction,26800000000,26800.0,26825.917123,1781883662538069570,0,1,1,1,0,1,1.0,0.01568627450980392,,87.40998922540582,1
reaction,26900000000,26900.0,26926.232473,1781883662638069570,0,1,1,1,0,1,1.0,0.01568627450980392,,88.36112606959357,1
reaction,27000000000,27000.0,27025.911595,1781883662738069570,0,1,1,1,0,1,1.0,0.01568627450980392,,89.30297500356457,1
reaction,27100000000,27100.0,27125.69034,1781883662838069570,0,1,1,1,0,1,1.0,0.01568627450980392,,90.23552767396887,1
reaction,27200000000,27200.0,27225.91963,1781883662938069570,0,1,1,1,0,1,1.0,0.01568627450980392,,91.15877872714472,1
reaction,27300000000,27300.0,27325.777978,1781883663038069570,0,1,1,1,0,1,1.0,0.01568627450980392,,92.07272575340806,1
reaction,27400000000,27400.0,27425.853636,1781883663138069570,0,1,1,1,0,1,1.0,0.01568627450980392,,92.97736923030264,1
reaction,27500000000,27500.0,27525.90979,1781883663238069570,0,1,1,1,0,1,1.0,0.01568627450980392,,93.87271246490134,1
reaction,27600000000,27600.0,27625.918879,1781883663338069570,0,1,1,1,0,1,1.0,0.01568627450980392,,94.75876153524838,1
reaction,27700000000,27700.0,27725.774235,1781883663438069570,0,1,1,1,0,1,1.0,0.01568627450980392,,95.63552523103009,1
reaction,27800000000,27800.0,27825.623522,1781883663538069570,0,1,1,1,0,1,1.0,0.01568627450980392,,96.50301499356063,1
reaction,27900000000,27900.0,27925.942272,1781883663638069570,0,1,1,1,0,1,1.0,0.01568627450980392,,97.36124485516714,1
reaction,28000000000,28000.0,28025.920306,1781883663738069570,0,1,1,1,0,1,1.0,0.01568627450980392,,98.21023137805697,1
reaction,28100000000,28100.0,28125.911379,1781883663838069570,0,1,1,1,0,1,1.0,0.01568627450980392,,99.04999359274771,1
reaction,28200000000,28200.0,28225.915762,1781883663938069570,0,1,1,1,0,1,1.0,0.01568627450980392,,99.8805529361389,1
reaction,28300000000,28300.0,28325.672143,1781883664038069570,0,1,1,1,0,1,1.0,0.01568627450980392,,100.701933189302,1
reaction,28400000000,28400.0,28425.702742,1781883664138069570,0,1,1,1,0,1,1.0,0.01568627450980392,,101.51416041506323,1
reaction,28500000000,28500.0,28525.920845,1781883664238069570,0,1,1,1,0,1,0.0,0.023529411764705882,,100.84902760133389,1
reaction,28600000000,28600.0,28625.880788,1781883664338069570,0,1,1,1,0,1,0.0,0.0196078431372549,,100.20549012336562,1
reaction,28700000000,28700.0,28725.267715,1781883664438069570,0,1,1,1,0,1,0.0,0.01568627450980392,,99.58325841008234,1
reaction,28800000000,28800.0,28825.51997,1781883664538069570,0,1,1,1,0,1,0.0,0.01568627450980392,,98.96793307987097,1
reaction,28900000000,28900.0,28925.900316,1781883664638069570,0,1,1,1,0,1,0.0,0.07058823529411765,,98.16174811180649,1
reaction,29000000000,29000.0,29025.876213,1781883664738069570,0,1,1,1,0,1,0.0,0.21176470588235294,,96.85615690438748,1
reaction,29100000000,29100.0,29125.650691,1781883664838069570,0,1,1,1,0,1,0.0,0.4666666666666667,,94.64706384159375,1
reaction,29200000000,29200.0,29226.21583,1781883664938069570,0,1,1,1,0,1,0.0,0.6549019607843137,,91.7838264108905,1
reaction,29300000000,29300.0,29325.704013,1781883665038069570,0,1,1,1,0,1,0.0,0.7137254901960784,,88.73847960226104,1
reaction,29400000000,29400.0,29425.696377,1781883665138069570,0,1,1,1,0,1,0.0,0.7176470588235294,,85.70955698148961,1
reaction,29500000000,29500.0,29525.909895,1781883665238069570,0,1,1,1,0,1,0.0,0.7176470588235294,,82.70998933872696,1
reaction,29600000000,29600.0,29625.569495,1781883665338069570,0,1,1,1,0,1,0.0,0.7176470588235294,,79.73848757493934,1
reaction,29700000000,29700.0,29725.481156,1781883665438069570,0,1,1,1,0,1,0.0,0.7176470588235294,,76.79380336313359,1
reaction,29800000000,29800.0,29825.478495,1781883665538069570,0,1,1,1,0,1,0.0,0.7176470588235294,,73.87472682720356,1
reaction,29900000000,29900.0,29925.923127,1781883665638069570,0,1,1,1,0,1,0.0,0.7176470588235294,,70.98008434522808,1
reaction,30000000000,30000.0,30025.676154,1781883665738069570,0,1,1,1,0,1,0.0,0.7176470588235294,,68.10873646826028,1
reaction,30100000000,30100.0,30125.51127,1781883665838069570,0,1,1,1,0,1,0.0,0.7254901960784313,,65.23134065219443,1
reaction,30200000000,30200.0,30225.754137,1781883665938069570,0,1,1,1,0,1,0.0,0.7294117647058823,,62.36114231018199,1
reaction,30300000000,30300.0,30325.548141,1781883666038069570,0,1,1,1,0,1,0.0,0.7607843137254902,,59.398348110201844,1
reaction,30400000000,30400.0,30425.932925,1781883666138069570,0,1,1,1,0,1,0.0,0.9647058823529412,,55.72147783605232,1
reaction,30500000000,30500.0,30525.928201,1781883666238069570,0,1,1,1,0,1,0.0,1.0,,51.941064330928235,1
reaction,30600000000,30600.0,30625.551103,1781883666338069570,0,1,1,1,0,1,0.0,0.996078431372549,,48.19738007999653,1
reaction,30700000000,30700.0,30725.623207,1781883666438069570,0,1,1,1,0,1,0.0,0.5725490196078431,,45.9992287512652,1
reaction,30800000000,30800.0,30825.769659,1781883666538069570,0,1,1,1,0,1,0.0,0.01568627450980392,,45.81728654937928,1
reaction,30900000000,30900.0,30925.905406,1781883666638069570,0,1,1,1,0,1,0.0,0.011764705882352941,,45.65039006671682,1
reaction,31000000000,31000.0,31025.963141,1781883666738069570,0,1,1,1,0,1,0.21568627450980393,0.011764705882352941,,45.69749046373194,1
reaction,31100000000,31100.0,31125.926593,1781883666838069570,0,1,1,1,0,1,0.9764705882352941,0.011764705882352941,,46.92408664146678,1
reaction,31200000000,31200.0,31225.98228,1781883666938069570,0,1,1,1,0,1,1.0,0.011764705882352941,,48.19148759433831,1
reaction,31300000000,31300.0,31326.477409,1781883667038069570,0,1,1,1,0,1,1.0,0.01568627450980392,,49.438073701849945,1
reaction,31400000000,31400.0,31425.843728,1781883667138069570,0,1,1,1,0,1,1.0,0.01568627450980392,,50.67789849520634,1
reaction,31500000000,31500.0,31525.762541,1781883667238069570,0,1,1,1,0,1,1.0,0.011764705882352941,,51.92494503203596,1
reaction,31600000000,31600.0,31625.648469,1781883667338069570,0,1,1,1,0,1,1.0,0.011764705882352941,,53.16488320660505,1
reaction,31700000000,31700.0,31725.576794,1781883667438069570,0,1,1,1,0,1,1.0,0.011764705882352941,,54.397582220630134,1
reaction,31800000000,31800.0,31826.140439,1781883667538069570,0,1,1,1,0,1,1.0,0.011764705882352941,,55.6229150043731,1
reaction,31900000000,31900.0,31926.008848,1781883667638069570,0,1,1,1,0,1,1.0,0.011764705882352941,,56.840758247997535,1
reaction,32000000000,32000.0,32025.91769,1781883667738069570,0,1,1,1,0,1,1.0,0.011764705882352941,,58.05099242914287,1
reaction,32100000000,32100.0,32125.888379,1781883667838069570,0,1,1,1,0,1,1.0,0.011764705882352941,,59.253501836743716,1
reaction,32200000000,32200.0,32225.833235,1781883667938069570,0,1,1,1,0,1,1.0,0.011764705882352941,,60.44817459112741,1
reaction,32300000000,32300.0,32325.940581,1781883668038069570,0,1,1,1,0,1,1.0,0.011764705882352941,,61.63490266042874,1
reaction,32400000000,32400.0,32425.921831,1781883668138069570,0,1,1,1,0,1,1.0,0.011764705882352941,,62.81358187336558,1
reaction,32500000000,32500.0,32525.883578,1781883668238069570,0,1,1,1,0,1,1.0,0.011764705882352941,,63.98411192842456,1
reaction,32600000000,32600.0,32625.831456,1781883668338069570,0,1,1,1,0,1,1.0,0.011764705882352941,,65.1463963995109,1
reaction,32700000000,32700.0,32725.911184,1781883668438069570,0,1,1,1,0,1,1.0,0.011764705882352941,,66.30034273812099,1
reaction,32800000000,32800.0,32825.906343,1781883668538069570,0,1,1,1,0,1,1.0,0.011764705882352941,,67.4458622721005,1
reaction,32900000000,32900.0,32925.9509,1781883668638069570,0,1,1,1,0,1,1.0,0.011764705882352941,,68.58287020105585,1
reaction,33000000000,33000.0,33025.640536,1781883668738069570,0,1,1,1,0,1,1.0,0.01568627450980392,,69.69716794143083,1
reaction,33100000000,33100.0,33125.876827,1781883668838069570,0,1,1,1,0,1,1.0,0.011764705882352941,,70.81702304364015,1
reaction,33200000000,33200.0,33225.834706,1781883668938069570,0,1,1,1,0,1,1.0,0.011764705882352941,,71.92813617175459,1
reaction,33300000000,33300.0,33325.662868,1781883669038069570,0,1,1,1,0,1,1.0,0.011764705882352941,,73.03043785429243,1
reaction,33400000000,33400.0,33425.778128,1781883669138069570,0,1,1,1,0,1,1.0,0.011764705882352941,,74.12386242127208,1
reaction,33500000000,33500.0,33525.960671,1781883669238069570,0,1,1,1,0,1,1.0,0.011764705882352941,,75.20834798119296,1
reaction,33600000000,33600.0,33625.598065,1781883669338069570,0,1,1,1,0,1,1.0,0.01568627450980392,,76.26971874817654,1
reaction,33700000000,33700.0,33725.575533,1781883669438069570,0,1,1,1,0,1,0.8549019607843137,0.01568627450980392,,77.04176673944902,1
reaction,33800000000,33800.0,33825.702466,1781883669538069570,0,1,1,1,0,1,0.5450980392156862,0.011764705882352941,,77.30386013916932,1
reaction,33900000000,33900.0,33925.90712,1781883669638069570,0,1,1,1,0,1,0.4117647058823529,0.011764705882352941,,77.3750190928394,1
reaction,34000000000,34000.0,34025.905824,1781883669738069570,0,1,1,1,0,1,0.43529411764705883,0.011764705882352941,,77.47737610850464,1
reaction,34100000000,34100.0,34125.964767,1781883669838069570,0,1,1,1,0,1,0.5372549019607843,0.011764705882352941,,77.72406390537077,1
reaction,34200000000,34200.0,34225.625149,1781883669938069570,0,1,1,1,0,1,0.592156862745098,0.00784313725490196,,78.06589361283325,1
reaction,34300000000,34300.0,34325.622635,1781883670038069570,0,1,1,1,0,1,0.596078431372549,0.011764705882352941,,78.3967193870605,1
reaction,34400000000,34400.0,34425.958596,1781883670138069570,0,1,1,1,0,1,0.6,0.011764705882352941,,78.7307594675144,1
reaction,34500000000,34500.0,34525.887368,1781883670238069570,0,1,1,1,0,1,0.6039215686274509,0.011764705882352941,,79.06799129209152,1
reaction,34600000000,34600.0,34625.987617,1781883670338069570,0,1,1,1,0,1,0.611764705882353,0.011764705882352941,,79.41453525318855,1
reaction,34700000000,34700.0,34725.66524,1781883670438069570,0,1,1,1,0,1,0.611764705882353,0.011764705882352941,,79.75802803859037,1
reaction,34800000000,34800.0,34825.916068,1781883670538069570,0,1,1,1,0,1,0.611764705882353,0.011764705882352941,,80.09848334470749,1
reaction,34900000000,34900.0,34925.910241,1781883670638069570,0,1,1,1,0,1,0.615686274509804,0.011764705882352941,,80.44207592585678,1
reaction,35000000000,35000.0,35025.564804,1781883670738069570,0,1,1,1,0,1,0.6196078431372549,0.011764705882352941,,80.78878257898893,1
reaction,35100000000,35100.0,35125.543746,1781883670838069570,0,1,1,1,0,1,0.615686274509804,0.00784313725490196,,81.14032278739302,1
reaction,35200000000,35200.0,35225.494537,1781883670938069570,0,1,1,1,0,1,0.6196078431372549,0.011764705882352941,,81.48076141814845,1
reaction,35300000000,35300.0,35325.54868,1781883671038069570,0,1,1,1,0,1,0.6196078431372549,0.011764705882352941,,81.81812435450172,1
reaction,35400000000,35400.0,35425.578749,1781883671138069570,0,1,1,1,0,1,0.6196078431372549,0.011764705882352941,,82.15242668021013,1
reaction,35500000000,35500.0,35525.868641,1781883671238069570,0,1,1,1,0,1,0.6196078431372549,0.011764705882352941,,82.48368368722085,1
reaction,35600000000,35600.0,35625.883029,1781883671338069570,0,1,1,1,0,1,0.6235294117647059,0.011764705882352941,,82.81810713136477,1
reaction,35700000000,35700.0,35725.765523,1781883671438069570,0,1,1,1,0,1,0.6274509803921569,0.011764705882352941,,83.15567339951363,1
reaction,35800000000,35800.0,35825.596094,1781883671538069570,0,1,1,1,0,1,0.6235294117647059,0.011764705882352941,,83.4839130689957,1
reaction,35900000000,35900.0,35925.855487,1781883671638069570,0,1,1,1,0,1,0.6274509803921569,0.011764705882352941,,83.8153279553396,1
reaction,36000000000,36000.0,36025.635692,1781883671738069570,0,1,1,1,0,1,0.6274509803921569,0.011764705882352941,,84.14366253840852,1
reaction,36100000000,36100.0,36125.489151,1781883671838069570,0,1,1,1,0,1,0.6274509803921569,0.011764705882352941,,84.46893341341541,1
reaction,36200000000,36200.0,36225.701727,1781883671938069570,0,1,1,1,0,1,0.6274509803921569,0.011764705882352941,,84.79115735694329,1
reaction,36300000000,36300.0,36325.870929,1781883672038069570,0,1,1,1,0,1,0.6313725490196078,0.011764705882352941,,85.116583015199,1
reaction,36400000000,36400.0,36425.850581,1781883672138069570,0,1,1,1,0,1,0.6313725490196078,0.011764705882352941,,85.4389368768851,1
reaction,36500000000,36500.0,36525.921094,1781883672238069570,0,1,1,1,0,1,0.6313725490196078,0.011764705882352941,,85.75823633687845,1
reaction,36600000000,36600.0,36625.899185,1781883672338069570,0,1,1,1,0,1,0.6235294117647059,0.011764705882352941,,86.06205327963357,1
reaction,36700000000,36700.0,36725.495381,1781883672438069570,0,1,1,1,0,1,0.6313725490196078,0.011764705882352941,,86.37541579073505,1
reaction,36800000000,36800.0,36825.97167,1781883672538069570,0,1,1,1,0,1,0.6313725490196078,0.011764705882352941,,86.68577633304119,1
reaction,36900000000,36900.0,36925.934819,1781883672638069570,0,1,1,1,0,1,0.6313725490196078,0.011764705882352941,,86.99315291060068,1
reaction,37000000000,37000.0,37025.926012,1781883672738069570,0,1,1,1,0,1,0.6352941176470588,0.011764705882352941,,87.3038130757657,1
reaction,37100000000,37100.0,37125.965474,1781883672838069570,0,1,1,1,0,1,0.6313725490196078,0.011764705882352941,,87.60521565559708,1
reaction,37200000000,37200.0,37225.553596,1781883672938069570,0,1,1,1,0,1,0.6352941176470588,0.011764705882352941,,87.90993886761008,1
reaction,37300000000,37300.0,37325.775969,1781883673038069570,0,1,1,1,0,1,0.6274509803921569,0.011764705882352941,,88.19920966448757,1
reaction,37400000000,37400.0,37425.764242,1781883673138069570,0,1,1,1,0,1,0.6352941176470588,0.011764705882352941,,88.49813138897963,1
reaction,37500000000,37500.0,37525.915634,1781883673238069570,0,1,1,1,0,1,0.6313725490196078,0.011764705882352941,,88.78786933093474,1
reaction,37600000000,37600.0,37625.911398,1781883673338069570,0,1,1,1,0,1,0.6352941176470588,0.011764705882352941,,89.08100299126643,1
reaction,37700000000,37700.0,37725.872954,1781883673438069570,0,1,1,1,0,1,0.611764705882353,0.011764705882352941,,89.33400929419881,1
reaction,37800000000,37800.0,37825.899062,1781883673538069570,0,1,1,1,0,1,0.6352941176470588,0.011764705882352941,,89.62173853918334,1
reaction,37900000000,37900.0,37925.95246,1781883673638069570,0,1,1,1,0,1,0.6313725490196078,0.011764705882352941,,89.90035777228042,1
reaction,38000000000,38000.0,38025.846614,1781883673738069570,0,1,1,1,0,1,0.6274509803921569,0.011764705882352941,,90.1699665149425,1
reaction,38100000000,38100.0,38125.639461,1781883673838069570,0,1,1,1,0,1,0.6470588235294118,0.011764705882352941,,90.46821375698069,1
reaction,38200000000,38200.0,38225.93581,1781883673938069570,0,1,1,1,0,1,0.6392156862745098,0.011764705882352941,,90.75088054755942,1
reaction,38300000000,38300.0,38325.953216,1781883674038069570,0,1,1,1,0,1,0.6431372549019608,0.011764705882352941,,91.03698637021888,1
reaction,38400000000,38400.0,38425.893626,1781883674138069570,0,1,1,1,0,1,0.6313725490196078,0.011764705882352941,,91.30140133283896,1
reaction,38500000000,38500.0,38525.809428,1781883674238069570,0,1,1,1,0,1,0.5843137254901961,0.011764705882352941,,91.48952672290754,1
reaction,38600000000,38600.0,38625.660567,1781883674338069570,0,1,1,1,0,1,0.3215686274509804,0.01568627450980392,,91.2975149771377,1
reaction,38700000000,38700.0,38725.785726,1781883674438069570,0,1,1,1,0,1,0.0,0.011764705882352941,,90.78417335590564,1
reaction,38800000000,38800.0,38825.697405,1781883674538069570,0,1,1,1,0,1,0.0,0.011764705882352941,,90.27602451851166,1
reaction,38900000000,38900.0,38925.91889,1781883674638069570,0,1,1,1,0,1,0.027450980392156862,0.011764705882352941,,89.79713879489987,1
reaction,39000000000,39000.0,39025.60353,1781883674738069570,0,1,1,1,0,1,0.054901960784313725,0.011764705882352941,,89.3480636674043,1
reaction,39100000000,39100.0,39125.398772,1781883674838069570,0,1,1,1,0,1,0.06274509803921569,0.011764705882352941,,88.91076592364381,1
reaction,39200000000,39200.0,39226.04167,1781883674938069570,0,1,1,1,0,1,0.06274509803921569,0.00784313725490196,,88.49191650383023,1
reaction,39300000000,39300.0,39325.864835,1781883675038069570,0,1,1,1,0,1,0.06274509803921569,0.011764705882352941,,88.06307749310271,1
reaction,39400000000,39400.0,39425.826477,1781883675138069570,0,1,1,1,0,1,0.06274509803921569,0.011764705882352941,,87.63844479731769,1
reaction,39500000000,39500.0,39525.943394,1781883675238069570,0,1,1,1,0,1,0.06274509803921569,0.011764705882352941,,87.21795702436951,1
reaction,39600000000,39600.0,39625.869428,1781883675338069570,0,1,1,1,0,1,0.07058823529411765,0.011764705882352941,,86.80893279600565,1
reaction,39700000000,39700.0,39726.049521,1781883675438069570,0,1,1,1,0,1,0.07450980392156863,0.011764705882352941,,86.4075790657078,1
reaction,39800000000,39800.0,39825.819313,1781883675538069570,0,1,1,1,0,1,0.0784313725490196,0.011764705882352941,,86.0138213207868,1
reaction,39900000000,39900.0,39925.916036,1781883675638069570,0,1,1,1,0,1,0.08627450980392157,0.011764705882352941,,85.63135592182081,1
reaction,40000000000,40000.0,40026.131072,1781883675738069570,0,1,1,1,0,1,0.09019607843137255,0.00784313725490196,,85.2704421511911,1
reaction,40100000000,40100.0,40125.72821,1781883675838069570,0,1,1,1,0,1,0.09411764705882353,0.011764705882352941,,84.90264201277382,1
reaction,40200000000,40200.0,40225.951666,1781883675938069570,0,1,1,1,0,1,0.09411764705882353,0.011764705882352941,,84.53831907901825,1
reaction,40300000000,40300.0,40325.670895,1781883676038069570,0,1,1,1,0,1,0.09803921568627451,0.011764705882352941,,84.18124794166876,1
reaction,40400000000,40400.0,40425.913355,1781883676138069570,0,1,1,1,0,1,0.09803921568627451,0.011764705882352941,,83.82752374252424,1
reaction,40500000000,40500.0,40525.901572,1781883676238069570,0,1,1,1,0,1,0.10196078431372549,0.011764705882352941,,83.48094114161377,1
reaction,40600000000,40600.0,40625.854408,1781883676338069570,0,1,1,1,0,1,0.10196078431372549,0.011764705882352941,,83.13757999642075,1
reaction,40700000000,40700.0,40725.466413,1781883676438069570,0,1,1,1,0,1,0.10196078431372549,0.011764705882352941,,82.79739720268486,1
reaction,40800000000,40800.0,40825.584689,1781883676538069570,0,1,1,1,0,1,0.10588235294117647,0.011764705882352941,,82.46420813766318,1
reaction,40900000000,40900.0,40925.442753,1781883676638069570,0,1,1,1,0,1,0.10588235294117647,0.011764705882352941,,82.13407814818412,1
reaction,41000000000,41000.0,41025.444481,1781883676738069570,0,1,1,1,0,1,0.10588235294117647,0.011764705882352941,,81.80696698262284,1
reaction,41100000000,41100.0,41125.993981,1781883676838069570,0,1,1,1,0,1,0.10588235294117647,0.011764705882352941,,81.4828350918591,1
reaction,41200000000,41200.0,41225.790995,1781883676938069570,0,1,1,1,0,1,0.10980392156862745,0.011764705882352941,,81.16551904652627,1
reaction,41300000000,41300.0,41325.814563,1781883677038069570,0,1,1,1,0,1,0.10980392156862745,0.011764705882352941,,80.85107027522203,1
reaction,41400000000,41400.0,41425.822615,1781883677138069570,0,1,1,1,0,1,0.10980392156862745,0.011764705882352941,,80.53945183266465,1
reaction,41500000000,41500.0,41525.921205,1781883677238069570,0,1,1,1,0,1,0.10980392156862745,0.011764705882352941,,80.2306274047263,1
reaction,41600000000,41600.0,41625.903443,1781883677338069570,0,1,1,1,0,1,0.10980392156862745,0.011764705882352941,,79.9245612949963,1
reaction,41700000000,41700.0,41725.477699,1781883677438069570,0,1,1,1,0,1,0.10980392156862745,0.011764705882352941,,79.62121841168621,1
reaction,41800000000,41800.0,41825.911535,1781883677538069570,0,1,1,1,0,1,0.10980392156862745,0.011764705882352941,,79.32056425486702,1
reaction,41900000000,41900.0,41925.902597,1781883677638069570,0,1,1,1,0,1,0.11372549019607843,0.011764705882352941,,79.02645805281735,1
reaction,42000000000,42000.0,42025.924968,1781883677738069570,0,1,1,1,0,1,0.10980392156862745,0.011764705882352941,,78.73104597094192,1
reaction,42100000000,42100.0,42125.878202,1781883677838069570,0,1,1,1,0,1,0.10980392156862745,0.011764705882352941,,78.43822297088289,1
reaction,42200000000,42200.0,42225.476163,1781883677938069570,0,1,1,1,0,1,0.11372549019607843,0.011764705882352941,,78.15184994054881,1
reaction,42300000000,42300.0,42325.886316,1781883678038069570,0,1,1,1,0,1,0.11372549019607843,0.011764705882352941,,77.86796819764251,1
reaction,42400000000,42400.0,42425.668492,1781883678138069570,0,1,1,1,0,1,0.11372549019607843,0.011764705882352941,,77.5865470757307,1
reaction,42500000000,42500.0,42525.894211,1781883678238069570,0,1,1,1,0,1,0.11372549019607843,0.011764705882352941,,77.30755640849083,1
reaction,42600000000,42600.0,42625.950087,1781883678338069570,0,1,1,1,0,1,0.11372549019607843,0.011764705882352941,,77.0309665195444,1
reaction,42700000000,42700.0,42725.965893,1781883678438069570,0,1,1,1,0,1,0.11764705882352941,0.011764705882352941,,76.76065907758974,1
reaction,42800000000,42800.0,42825.652502,1781883678538069570,0,1,1,1,0,1,0.11372549019607843,0.011764705882352941,,76.48875027174476,1
reaction,42900000000,42900.0,42925.764505,1781883678638069570,0,1,1,1,0,1,0.11372549019607843,0.00784313725490196,,76.23327410539711,1
reaction,43000000000,43000.0,43025.668376,1781883678738069570,0,1,1,1,0,1,0.11764705882352941,0.011764705882352941,,75.96975875911501,1
reaction,43100000000,43100.0,43125.88235,1781883678838069570,0,1,1,1,0,1,0.11764705882352941,0.011764705882352941,,75.70847162588349,1
reaction,43200000000,43200.0,43225.488559,1781883678938069570,0,1,1,1,0,1,0.11372549019607843,0.011764705882352941,,75.44547538148846,1
reaction,43300000000,43300.0,43326.216545,1781883679038069570,0,1,1,1,0,1,0.11372549019607843,0.011764705882352941,,75.18468763267056,1
reaction,43400000000,43400.0,43425.931104,1781883679138069570,0,1,1,1,0,1,0.11764705882352941,0.011764705882352941,,74.9299931100777,1
reaction,43500000000,43500.0,43525.909624,1781883679238069570,0,1,1,1,0,1,0.11764705882352941,0.011764705882352941,,74.6774226645374,1
reaction,43600000000,43600.0,43625.91071,1781883679338069570,0,1,1,1,0,1,0.11764705882352941,0.011764705882352941,,74.42695146408923,1
reaction,43700000000,43700.0,43725.504507,1781883679438069570,0,1,1,1,0,1,0.11764705882352941,0.011764705882352941,,74.17855506095106,1
reaction,43800000000,43800.0,43825.851718,1781883679538069570,0,1,1,1,0,1,0.12156862745098039,0.011764705882352941,,73.93613796542262,1
reaction,43900000000,43900.0,43925.955442,1781883679638069570,0,1,1,1,0,1,0.12156862745098039,0.011764705882352941,,73.69571562176577,1
reaction,44000000000,44000.0,44025.669162,1781883679738069570,0,1,1,1,0,1,0.11764705882352941,0.011764705882352941,,73.45333658547392,1
reaction,44100000000,44100.0,44125.949305,1781883679838069570,0,1,1,1,0,1,0.12156862745098039,0.011764705882352941,,73.21686756635613,1
reaction,44200000000,44200.0,44225.923373,1781883679938069570,0,1,1,1,0,1,0.12156862745098039,0.011764705882352941,,72.98232537831109,1
reaction,44300000000,44300.0,44325.883163,1781883680038069570,0,1,1,1,0,1,0.12156862745098039,0.011764705882352941,,72.74968818352181,1
reaction,44400000000,44400.0,44425.835415,1781883680138069570,0,1,1,1,0,1,0.11764705882352941,0.011764705882352941,,72.5150058900191,1
reaction,44500000000,44500.0,44525.902579,1781883680238069570,0,1,1,1,0,1,0.11764705882352941,0.011764705882352941,,72.28221754382585,1
reaction,44600000000,44600.0,44625.472571,1781883680338069570,0,1,1,1,0,1,0.12156862745098039,0.011764705882352941,,72.05523039595727,1
reaction,44700000000,44700.0,44725.530196,1781883680438069570,0,1,1,1,0,1,0.12156862745098039,0.011764705882352941,,71.83006340062417,1
reaction,44800000000,44800.0,44825.906897,1781883680538069570,0,1,1,1,0,1,0.12549019607843137,0.011764705882352941,,71.61064260393987,1
reaction,44900000000,44900.0,44925.885906,1781883680638069570,0,1,1,1,0,1,0.12156862745098039,0.011764705882352941,,71.38902405823262,1
reaction,45000000000,45000.0,45025.885776,1781883680738069570,0,1,1,1,0,1,0.12549019607843137,0.011764705882352941,,71.17311244222334,1
reaction,45100000000,45100.0,45125.899797,1781883680838069570,0,1,1,1,0,1,0.12549019607843137,0.011764705882352941,,70.95891087184037,1
reaction,45200000000,45200.0,45225.296596,1781883680938069570,0,1,1,1,0,1,0.12549019607843137,0.011764705882352941,,70.74640068493495,1
reaction,45300000000,45300.0,45325.886089,1781883681038069570,0,1,1,1,0,2,0.12941176470588237,0.011764705882352941,,70.53952750199504,2
reaction,45400000000,45400.0,45425.898833,1781883681138069570,0,1,1,1,0,2,0.12549019607843137,0.011764705882352941,,70.33031409797368,2
reaction,45500000000,45500.0,45526.267007,1781883681238069570,0,1,1,1,0,2,0.12549019607843137,0.011764705882352941,,70.12273801945703,2
reaction,45600000000,45600.0,45625.88237,1781883681338069570,0,1,1,1,0,2,0.12549019607843137,0.011764705882352941,,69.91678164615008,2
reaction,45700000000,45700.0,45725.534836,1781883681438069570,0,1,1,1,0,2,0.12549019607843137,0.011764705882352941,,69.71242760793146,2
reaction,45800000000,45800.0,45825.663005,1781883681538069570,0,1,1,1,0,2,0.12941176470588237,0.00784313725490196,,69.5277404413216,2
reaction,45900000000,45900.0,45925.661769,1781883681638069570,0,1,1,1,0,2,0.12549019607843137,0.011764705882352941,,69.32640027337406,2
reaction,46000000000,46000.0,46025.918175,1781883681738069570,0,1,1,1,0,2,0.12549019607843137,0.011764705882352941,,69.12661326742717,2
reaction,46100000000,46100.0,46125.86484,1781883681838069570,0,1,1,1,0,1,0.13333333333333333,0.011764705882352941,,68.93630873392712,1
reaction,46200000000,46200.0,46225.725222,1781883681938069570,0,1,1,1,0,0,0.12941176470588237,0.011764705882352941,,68.74348213698799,0
reaction,46300000000,46300.0,46325.532416,1781883682038069570,0,1,1,1,0,0,0.12941176470588237,0.011764705882352941,,68.55213044702337,0
reaction,46400000000,46400.0,46425.795909,1781883682138069570,0,1,1,1,0,0,0.12941176470588237,0.011764705882352941,,68.36223829858612,0
reaction,46500000000,46500.0,46525.621314,1781883682238069570,0,1,1,1,0,0,0.12941176470588237,0.011764705882352941,,68.17379053701735,0
reaction,46600000000,46600.0,46625.4365,1781883682338069570,0,1,1,1,0,0,0.12156862745098039,0.011764705882352941,,67.97886190341922,0
reaction,46700000000,46700.0,46725.85217,1781883682438069570,0,1,1,1,0,0,0.12941176470588237,0.011764705882352941,,67.79331802848982,0
reaction,46800000000,46800.0,46825.797159,1781883682538069570,0,1,1,1,0,0,0.12941176470588237,0.011764705882352941,,67.60917369224778,0
reaction,46900000000,46900.0,46925.788089,1781883682638069570,0,1,1,1,0,1,0.12941176470588237,0.00784313725490196,,67.44053220317363,1
reaction,47000000000,47000.0,47025.699919,1781883682738069570,0,1,1,1,0,2,0.13333333333333333,0.011764705882352941,,67.26302007400565,2
reaction,47100000000,47100.0,47125.842881,1781883682838069570,0,1,1,1,0,2,0.12941176470588237,0.011764705882352941,,67.08285463219893,2
reaction,47200000000,47200.0,47225.774268,1781883682938069570,0,1,1,1,0,2,0.12941176470588237,0.011764705882352941,,66.9040338839406,2
reaction,47300000000,47300.0,47325.916455,1781883683038069570,0,1,1,1,0,2,0.12941176470588237,0.011764705882352941,,66.72654422655236,2
reaction,47400000000,47400.0,47425.891825,1781883683138069570,0,1,1,1,0,2,0.12941176470588237,0.011764705882352941,,66.55037223835997,2
reaction,47500000000,47500.0,47526.262058,1781883683238069570,0,1,1,1,0,2,0.12941176470588237,0.011764705882352941,,66.37550467568724,2
reaction,47600000000,47600.0,47626.19639,1781883683338069570,0,1,1,1,0,2,0.12941176470588237,0.011764705882352941,,66.20192846990962,2
reaction,47700000000,47700.0,47725.40733,1781883683438069570,0,1,1,1,0,1,0.13333333333333333,0.011764705882352941,,66.03361245467009,1
reaction,47800000000,47800.0,47825.895511,1781883683538069570,0,1,1,1,0,0,0.13333333333333333,0.011764705882352941,,65.86653295939287,0
reaction,47900000000,47900.0,47925.951646,1781883683638069570,0,1,1,1,0,0,0.13333333333333333,0.011764705882352941,,65.70067778687802,0
reaction,48000000000,48000.0,48025.899285,1781883683738069570,0,1,1,1,0,0,0.13333333333333333,0.011764705882352941,,65.53603489783181,0
reaction,48100000000,48100.0,48125.903629,1781883683838069570,0,1,1,1,0,0,0.13333333333333333,0.011764705882352941,,65.3725924083148,0
reaction,48200000000,48200.0,48226.005586,1781883683938069570,0,1,1,1,0,0,0.13333333333333333,0.011764705882352941,,65.21033858723924,0
reaction,48300000000,48300.0,48325.953748,1781883684038069570,0,1,1,1,0,0,0.13333333333333333,0.011764705882352941,,65.04926185391487,0
reaction,48400000000,48400.0,48425.838608,1781883684138069570,0,1,1,1,0,0,0.13333333333333333,0.011764705882352941,,64.88935077564177,0
reaction,48500000000,48500.0,48525.918525,1781883684238069570,0,1,1,1,0,0,0.08627450980392157,0.011764705882352941,,64.68398257746023,0
reaction,48600000000,48600.0,48625.880215,1781883684338069570,0,1,1,1,0,0,0.08235294117647059,0.00784313725490196,,64.49044123816738,0
reaction,48700000000,48700.0,48726.016608,1781883684438069570,0,1,1,1,0,0,0.08627450980392157,0.011764705882352941,,64.28794030848532,0
reaction,48800000000,48800.0,48825.917443,1781883684538069570,0,1,1,1,0,1,0.09019607843137255,0.011764705882352941,,64.09067499345802,1
reaction,48900000000,48900.0,48925.922707,1781883684638069570,0,1,1,1,0,1,0.043137254901960784,0.011764705882352941,,63.85054366214259,1
reaction,49000000000,49000.0,49025.994842,1781883684738069570,0,1,1,1,0,1,0.0,0.011764705882352941,,63.573776725079945,1
reaction,49100000000,49100.0,49125.949046,1781883684838069570,0,1,1,1,0,1,0.0,0.00784313725490196,,63.313086703901725,1
reaction,49200000000,49200.0,49225.67207,1781883684938069570,0,1,1,1,0,1,0.0,0.00784313725490196,,63.05423435711875,1
reaction,49300000000,49300.0,49325.882253,1781883685038069570,0,1,1,1,0,1,0.0,0.00784313725490196,,62.79719925909208,1
reaction,49400000000,49400.0,49425.809051,1781883685138069570,0,1,1,1,0,1,0.0,0.00784313725490196,,62.541961285264094,1
reaction,49500000000,49500.0,49525.892325,1781883685238069570,0,1,1,1,0,2,0.0,0.00784313725490196,,62.288500606623806,2
reaction,49600000000,49600.0,49625.633134,1781883685338069570,0,1,1,1,0,2,0.0,0.00784313725490196,,62.036797684293866,2
reaction,49700000000,49700.0,49725.516459,1781883685438069570,0,1,1,1,0,2,0.0,0.00784313725490196,,61.7868332642361,2
reaction,49800000000,49800.0,49825.660091,1781883685538069570,0,1,1,1,0,2,0.0,0.011764705882352941,,61.52447072501394,2
reaction,49900000000,49900.0,49925.938242,1781883685638069570,0,1,1,1,0,2,0.0,0.00784313725490196,,61.27802318100779,2
reaction,50000000000,50000.0,50025.88959,1781883685738069570,0,1,1,1,0,2,0.0,0.00784313725490196,,61.03325699105835,2
reaction,50100000000,50100.0,50125.874644,1781883685838069570,0,1,1,1,0,2,0.0,0.00784313725490196,,60.79015400477756,2
reaction,50200000000,50200.0,50225.485637,1781883685938069570,0,1,1,1,0,2,0.0,0.00784313725490196,,60.548696331552996,2
reaction,50300000000,50300.0,50325.951382,1781883686038069570,0,1,1,1,0,2,0.3764705882352941,0.00784313725490196,,60.71577346393799,2
reaction,50400000000,50400.0,50425.92165,1781883686138069570,0,1,1,1,0,1,0.4,0.00784313725490196,,60.91257788385788,1
reaction,50500000000,50500.0,50525.964717,1781883686238069570,0,1,1,1,0,1,0.403921568627451,0.00784313725490196,,61.113256622852866,1
reaction,50600000000,50600.0,50626.197693,1781883686338069570,0,1,1,1,0,1,0.4,0.00784313725490196,,61.30737076567685,1
reaction,50700000000,50700.0,50725.623541,1781883686438069570,0,1,1,1,0,1,0.4,0.00784313725490196,,61.50016470988142,1
reaction,50800000000,50800.0,50825.75895,1781883686538069570,0,1,1,1,0,0,0.4117647058823529,0.00784313725490196,,61.70730889578107,0
reaction,50900000000,50900.0,50925.903985,1781883686638069570,0,1,1,1,0,0,0.4117647058823529,0.00784313725490196,,61.91303520880202,0
reaction,51000000000,51000.0,51025.772516,1781883686738069570,0,1,1,1,0,0,0.4117647058823529,0.00784313725490196,,62.11734863528923,0
reaction,51100000000,51100.0,51126.01272,1781883686838069570,0,1,1,1,0,0,0.4117647058823529,0.00784313725490196,,62.320254224403584,0
reaction,51200000000,51200.0,51225.546045,1781883686938069570,0,1,1,1,0,0,0.396078431372549,0.00784313725490196,,62.50090504504454,0
reaction,51300000000,51300.0,51325.473714,1781883687038069570,0,1,1,1,0,0,0.3843137254901961,0.00784313725490196,,62.66485013059068,0
reaction,51400000000,51400.0,51425.924058,1781883687138069570,0,1,1,1,0,0,0.3803921568627451,0.00784313725490196,,62.82253962795592,0
reaction,51500000000,51500.0,51525.657518,1781883687238069570,0,1,1,1,0,0,0.3686274509803922,0.00784313725490196,,62.96388937435088,0
reaction,51600000000,51600.0,51626.036941,1781883687338069570,0,1,1,1,0,0,0.36470588235294116,0.00784313725490196,,63.09920664376129,0
reaction,51700000000,51700.0,51725.949474,1781883687438069570,0,1,1,1,0,1,0.3607843137254902,0.00784313725490196,,63.22854922833418,1
reaction,51800000000,51800.0,51825.918975,1781883687538069570,0,1,1,1,0,0,0.3607843137254902,0.00784313725490196,,63.35698405965998,0
reaction,51900000000,51900.0,51925.945547,1781883687638069570,0,1,1,1,0,0,0.3607843137254902,0.00784313725490196,,63.48451566922932,0
reaction,52000000000,52000.0,52025.79633,1781883687738069570,0,1,1,1,0,1,0.3607843137254902,0.00784313725490196,,63.61114859543084,1
reaction,52100000000,52100.0,52125.89967,1781883687838069570,0,1,1,1,0,1,0.36470588235294116,0.00784313725490196,,63.74191437259211,1
reaction,52200000000,52200.0,52225.931787,1781883687938069570,0,1,1,1,0,1,0.3607843137254902,0.00784313725490196,,63.866727970008846,1
reaction,52300000000,52300.0,52326.100114,1781883688038069570,0,1,1,1,0,1,0.3607843137254902,0.00784313725490196,,63.990656717774904,1
reaction,52400000000,52400.0,52425.90359,1781883688138069570,0,1,1,1,0,1,0.3607843137254902,0.00784313725490196,,64.11370517634224,1
reaction,52500000000,52500.0,52525.880761,1781883688238069570,0,1,1,1,0,1,0.3607843137254902,0.00784313725490196,,64.23587791022808,1
reaction,52600000000,52600.0,52625.917655,1781883688338069570,0,1,1,1,0,1,0.3607843137254902,0.00784313725490196,,64.35717948747732,1
reaction,52700000000,52700.0,52725.414752,1781883688438069570,0,1,1,1,0,1,0.3607843137254902,0.00784313725490196,,64.47761447913291,1
reaction,52800000000,52800.0,52825.768173,1781883688538069570,0,1,1,1,0,1,0.3607843137254902,0.00784313725490196,,64.59718745871426,1
reaction,52900000000,52900.0,52925.749948,1781883688638069570,0,1,1,1,0,1,0.36470588235294116,0.00784313725490196,,64.72092999132296,1
reaction,53000000000,53000.0,53025.630189,1781883688738069570,0,1,1,1,0,1,0.3607843137254902,0.00784313725490196,,64.8387565259031,1
reaction,53100000000,53100.0,53125.884834,1781883688838069570,0,1,1,1,0,1,0.3607843137254902,0.00784313725490196,,64.95573497332303,1
reaction,53200000000,53200.0,53225.581329,1781883688938069570,0,1,1,1,0,1,0.3607843137254902,0.00784313725490196,,65.07186991195967,1
reaction,53300000000,53300.0,53325.655587,1781883689038069570,0,1,1,1,0,1,0.3607843137254902,0.00784313725490196,,65.18716592015663,1
reaction,53400000000,53400.0,53425.86387,1781883689138069570,0,1,1,1,0,1,0.3607843137254902,0.00784313725490196,,65.30162757575008,1
reaction,53500000000,53500.0,53525.903661,1781883689238069570,0,1,1,1,0,1,0.3607843137254902,0.00784313725490196,,65.41525945560241,1
reaction,53600000000,53600.0,53625.868089,1781883689338069570,0,1,1,1,0,1,0.3607843137254902,0.00784313725490196,,65.52806613514353,1
reaction,53700000000,53700.0,53725.90921,1781883689438069570,0,1,1,1,0,1,0.36470588235294116,0.00784313725490196,,65.64507917753915,1
reaction,53800000000,53800.0,53825.914651,1781883689538069570,0,1,1,1,0,1,0.43529411764705883,0.00784313725490196,,65.85475479356276,1
reaction,53900000000,53900.0,53925.902624,1781883689638069570,0,1,1,1,0,1,0.4470588235294118,0.00784313725490196,,66.07904255929556,1
reaction,54000000000,54000.0,54025.94892,1781883689738069570,0,1,1,1,0,1,0.4549019607843137,0.00784313725490196,,66.31253758406588,1
reaction,54100000000,54100.0,54125.428284,1781883689838069570,0,1,1,1,0,1,0.4627450980392157,0.00784313725490196,,66.55523730855603,1
reaction,54200000000,54200.0,54225.397046,1781883689938069570,0,1,1,1,0,1,0.41568627450980394,0.00784313725490196,,66.73167605361289,1
reaction,54300000000,54300.0,54325.930598,1781883690038069570,0,1,1,1,0,1,0.4117647058823529,0.00784313725490196,,66.90155099898021,1
reaction,54400000000,54400.0,54425.920691,1781883690138069570,0,1,1,1,0,1,0.40784313725490196,0.00784313725490196,,67.06492519639775,1
reaction,54500000000,54500.0,54525.906015,1781883690238069570,0,1,1,1,0,1,0.4117647058823529,0.00784313725490196,,67.23232305272764,1
reaction,54600000000,54600.0,54625.942067,1781883690338069570,0,1,1,1,0,1,0.44313725490196076,0.00784313725490196,,67.44102642431045,1
reaction,54700000000,54700.0,54725.598213,1781883690438069570,0,1,1,1,0,1,0.4627450980392157,0.00784313725490196,,67.67534062633803,1
reaction,54800000000,54800.0,54825.827212,1781883690538069570,0,1,1,1,0,2,0.4980392156862745,0.00784313725490196,,67.95792225462533,2
reaction,54900000000,54900.0,54925.8949,1781883690638069570,0,1,1,1,0,2,0.5254901960784314,0.00784313725490196,,68.2782760324068,2
reaction,55000000000,55000.0,55025.824525,1781883690738069570,0,1,1,1,0,2,0.5647058823529412,0.00784313725490196,,68.65471311417731,2
reaction,55100000000,55100.0,55125.790864,1781883690838069570,0,1,1,1,0,2,0.5607843137254902,0.00784313725490196,,69.02235597387046,2
reaction,55200000000,55200.0,55225.651023,1781883690938069570,0,1,1,1,0,2,0.5764705882352941,0.00784313725490196,,69.41101520774414,2
reaction,55300000000,55300.0,55325.914603,1781883691038069570,0,1,1,1,0,2,0.5843137254901961,0.00784313725490196,,69.80870584782544,2
reaction,55400000000,55400.0,55425.910036,1781883691138069570,0,1,1,1,0,2,0.5529411764705883,0.00784313725490196,,70.1556638305031,2
reaction,55500000000,55500.0,55525.958402,1781883691238069570,0,1,1,1,0,1,0.5058823529411764,0.00784313725490196,,70.43056476833334,1
reaction,55600000000,55600.0,55625.60924,1781883691338069570,0,1,1,1,0,1,0.4745098039215686,0.00784313725490196,,70.65849648938554,1
reaction,55700000000,55700.0,55726.044269,1781883691438069570,0,1,1,1,0,1,0.43529411764705883,0.00784313725490196,,70.83020839952498,1
reaction,55800000000,55800.0,55825.914401,1781883691538069570,0,1,1,1,0,1,0.43137254901960786,0.00784313725490196,,70.99522468865706,1
reaction,55900000000,55900.0,55925.9105,1781883691638069570,0,1,1,1,0,0,0.43137254901960786,0.00784313725490196,,71.15894078297399,0
reaction,56000000000,56000.0,56025.926658,1781883691738069570,0,1,1,1,0,0,0.42745098039215684,0.00784313725490196,,71.3160357709364,0
reaction,56100000000,56100.0,56125.834807,1781883691838069570,0,1,1,1,0,0,0.42745098039215684,0.00784313725490196,,71.47188730863621,0
reaction,56200000000,56200.0,56226.176349,1781883691938069570,0,1,1,1,0,0,0.4235294117647059,0.00784313725490196,,71.62119207887699,0
reaction,56300000000,56300.0,56325.36567,1781883692038069570,0,1,1,1,0,1,0.4235294117647059,0.00784313725490196,,71.76930993359882,1
reaction,56400000000,56400.0,56425.938051,1781883692138069570,0,1,1,1,0,1,0.41568627450980394,0.00784313725490196,,71.9056801100364,1
reaction,56500000000,56500.0,56526.182161,1781883692238069570,0,1,1,1,0,1,0.40784313725490196,0.00784313725490196,,72.03046490156406,1
reaction,56600000000,56600.0,56625.579421,1781883692338069570,0,1,1,1,0,1,0.403921568627451,0.00784313725490196,,72.14902998892136,1
reaction,56700000000,56700.0,56725.819797,1781883692438069570,0,1,1,1,0,1,0.4,0.00784313725490196,,72.26144122100692,1
reaction,56800000000,56800.0,56825.952227,1781883692538069570,0,1,1,1,0,2,0.4,0.00784313725490196,,72.37295059981498,2
reaction,56900000000,56900.0,56925.845728,1781883692638069570,0,1,1,1,0,2,0.4,0.00784313725490196,,72.48356397355715,2
reaction,57000000000,57000.0,57025.786718,1781883692738069570,0,1,1,1,0,2,0.4,0.00784313725490196,,72.59328717686681,2
reaction,57100000000,57100.0,57125.860967,1781883692838069570,0,1,1,1,0,2,0.047058823529411764,0.00784313725490196,,72.30630042481599,2
reaction,57200000000,57200.0,57225.914224,1781883692938069570,0,1,1,1,0,2,0.0,0.011764705882352941,,71.96557186802153,2
reaction,57300000000,57300.0,57325.8634,1781883693038069570,0,1,1,1,0,2,0.0,0.00784313725490196,,71.64169193310993,2
reaction,57400000000,57400.0,57425.683828,1781883693138069570,0,1,1,1,0,2,0.0,0.023529411764705882,,71.26392538281038,2
reaction,57500000000,57500.0,57525.900342,1781883693238069570,0,1,1,1,0,2,0.0,0.0196078431372549,,70.90327564412924,2
reaction,57600000000,57600.0,57625.84724,1781883693338069570,0,1,1,1,0,2,0.0,0.01568627450980392,,70.55959202827908,2
reaction,57700000000,57700.0,57725.599501,1781883693438069570,0,1,1,1,0,2,0.0,0.01568627450980392,,70.21860943853284,2
reaction,57800000000,57800.0,57825.885791,1781883693538069570,0,1,1,1,0,2,0.0,0.011764705882352941,,69.8944113244963,2
reaction,57900000000,57900.0,57925.824714,1781883693638069570,0,1,1,1,0,2,0.0,0.01568627450980392,,69.55861913990557,2
reaction,58000000000,58000.0,58025.812697,1781883693738069570,0,1,1,1,0,2,0.0,0.01568627450980392,,69.22542846852303,2
reaction,58100000000,58100.0,58126.071725,1781883693838069570,0,1,1,1,0,2,0.0,0.396078431372549,,67.5253950074346,2
reaction,58200000000,58200.0,58225.826684,1781883693938069570,0,1,1,1,0,2,0.0,0.403921568627451,,65.81004186199188,2
reaction,58300000000,58300.0,58325.936634,1781883694038069570,0,1,1,1,0,2,0.0,0.4470588235294118,,63.95210111895949,2
reaction,58400000000,58400.0,58425.912996,1781883694138069570,0,1,1,1,0,2,0.0,0.5764705882352941,,61.64167193256079,2
reaction,58500000000,58500.0,58525.917312,1781883694238069570,0,1,1,1,0,2,0.0,0.6666666666666666,,59.0226577259696,2
reaction,58600000000,58600.0,58625.905751,1781883694338069570,0,1,1,1,0,2,0.0,0.6901960784313725,,56.33649439222572,2
reaction,58700000000,58700.0,58725.865671,1781883694438069570,0,1,1,1,0,2,0.0,0.7215686274509804,,53.554605077824114,2
reaction,58800000000,58800.0,58825.93662,1781883694538069570,0,1,1,1,0,1,0.0,0.788235294117647,,50.549699367609385,1
reaction,58900000000,58900.0,58925.881006,1781883694638069570,0,1,1,1,0,1,0.0,0.9137254901960784,,47.110408041450405,1
reaction,59000000000,59000.0,59025.935236,1781883694738069570,0,1,1,1,0,1,0.0,0.9764705882352941,,43.4638944490349,1
reaction,59100000000,59100.0,59125.907601,1781883694838069570,0,1,1,1,0,1,0.0,0.9254901960784314,,40.019259180892725,1
reaction,59200000000,59200.0,59225.941007,1781883694938069570,0,1,1,1,0,1,0.0,0.8196078431372549,,36.97177643974375,1
reaction,59300000000,59300.0,59325.814448,1781883695038069570,0,1,1,1,0,1,0.0,0.7764705882352941,,34.09262275247944,1
reaction,59400000000,59400.0,59425.69807,1781883695138069570,0,1,1,1,0,1,0.0,0.788235294117647,,31.18248308664798,1
reaction,59500000000,59500.0,59525.750595,1781883695238069570,0,1,1,1,0,1,0.0,0.8117647058823529,,28.198190853724338,1
reaction,59600000000,59600.0,59625.822453,1781883695338069570,0,1,1,1,0,1,0.0,0.8352941176470589,,25.13903769867142,1
reaction,59700000000,59700.0,59725.690289,1781883695438069570,0,1,1,1,0,1,0.0,0.8588235294117647,,22.004243480766,1
reaction,59800000000,59800.0,59825.799605,1781883695538069570,0,1,1,1,0,1,0.0,0.8627450980392157,,18.86354186498255,1
reaction,59900000000,59900.0,59925.92036,1781883695638069570,0,1,1,1,0,1,0.0,0.8627450980392157,,15.729971000280711,1
reaction,60000000000,60000.0,60025.790758,1781883695738069570,0,1,1,1,0,1,0.0,0.8823529411764706,,12.531834190508214,1
reaction,60100000000,60100.0,60125.902943,1781883695838069570,0,1,1,1,0,1,0.0,0.9568627450980393,,9.070483482145361,1
reaction,60200000000,60200.0,60225.838775,1781883695938069570,0,1,1,1,0,1,0.0,0.9647058823529412,,5.585051546197002,1
reaction,60300000000,60300.0,60325.956897,1781883696038069570,0,1,1,1,0,1,0.0,0.9647058823529412,,2.102457436350099,1
reaction,60400000000,60400.0,60425.902498,1781883696138069570,0,1,1,1,0,1,0.0,0.9686274509803922,,0.0,1
reaction,60500000000,60500.0,60525.777904,1781883696238069570,0,1,1,1,0,1,0.0,0.9725490196078431,,0.0,1
reaction,60600000000,60600.0,60625.939373,1781883696338069570,0,1,1,1,0,1,0.0,1.0,,0.0,1
reaction,60700000000,60700.0,60725.581445,1781883696438069570,0,1,1,1,0,1,0.0,1.0,,0.0,1
reaction,60800000000,60800.0,60825.921681,1781883696538069570,0,1,1,1,0,1,0.0,1.0,,0.0,1
reaction,60900000000,60900.0,60925.91658,1781883696638069570,0,1,1,1,0,1,0.0,0.796078431372549,,0.0,1
reaction,61000000000,61000.0,61025.943418,1781883696738069570,0,1,1,1,0,1,0.0,0.0,,0.0,1
reaction,61100000000,61100.0,61125.89092,1781883696838069570,0,1,1,1,0,1,0.0,0.0,,0.0,1
reaction,61200000000,61200.0,61225.567654,1781883696938069570,0,1,1,1,0,1,1.0,0.0,,1.4320800000000002,1
reaction,61300000000,61300.0,61325.768104,1781883697038069570,0,1,1,1,0,1,1.0,0.0,,2.8640460637152003,1
reaction,61400000000,61400.0,61425.827763,1781883697138069570,0,1,1,1,0,1,1.0,0.0,,4.295670354834362,1
reaction,61500000000,61500.0,61525.825686,1781883697238069570,0,1,1,1,0,1,1.0,0.0,,5.726725200178952,1
reaction,61600000000,61600.0,61625.892273,1781883697338069570,0,1,1,1,0,1,1.0,0.0,,7.156983234539043,1
reaction,61700000000,61700.0,61725.845942,1781883697438069570,0,1,1,1,0,1,1.0,0.0,,8.586217545149072,1
reaction,61800000000,61800.0,61825.579837,1781883697538069570,0,1,1,1,0,1,0.9568627450980393,0.0,,9.928308943636052,1
reaction,61900000000,61900.0,61925.895812,1781883697638069570,0,1,1,1,0,1,0.6823529411764706,0.0,,10.772654489379843,1
reaction,62000000000,62000.0,62026.224263,1781883697738069570,0,1,1,1,0,1,0.6313725490196078,0.0,,11.533404771099944,1
reaction,62100000000,62100.0,62125.545523,1781883697838069570,0,1,1,1,0,1,0.6823529411764706,0.0,,12.375836533114082,1
reaction,62200000000,62200.0,62226.017587,1781883697938069570,0,1,1,1,0,1,0.7019607843137254,0.0,,13.249725078992691,1
tardy,62200000000,62200.0,62302.818476,1781883697938069570,1,0,0,0,1,,,,ACCEL,13.808052011511085,1
reaction,62300000000,62300.0,62325.933903,1781883698038069570,0,1,1,1,0,1,0.7607843137254902,0.0,,14.780241945228523,1
reaction,62400000000,62400.0,62425.896031,1781883698138069570,0,1,1,1,0,1,0.7607843137254902,0.0,,15.750887809412243,1
reaction,62500000000,62500.0,62525.776917,1781883698238069570,0,1,1,1,0,1,0.7529411764705882,0.0,,16.70627234134212,1
reaction,62600000000,62600.0,62625.921004,1781883698338069570,0,1,1,1,0,1,0.7411764705882353,0.0,,17.639644597056858,1
reaction,62700000000,62700.0,62725.879505,1781883698438069570,0,1,1,1,0,1,0.7254901960784313,0.0,,18.544431173224382,1
reaction,62800000000,62800.0,62825.890289,1781883698538069570,0,1,1,1,0,1,0.7490196078431373,0.0,,19.487712279902848,1
reaction,62900000000,62900.0,62925.884031,1781883698638069570,0,1,1,1,0,1,0.7490196078431373,0.0,,20.429000330894326,1
reaction,63000000000,63000.0,63025.893082,1781883698738069570,0,1,1,1,0,1,0.7372549019607844,0.0,,21.347964584689752,1
reaction,63100000000,63100.0,63125.922463,1781883698838069570,0,1,1,1,0,1,0.7490196078431373,0.0,,22.285032376680956,1
reaction,63200000000,63200.0,63225.620147,1781883698938069570,0,1,1,1,0,1,0.7607843137254902,0.0,,23.240224512194107,1
reaction,63300000000,63300.0,63325.835189,1781883699038069570,0,1,1,1,0,1,0.7490196078431373,0.0,,24.172604946214868,1
reaction,63400000000,63400.0,63425.899002,1781883699138069570,0,1,1,1,0,1,0.7450980392156863,0.0,,25.09576626381637,1
reaction,63500000000,63500.0,63525.889981,1781883699238069570,0,1,1,1,0,1,0.7529411764705882,0.0,,26.02994485032495,1
reaction,63600000000,63600.0,63625.905586,1781883699338069570,0,1,1,1,0,1,0.7647058823529411,0.0,,26.981919069787605,1
reaction,63700000000,63700.0,63726.020332,1781883699438069570,0,1,1,1,0,1,0.7529411764705882,0.0,,27.910640630056154,1
reaction,63800000000,63800.0,63825.679753,1781883699538069570,0,1,1,1,0,1,0.7529411764705882,0.0,,28.83652997345295,1
reaction,63900000000,63900.0,63925.923292,1781883699638069570,0,1,1,1,0,1,0.7215686274509804,0.0,,29.705749197174033,1
reaction,64000000000,64000.0,64025.87892,1781883699738069570,0,1,1,1,0,1,0.6705882352941176,0.0,,30.48721408111855,1
reaction,64100000000,64100.0,64125.96574,1781883699838069570,0,1,1,1,0,1,0.6666666666666666,0.0,,31.259656846539226,1
reaction,64200000000,64200.0,64225.470228,1781883699938069570,0,1,1,1,0,1,0.7058823529411765,0.0,,32.094335651567825,1
reaction,64300000000,64300.0,64325.821238,1781883700038069570,0,1,1,1,0,1,0.7294117647058823,0.0,,32.96585853428898,1
reaction,64400000000,64400.0,64425.855024,1781883700138069570,0,1,1,1,0,1,0.7372549019607844,0.0,,33.84763368950757,1
reaction,64500000000,64500.0,64525.891062,1781883700238069570,0,1,1,1,0,1,0.7450980392156863,0.0,,34.739609036192775,1
reaction,64600000000,64600.0,64625.858488,1781883700338069570,0,1,1,1,0,1,0.7411764705882353,0.0,,35.6214401307717,1
reaction,64700000000,64700.0,64725.947842,1781883700438069570,0,1,1,1,0,1,0.7411764705882353,0.0,,36.49982419418382,1
reaction,64800000000,64800.0,64825.993237,1781883700538069570,0,1,1,1,0,1,0.7450980392156863,0.0,,37.38143427087863,1
reaction,64900000000,64900.0,64925.836539,1781883700638069570,0,1,1,1,0,1,0.7450980392156863,0.0,,38.25942576635445,1
reaction,65000000000,65000.0,65025.826338,1781883700738069570,0,1,1,1,0,1,0.7490196078431373,0.0,,39.14049088789776,1
reaction,65100000000,65100.0,65125.902724,1781883700838069570,0,1,1,1,0,1,0.7529411764705882,0.0,,40.02454833315203,1
reaction,65200000000,65200.0,65225.772385,1781883700938069570,0,1,1,1,0,1,0.7607843137254902,0.0,,40.918332590818345,1
reaction,65300000000,65300.0,65325.855094,1781883701038069570,0,1,1,1,0,1,0.7686274509803922,0.0,,41.821783468703444,1
reaction,65400000000,65400.0,65425.783142,1781883701138069570,0,1,1,1,0,1,0.7803921568627451,0.0,,42.74174306992348,1
reaction,65500000000,65500.0,65525.9039,1781883701238069570,0,1,1,1,0,1,0.788235294117647,0.0,,43.67124370091359,1
reaction,65600000000,65600.0,65626.012485,1781883701338069570,0,1,1,1,0,1,0.7843137254901961,0.0,,44.58934171223133,1
reaction,65700000000,65700.0,65725.945177,1781883701438069570,0,1,1,1,0,1,0.7843137254901961,0.0,,45.50293795310764,1
reaction,65800000000,65800.0,65825.918949,1781883701538069570,0,1,1,1,0,1,0.7803921568627451,0.0,,46.40503889933538,1
reaction,65900000000,65900.0,65925.893473,1781883701638069570,0,1,1,1,0,2,0.7725490196078432,0.0,,47.28874160856512,2
reaction,66000000000,66000.0,66025.932341,1781883701738069570,0,1,1,1,0,2,0.7686274509803922,0.0,,48.16097497862196,2
reaction,66100000000,66100.0,66125.94435,1781883701838069570,0,1,1,1,0,2,0.7686274509803922,0.0,,49.028583102680464,2
reaction,66200000000,66200.0,66225.50211,1781883701938069570,0,1,1,1,0,2,0.7686274509803922,0.0,,49.89150664617426,2
reaction,66300000000,66300.0,66325.604922,1781883702038069570,0,1,1,1,0,2,0.7686274509803922,0.0,,50.749687941092006,2
reaction,66400000000,66400.0,66425.804189,1781883702138069570,0,1,1,1,0,2,0.7529411764705882,0.0,,51.57577023083669,2
reaction,66500000000,66500.0,66525.876904,1781883702238069570,0,1,1,1,0,2,0.7529411764705882,0.0,,52.39715645120438,2
reaction,66600000000,66600.0,66625.915497,1781883702338069570,0,1,1,1,0,2,0.7529411764705882,0.0,,53.21379811994607,2
reaction,66700000000,66700.0,66726.028062,1781883702438069570,0,1,1,1,0,1,0.7529411764705882,0.0,,54.02564832723341,1
reaction,66800000000,66800.0,66825.887607,1781883702538069570,0,1,1,1,0,1,0.7568627450980392,0.0,,54.839460352280625,1
reaction,66900000000,66900.0,66925.899004,1781883702638069570,0,1,1,1,0,1,0.7490196078431373,0.0,,55.63477087650404,1
reaction,67000000000,67000.0,67025.661769,1781883702738069570,0,1,1,1,0,0,0.7490196078431373,0.0,,56.42520021635236,0
reaction,67100000000,67100.0,67125.820357,1781883702838069570,0,1,1,1,0,0,0.7490196078431373,0.00392156862745098,,57.196591048643285,0
reaction,67200000000,67200.0,67225.959627,1781883702938069570,0,1,1,1,0,0,0.6823529411764706,0.0,,57.864665554992335,0
reaction,67300000000,67300.0,67325.812597,1781883703038069570,0,1,1,1,0,0,0.6666666666666666,0.0,,58.502727803892824,0
reaction,67400000000,67400.0,67425.851338,1781883703138069570,0,1,1,1,0,0,0.6862745098039216,0.0,,59.16888652604133,0
reaction,67500000000,67500.0,67525.954573,1781883703238069570,0,1,1,1,0,0,0.6941176470588235,0.0,,59.843702955999156,0
reaction,67600000000,67600.0,67625.887099,1781883703338069570,0,1,1,1,0,0,0.6980392156862745,0.0,,60.52059049955406,0
reaction,67700000000,67700.0,67725.916702,1781883703438069570,0,1,1,1,0,0,0.6980392156862745,0.0,,61.19295176027958,0
reaction,67800000000,67800.0,67825.514491,1781883703538069570,0,1,1,1,0,1,0.6980392156862745,0.0,,61.860766605965026,1
reaction,67900000000,67900.0,67925.857189,1781883703638069570,0,1,1,1,0,1,0.6980392156862745,0.0,,62.52401605720927,1
reaction,68000000000,68000.0,68025.579923,1781883703738069570,0,1,1,1,0,1,0.6980392156862745,0.0,,63.18268227851771,1
reaction,68100000000,68100.0,68125.588072,1781883703838069570,0,1,1,1,0,1,0.6588235294117647,0.0,,63.77221708104877,1
reaction,68200000000,68200.0,68225.431405,1781883703938069570,0,1,1,1,0,1,0.0,0.0,,63.53835843263585,1
reaction,68300000000,68300.0,68325.938424,1781883704038069570,0,1,1,1,0,1,0.0,0.0,,63.30615382195174,1
reaction,68400000000,68400.0,68425.945213,1781883704138069570,0,1,1,1,0,2,0.0,0.0,,63.07558553796682,2
reaction,68500000000,68500.0,68525.870111,1781883704238069570,0,1,1,1,0,2,0.0,0.0,,62.846636121802526,2
reaction,68600000000,68600.0,68625.903158,1781883704338069570,0,1,1,1,0,2,0.0,0.0,,62.619288362256626,2
reaction,68700000000,68700.0,68725.974203,1781883704438069570,0,1,1,1,0,2,0.0,0.0,,62.39352529142354,2
reaction,68800000000,68800.0,68825.773959,1781883704538069570,0,1,1,1,0,2,0.0,0.0,,62.16933018040734,2
reaction,68900000000,68900.0,68925.983831,1781883704638069570,0,1,1,1,0,2,0.0,0.0,,61.94668653512509,2
reaction,69000000000,69000.0,69025.582408,1781883704738069570,0,1,1,1,0,2,0.0,0.0,,61.72557809219836,2
reaction,69100000000,69100.0,69125.679452,1781883704838069570,0,1,1,1,0,1,0.0,0.0,,61.5059888149308,1
reaction,69200000000,69200.0,69225.700876,1781883704938069570,0,1,1,1,0,1,0.0,0.0,,61.287902889369555,1
reaction,69300000000,69300.0,69325.528881,1781883705038069570,0,1,1,1,0,1,0.0,0.0,,61.07130472044862,1
reaction,69400000000,69400.0,69425.686042,1781883705138069570,0,1,1,1,0,0,0.0,0.0,,60.856178928212074,0
reaction,69500000000,69500.0,69525.91988,1781883705238069570,0,1,1,1,0,0,0.0,0.0,,60.642510344115266,0
reaction,69600000000,69600.0,69625.481771,1781883705338069570,0,1,1,1,0,0,0.0,0.0,,60.43028400740215,0
reaction,69700000000,69700.0,69725.774337,1781883705438069570,0,1,1,1,0,0,0.0,0.0,,60.219485161556854,0
reaction,69800000000,69800.0,69825.932126,1781883705538069570,0,1,1,1,0,0,0.0,0.0,,60.01009925082779,0
reaction,69900000000,69900.0,69925.778458,1781883705638069570,0,1,1,1,0,0,0.0,0.0,,59.802111916822554,0
reaction,70000000000,70000.0,70025.840383,1781883705738069570,0,1,1,1,0,0,0.0,0.0,,59.595508995171876,0
reaction,70100000000,70100.0,70125.900225,1781883705838069570,0,1,1,1,0,0,0.0,0.0,,59.39027651226112,0
reaction,70200000000,70200.0,70225.903217,1781883705938069570,0,1,1,1,0,0,0.0,0.0,,59.186400682027624,0
reaction,70300000000,70300.0,70325.934708,1781883706038069570,0,1,1,1,0,0,0.0,0.0,,58.983867902822425,0
reaction,70400000000,70400.0,70425.878471,1781883706138069570,0,1,1,1,0,0,0.0,0.0,,58.78266475433478,0
reaction,70500000000,70500.0,70525.917103,1781883706238069570,0,1,1,1,0,0,0.0,0.0,,58.58277799457808,0
reaction,70600000000,70600.0,70625.965936,1781883706338069570,0,1,1,1,0,1,0.0,0.0,,58.38419455693574,1
reaction,70700000000,70700.0,70725.477284,1781883706438069570,0,1,1,1,0,1,0.0,0.0,,58.18690154726563,1
reaction,70800000000,70800.0,70825.790478,1781883706538069570,0,1,1,1,0,1,0.0,0.0,,57.99088624106167,1
reaction,70900000000,70900.0,70925.921315,1781883706638069570,0,1,1,1,0,1,0.0,0.0,,57.79613608067146,1
reaction,71000000000,71000.0,71025.788098,1781883706738069570,0,1,1,1,0,1,0.0,0.0,,57.60263867256838,1
reaction,71100000000,71100.0,71125.878217,1781883706838069570,0,1,1,1,0,1,0.0,0.0,,57.41038178467713,1
reaction,71200000000,71200.0,71225.937439,1781883706938069570,0,1,1,1,0,1,0.0,0.00392156862745098,,57.20523569669262,1
reaction,71300000000,71300.0,71325.698834,1781883707038069570,0,1,1,1,0,0,0.0,0.00392156862745098,,57.00139588346079,0
reaction,71400000000,71400.0,71425.885763,1781883707138069570,0,1,1,1,0,0,0.0,0.00784313725490196,,56.78473174863964,0
reaction,71500000000,71500.0,71525.903886,1781883707238069570,0,1,1,1,0,0,0.0,0.00392156862745098,,56.58355489270499,0
reaction,71600000000,71600.0,71625.888502,1781883707338069570,0,1,1,1,0,0,0.0,0.00392156862745098,,56.38364509651862,0
reaction,71700000000,71700.0,71725.904212,1781883707438069570,0,1,1,1,0,0,0.0,0.00784313725490196,,56.17087227826929,0
reaction,71800000000,71800.0,71825.91618,1781883707538069570,0,1,1,1,0,0,0.0,0.01568627450980392,,55.93119464045058,0
reaction,71900000000,71900.0,71925.969555,1781883707638069570,0,1,1,1,0,0,0.0,0.023529411764705882,,55.66477439510275,0
reaction,72000000000,72000.0,72025.86367,1781883707738069570,0,1,1,1,0,0,0.0,0.03137254901960784,,55.37177060149562,0
reaction,72100000000,72100.0,72125.833281,1781883707838069570,0,1,1,1,0,0,0.0,0.047058823529411764,,55.02410367125948,0
reaction,72200000000,72200.0,72225.531759,1781883707938069570,0,1,1,1,0,0,0.0,0.054901960784313725,,54.650333724390094,0
reaction,72300000000,72300.0,72325.758828,1781883708038069570,0,1,1,1,0,0,0.0,0.06274509803921569,,54.25060587277185,0
reaction,72400000000,72400.0,72425.905818,1781883708138069570,0,1,1,1,0,0,0.0,0.08627450980392157,,53.76859051316869,0
reaction,72500000000,72500.0,72525.859641,1781883708238069570,0,1,1,1,0,0,0.0,0.25098039215686274,,52.69652658330549,0
reaction,72600000000,72600.0,72625.919378,1781883708338069570,0,1,1,1,0,0,0.0,0.7215686274509804,,49.936685973707235,0
reaction,72700000000,72700.0,72725.506044,1781883708438069570,0,1,1,1,0,0,0.0,0.8666666666666667,,46.6702286067052,0
reaction,72800000000,72800.0,72825.949793,1781883708538069570,0,1,1,1,0,0,0.0,0.8705882352941177,,43.40718483530181,0
reaction,72900000000,72900.0,72925.897845,1781883708638069570,0,1,1,1,0,0,0.0,0.9215686274509803,,39.97694090451573,0
reaction,73000000000,73000.0,73025.897251,1781883708738069570,0,1,1,1,0,0,0.0,0.9215686274509803,,36.562587412132025,0
reaction,73100000000,73100.0,73125.887789,1781883708838069570,0,1,1,1,0,0,0.0,0.9254901960784314,,33.14863477301246,0
reaction,73200000000,73200.0,73226.059955,1781883708938069570,0,1,1,1,0,0,0.0,1.0,,29.479668551494985,0
reaction,73300000000,73300.0,73325.915943,1781883709038069570,0,1,1,1,0,0,0.0,1.0,,25.823467948277983,0
reaction,73400000000,73400.0,73425.953024,1781883709138069570,0,1,1,1,0,0,0.0,1.0,,22.178500642895997,0
reaction,73500000000,73500.0,73525.916157,1781883709238069570,0,1,1,1,0,0,0.0,1.0,,18.5432536489645,0
reaction,73600000000,73600.0,73625.84553,1781883709338069570,0,1,1,1,0,0,0.0,1.0,,14.916230745859508,0
reaction,73700000000,73700.0,73725.671845,1781883709438069570,0,1,1,1,0,0,0.0,1.0,,11.295949971433744,0
reaction,73800000000,73800.0,73825.446093,1781883709538069570,0,1,1,1,0,0,0.0,1.0,,7.6809411666694585,0
reaction,73900000000,73900.0,73925.910578,1781883709638069570,0,1,1,1,0,0,0.0,1.0,,4.069743563491356,0
reaction,74000000000,74000.0,74025.767922,1781883709738069570,0,1,1,1,0,0,0.0,1.0,,0.4609034072317674,0
reaction,74100000000,74100.0,74125.628534,1781883709838069570,0,1,1,1,0,0,0.0,1.0,,0.0,0
reaction,74200000000,74200.0,74226.120477,1781883709938069570,0,1,1,1,0,0,0.0,1.0,,0.0,0
reaction,74300000000,74300.0,74325.680486,1781883710038069570,0,1,1,1,0,0,0.0,1.0,,0.0,0
reaction,74400000000,74400.0,74425.626165,1781883710138069570,0,1,1,1,0,0,0.0,1.0,,0.0,0
reaction,74500000000,74500.0,74525.622456,1781883710238069570,0,1,1,1,0,0,0.0,1.0,,0.0,0
reaction,74600000000,74600.0,74625.493551,1781883710338069570,0,1,1,1,0,0,0.0,1.0,,0.0,0
reaction,74700000000,74700.0,74725.362614,1781883710438069570,0,1,1,1,0,0,0.0,1.0,,0.0,0
reaction,74800000000,74800.0,74825.48948,1781883710538069570,0,1,1,1,0,0,0.0,1.0,,0.0,0
reaction,74900000000,74900.0,74925.507526,1781883710638069570,0,1,1,1,0,0,0.0,1.0,,0.0,0
reaction,75000000000,75000.0,75025.491833,1781883710738069570,0,1,1,1,0,0,0.0,1.0,,0.0,0
reaction,75100000000,75100.0,75125.463423,1781883710838069570,0,1,1,1,0,0,0.0,1.0,,0.0,0
reaction,75200000000,75200.0,75225.366844,1781883710938069570,0,1,1,1,0,0,0.0,1.0,,0.0,0
reaction,75300000000,75300.0,75325.563297,1781883711038069570,0,1,1,1,0,0,0.0,1.0,,0.0,0
reaction,75400000000,75400.0,75425.56431,1781883711138069570,0,1,1,1,0,0,0.0,1.0,,0.0,0
reaction,75500000000,75500.0,75525.45102,1781883711238069570,0,1,1,1,0,1,0.0,1.0,,0.0,1
reaction,75600000000,75600.0,75625.527638,1781883711338069570,0,1,1,1,0,1,0.0,1.0,,0.0,1
reaction,75700000000,75700.0,75725.527503,1781883711438069570,0,1,1,1,0,1,0.0,1.0,,0.0,1
reaction,75800000000,75800.0,75825.536392,1781883711538069570,0,1,1,1,0,1,0.0,1.0,,0.0,1
reaction,75900000000,75900.0,75925.621805,1781883711638069570,0,1,1,1,0,1,0.0,1.0,,0.0,1
reaction,76000000000,76000.0,76025.601593,1781883711738069570,0,1,1,1,0,1,0.0,1.0,,0.0,1
reaction,76100000000,76100.0,76125.312287,1781883711838069570,0,1,1,1,0,1,0.0,1.0,,0.0,1
reaction,76200000000,76200.0,76225.291895,1781883711938069570,0,1,1,1,0,1,0.0,1.0,,0.0,1
reaction,76300000000,76300.0,76325.532371,1781883712038069570,0,1,1,1,0,1,0.0,1.0,,0.0,1
reaction,76400000000,76400.0,76425.515181,1781883712138069570,0,1,1,1,0,1,0.0,1.0,,0.0,1
reaction,76500000000,76500.0,76525.535104,1781883712238069570,0,1,1,1,0,1,0.0,1.0,,0.0,1
reaction,76600000000,76600.0,76625.594928,1781883712338069570,0,1,1,1,0,1,0.0,1.0,,0.0,1
reaction,76700000000,76700.0,76725.337488,1781883712438069570,0,1,1,1,0,1,0.0,1.0,,0.0,1
reaction,76800000000,76800.0,76825.583987,1781883712538069570,0,1,1,1,0,1,0.0,1.0,,0.0,1
reaction,76900000000,76900.0,76925.540273,1781883712638069570,0,1,1,1,0,1,0.0,1.0,,0.0,1
reaction,77000000000,77000.0,77025.625575,1781883712738069570,0,1,1,1,0,1,0.0,1.0,,0.0,1
reaction,77100000000,77100.0,77125.558895,1781883712838069570,0,1,1,1,0,1,0.0,1.0,,0.0,1
reaction,77200000000,77200.0,77225.524874,1781883712938069570,0,1,1,1,0,1,0.0,1.0,,0.0,1
reaction,77300000000,77300.0,77325.508582,1781883713038069570,0,1,1,1,0,1,0.0,0.9215686274509803,,0.0,1
reaction,77400000000,77400.0,77425.579144,1781883713138069570,0,1,1,1,0,1,0.0,0.7843137254901961,,0.0,1
reaction,77500000000,77500.0,77525.583553,1781883713238069570,0,1,1,1,0,1,0.0,0.5450980392156862,,0.0,1
reaction,77600000000,77600.0,77625.480372,1781883713338069570,0,1,1,1,0,1,0.0,0.5137254901960784,,0.0,1
reaction,77700000000,77700.0,77725.42112,1781883713438069570,0,1,1,1,0,1,0.0,0.5176470588235295,,0.0,1
reaction,77800000000,77800.0,77825.622788,1781883713538069570,0,1,1,1,0,1,0.0,0.5176470588235295,,0.0,1
reaction,77900000000,77900.0,77925.54682,1781883713638069570,0,1,1,1,0,1,0.0,0.4549019607843137,,0.0,1
reaction,78000000000,78000.0,78025.530284,1781883713738069570,0,1,1,1,0,1,0.0,0.3333333333333333,,0.0,1
reaction,78100000000,78100.0,78125.576758,1781883713838069570,0,1,1,1,0,1,0.0,0.1803921568627451,,0.0,1
reaction,78200000000,78200.0,78225.478249,1781883713938069570,0,1,1,1,0,1,0.0,0.054901960784313725,,0.0,1
reaction,78300000000,78300.0,78325.545285,1781883714038069570,0,1,1,1,0,1,0.0,0.023529411764705882,,0.0,1
reaction,78400000000,78400.0,78425.583345,1781883714138069570,0,1,1,1,0,1,0.0,0.023529411764705882,,0.0,1
reaction,78500000000,78500.0,78525.597303,1781883714238069570,0,1,1,1,0,1,0.13725490196078433,0.023529411764705882,,0.036813564013840845,1
reaction,78600000000,78600.0,78625.582428,1781883714338069570,0,1,1,1,0,1,0.8666666666666667,0.023529411764705882,,1.1256276063698725,1
reaction,78700000000,78700.0,78725.391344,1781883714438069570,0,1,1,1,0,1,0.9725490196078431,0.023529411764705882,,2.4180242050165712,1
reaction,78800000000,78800.0,78825.274442,1781883714538069570,0,1,1,1,0,1,0.9764705882352941,0.023529411764705882,,3.7179570967764337,1
reaction,78900000000,78900.0,78925.628414,1781883714638069570,0,1,1,1,0,0,0.9882352941176471,0.023529411764705882,,5.040925334716201,0
reaction,79000000000,79000.0,79025.305769,1781883714738069570,0,1,1,1,0,0,0.9882352941176471,0.023529411764705882,,6.3632498102528166,0
reaction,79100000000,79100.0,79125.681479,1781883714838069570,0,1,1,1,0,0,0.9882352941176471,0.023529411764705882,,7.6847365069051286,0
reaction,79200000000,79200.0,79225.23301,1781883714938069570,0,1,1,1,0,0,0.9882352941176471,0.023529411764705882,,9.00519185761117,0
tardy,79200000000,79200.0,79301.379932,1781883714938069570,1,0,0,0,1,,,,ACCEL,9.568766664256037,0
tardy,79200000000,79200.0,79301.895758,1781883714938069570,2,0,0,0,1,,,,ACCEL,10.131759925618537,0
reaction,79300000000,79300.0,79325.550124,1781883715038069570,0,1,1,1,0,0,0.984313725490196,0.023529411764705882,,11.441949324002618,0
reaction,79400000000,79400.0,79425.511029,1781883715138069570,0,1,1,1,0,0,0.9882352941176471,0.023529411764705882,,12.758412284200185,0
reaction,79500000000,79500.0,79525.630687,1781883715238069570,0,1,1,1,0,0,0.9490196078431372,0.027450980392156862,,13.981346137087549,0
reaction,79600000000,79600.0,79625.55026,1781883715338069570,0,1,1,1,0,1,0.0,0.01568627450980392,,13.906095657751974,1
reaction,79700000000,79700.0,79725.402886,1781883715438069570,0,1,1,1,0,1,0.0,0.011764705882352941,,13.845079411217585,1
tardy,79700000000,79700.0,79801.442611,1781883715438069570,1,0,0,0,1,,,,ACCEL,14.40251017655631,1
tardy,79700000000,79700.0,79802.171382,1781883715438069570,2,0,0,0,1,,,,ACCEL,14.959066159923765,1
reaction,79800000000,79800.0,79825.422824,1781883715538069570,0,1,1,1,0,1,0.0,0.6627450980392157,,12.552831936961644,1
reaction,79900000000,79900.0,79925.697149,1781883715638069570,0,1,1,1,0,1,0.0,0.6196078431372549,,10.305569613354328,1
reaction,80000000000,80000.0,80025.517962,1781883715738069570,0,1,1,1,0,1,0.0,0.8941176470588236,,7.072925819217247,1
reaction,80100000000,80100.0,80125.375946,1781883715838069570,0,1,1,1,0,1,0.0,1.0,,3.4622265814592375,1
reaction,80200000000,80200.0,80225.38987,1781883715938069570,0,1,1,1,0,1,0.0,0.8901960784313725,,0.24893475394510928,1
tardy,80200000000,80200.0,80296.212968,1781883715938069570,1,0,0,0,1,,,,ACCEL,0.8170113112500137,1
reaction,80300000000,80300.0,80325.55102,1781883716038069570,0,1,1,1,0,1,0.0,0.8352941176470589,,0.0,1
reaction,80400000000,80400.0,80425.666312,1781883716138069570,0,1,1,1,0,1,0.0,0.8352941176470589,,0.0,1
reaction,80500000000,80500.0,80525.526178,1781883716238069570,0,1,1,1,0,1,0.0,0.8274509803921568,,0.0,1
reaction,80600000000,80600.0,80625.570229,1781883716338069570,0,1,1,1,0,1,0.0,0.8196078431372549,,0.0,1
reaction,80700000000,80700.0,80725.364382,1781883716438069570,0,1,1,1,0,2,0.0,0.8196078431372549,,0.0,2
tardy,80700000000,80700.0,80793.199452,1781883716438069570,1,0,0,0,1,,,,ACCEL,0.5680800000000001,2
reaction,80800000000,80800.0,80825.476003,1781883716538069570,0,1,1,1,0,2,0.0,0.8196078431372549,,0.0,2
reaction,80900000000,80900.0,80925.615908,1781883716638069570,0,1,1,1,0,2,0.0,0.8196078431372549,,0.0,2
reaction,81000000000,81000.0,81025.645067,1781883716738069570,0,1,1,1,0,2,0.0,0.6705882352941176,,0.0,2
reaction,81100000000,81100.0,81125.540593,1781883716838069570,0,1,1,1,0,2,0.0,0.2784313725490196,,0.0,2
reaction,81200000000,81200.0,81225.422525,1781883716938069570,0,1,1,1,0,2,0.0,0.047058823529411764,,0.0,2
reaction,81300000000,81300.0,81325.518978,1781883717038069570,0,1,1,1,0,2,0.0,0.0196078431372549,,0.0,2
reaction,81400000000,81400.0,81425.634906,1781883717138069570,0,1,1,1,0,2,0.0,0.01568627450980392,,0.0,2
reaction,81500000000,81500.0,81525.463105,1781883717238069570,0,1,1,1,0,2,0.0,0.01568627450980392,,0.0,2
reaction,81600000000,81600.0,81625.761456,1781883717338069570,0,1,1,1,0,2,0.6196078431372549,0.01568627450980392,,0.692084982698962,2
reaction,81700000000,81700.0,81725.551665,1781883717438069570,0,1,1,1,0,2,0.9019607843137255,0.01568627450980392,,1.8755570577298875,2
reaction,81800000000,81800.0,81825.573128,1781883717538069570,0,1,1,1,0,2,0.9333333333333333,0.01568627450980392,,3.1191310409236603,2
reaction,81900000000,81900.0,81925.461999,1781883717638069570,0,1,1,1,0,2,0.9333333333333333,0.01568627450980392,,4.362359953885563,2
reaction,82000000000,82000.0,82025.523291,1781883717738069570,0,1,1,1,0,2,0.9372549019607843,0.01568627450980392,,5.612685697199262,2
reaction,82100000000,82100.0,82125.553359,1781883717838069570,0,1,1,1,0,2,0.9372549019607843,0.01568627450980392,,6.8623185484925004,2
reaction,82200000000,82200.0,82225.527587,1781883717938069570,0,1,1,1,0,2,0.9372549019607843,0.01568627450980392,,8.111085334500993,2
reaction,82300000000,82300.0,82325.600354,1781883718038069570,0,1,1,1,0,2,0.9372549019607843,0.01568627450980392,,9.358813326651566,2
reaction,82400000000,82400.0,82425.579648,1781883718138069570,0,1,1,1,0,2,0.6980392156862745,0.0196078431372549,,10.159206045834722,2
reaction,82500000000,82500.0,82525.46639,1781883718238069570,0,1,1,1,0,2,0.043137254901960784,0.01568627450980392,,10.127424020440216,2
reaction,82600000000,82600.0,82625.575969,1781883718338069570,0,1,1,1,0,2,0.14901960784313725,0.01568627450980392,,10.19887947540047,2
reaction,82700000000,82700.0,82725.560821,1781883718438069570,0,1,1,1,0,2,0.13725490196078433,0.01568627450980392,,10.258149603390084,2
tardy,82700000000,82700.0,82796.943222,1781883718438069570,1,0,0,0,1,,,,ACCEL,10.820383512651999,2
reaction,82800000000,82800.0,82825.673005,1781883718538069570,0,1,1,1,0,2,0.2549019607843137,0.01568627450980392,,11.007149340772857,2
reaction,82900000000,82900.0,82925.502109,1781883718638069570,0,1,1,1,0,2,0.0,0.01568627450980392,,10.93602778939256,2
reaction,83000000000,83000.0,83025.499292,1781883718738069570,0,1,1,1,0,2,0.0,0.01568627450980392,,10.864992939834467,2
reaction,83100000000,83100.0,83125.578411,1781883718838069570,0,1,1,1,0,2,0.0,0.01568627450980392,,10.794044125400136,2
reaction,83200000000,83200.0,83225.382009,1781883718938069570,0,1,1,1,0,1,0.0,1.0,,7.179651270478964,1
tardy,83200000000,83200.0,83301.13482,1781883718938069570,1,0,0,0,1,,,,ACCEL,7.744867526458648,1
reaction,83300000000,83300.0,83325.443916,1781883719038069570,0,1,1,1,0,1,0.0,1.0,,4.133615139069626,1
reaction,83400000000,83400.0,83425.67536,1781883719138069570,0,1,1,1,0,1,0.0,1.0,,0.5247458738408509,1
reaction,83500000000,83500.0,83525.64704,1781883719238069570,0,1,1,1,0,1,0.0,1.0,,0.0,1
reaction,83600000000,83600.0,83625.556898,1781883719338069570,0,1,1,1,0,1,0.0,1.0,,0.0,1
reaction,83700000000,83700.0,83725.306758,1781883719438069570,0,1,1,1,0,1,0.0,1.0,,0.0,1
tardy,83700000000,83700.0,83791.934864,1781883719438069570,1,0,0,0,1,,,,ACCEL,0.5680800000000001,1
reaction,83800000000,83800.0,83825.507173,1781883719538069570,0,1,1,1,0,1,0.0,1.0,,0.0,1
reaction,83900000000,83900.0,83925.603582,1781883719638069570,0,1,1,1,0,1,0.0,1.0,,0.0,1
reaction,84000000000,84000.0,84025.519317,1781883719738069570,0,1,1,1,0,1,0.0,1.0,,0.0,1
reaction,84100000000,84100.0,84125.65977,1781883719838069570,0,1,1,1,0,1,0.0,1.0,,0.0,1
reaction,84200000000,84200.0,84225.467616,1781883719938069570,0,1,1,1,0,1,0.0,1.0,,0.0,1
reaction,84300000000,84300.0,84325.474649,1781883720038069570,0,1,1,1,0,1,0.0,1.0,,0.0,1
reaction,84400000000,84400.0,84425.556065,1781883720138069570,0,1,1,1,0,1,0.0,1.0,,0.0,1
reaction,84500000000,84500.0,84525.478358,1781883720238069570,0,1,1,1,0,1,0.0,1.0,,0.0,1
reaction,84600000000,84600.0,84625.497095,1781883720338069570,0,1,1,1,0,1,0.0,1.0,,0.0,1
reaction,84700000000,84700.0,84725.405878,1781883720438069570,0,1,1,1,0,1,0.0,1.0,,0.0,1
reaction,84800000000,84800.0,84825.561474,1781883720538069570,0,1,1,1,0,1,0.0,1.0,,0.0,1
reaction,84900000000,84900.0,84925.758146,1781883720638069570,0,1,1,1,0,1,0.0,1.0,,0.0,1
reaction,85000000000,85000.0,85025.858298,1781883720738069570,0,1,1,1,0,1,0.0,1.0,,0.0,1
reaction,85100000000,85100.0,85125.828185,1781883720838069570,0,1,1,1,0,1,0.0,1.0,,0.0,1
reaction,85200000000,85200.0,85225.933964,1781883720938069570,0,1,1,1,0,1,0.0,1.0,,0.0,1
reaction,85300000000,85300.0,85326.028366,1781883721038069570,0,1,1,1,0,1,0.0,1.0,,0.0,1
reaction,85400000000,85400.0,85425.982581,1781883721138069570,0,1,1,1,0,1,0.0,1.0,,0.0,1
reaction,85500000000,85500.0,85525.909768,1781883721238069570,0,1,1,1,0,1,0.0,1.0,,0.0,1
reaction,85600000000,85600.0,85625.834775,1781883721338069570,0,1,1,1,0,1,0.0,1.0,,0.0,1
reaction,85700000000,85700.0,85725.337091,1781883721438069570,0,1,1,1,0,1,0.0,1.0,,0.0,1
reaction,85800000000,85800.0,85825.859417,1781883721538069570,0,1,1,1,0,1,0.0,1.0,,0.0,1
reaction,85900000000,85900.0,85925.756607,1781883721638069570,0,1,1,1,0,1,0.0,1.0,,0.0,1
reaction,86000000000,86000.0,86025.921987,1781883721738069570,0,1,1,1,0,1,0.0,1.0,,0.0,1
reaction,86100000000,86100.0,86125.898291,1781883721838069570,0,1,1,1,0,1,0.0,1.0,,0.0,1
reaction,86200000000,86200.0,86225.970735,1781883721938069570,0,1,1,1,0,1,0.0,1.0,,0.0,1
reaction,86300000000,86300.0,86325.854362,1781883722038069570,0,1,1,1,0,1,0.0,1.0,,0.0,1
reaction,86400000000,86400.0,86425.961895,1781883722138069570,0,1,1,1,0,1,0.0,0.996078431372549,,0.0,1
reaction,86500000000,86500.0,86525.917725,1781883722238069570,0,1,1,1,0,1,0.0,0.9647058823529412,,0.0,1
reaction,86600000000,86600.0,86625.773736,1781883722338069570,0,1,1,1,0,1,0.0,0.7803921568627451,,0.0,1
reaction,86700000000,86700.0,86725.720875,1781883722438069570,0,1,1,1,0,1,0.0,0.6196078431372549,,0.0,1
reaction,86800000000,86800.0,86825.822081,1781883722538069570,0,1,1,1,0,1,0.0,0.5686274509803921,,0.0,1
reaction,86900000000,86900.0,86925.853544,1781883722638069570,0,1,1,1,0,1,0.0,0.5607843137254902,,0.0,1
reaction,87000000000,87000.0,87025.674082,1781883722738069570,0,1,1,1,0,1,0.0,0.5607843137254902,,0.0,1
reaction,87100000000,87100.0,87126.054568,1781883722838069570,0,1,1,1,0,1,0.0,0.5450980392156862,,0.0,1
reaction,87200000000,87200.0,87225.900059,1781883722938069570,0,1,1,1,0,1,0.0,0.49411764705882355,,0.0,1
reaction,87300000000,87300.0,87325.771184,1781883723038069570,0,1,1,1,0,1,0.0,0.49019607843137253,,0.0,1
reaction,87400000000,87400.0,87425.909887,1781883723138069570,0,1,1,1,0,1,0.0,0.49019607843137253,,0.0,1
reaction,87500000000,87500.0,87525.917904,1781883723238069570,0,1,1,1,0,1,0.0,0.49411764705882355,,0.0,1
reaction,87600000000,87600.0,87625.628654,1781883723338069570,0,1,1,1,0,1,0.0,0.5176470588235295,,0.0,1
reaction,87700000000,87700.0,87725.473466,1781883723438069570,0,1,1,1,0,1,0.0,0.5450980392156862,,0.0,1
reaction,87800000000,87800.0,87825.775567,1781883723538069570,0,1,1,1,0,1,0.0,0.5529411764705883,,0.0,1
reaction,87900000000,87900.0,87926.298331,1781883723638069570,0,1,1,1,0,1,0.0,0.5607843137254902,,0.0,1
reaction,88000000000,88000.0,88026.112893,1781883723738069570,0,1,1,1,0,1,0.0,0.5725490196078431,,0.0,1
reaction,88100000000,88100.0,88125.797751,1781883723838069570,0,1,1,1,0,1,0.0,0.5764705882352941,,0.0,1
reaction,88200000000,88200.0,88226.04782,1781883723938069570,0,1,1,1,0,1,0.0,0.5764705882352941,,0.0,1
reaction,88300000000,88300.0,88325.944174,1781883724038069570,0,1,1,1,0,1,0.0,0.47058823529411764,,0.0,1
reaction,88400000000,88400.0,88425.916629,1781883724138069570,0,1,1,1,0,1,0.0,0.32941176470588235,,0.0,1
reaction,88500000000,88500.0,88525.8903,1781883724238069570,0,1,1,1,0,1,0.0,0.32941176470588235,,0.0,1
reaction,88600000000,88600.0,88625.923979,1781883724338069570,0,1,1,1,0,1,0.0,0.32941176470588235,,0.0,1
reaction,88700000000,88700.0,88725.49691,1781883724438069570,0,1,1,1,0,1,0.0,0.32941176470588235,,0.0,1
reaction,88800000000,88800.0,88825.435143,1781883724538069570,0,1,1,1,0,1,0.0,0.07058823529411765,,0.0,1
reaction,88900000000,88900.0,88925.906303,1781883724638069570,0,1,1,1,0,1,0.0,0.01568627450980392,,0.0,1
reaction,89000000000,89000.0,89026.053373,1781883724738069570,0,1,1,1,0,1,0.0,0.01568627450980392,,0.0,1
reaction,89100000000,89100.0,89125.847972,1781883724838069570,0,1,1,1,0,1,0.0,0.011764705882352941,,0.0,1
reaction,89200000000,89200.0,89225.942957,1781883724938069570,0,1,1,1,0,1,0.0,0.011764705882352941,,0.0,1
tardy,89200000000,89200.0,89302.393468,1781883724938069570,1,0,0,0,1,,,,ACCEL,0.5680800000000001,1
reaction,89300000000,89300.0,89325.89959,1781883725038069570,0,1,1,1,0,1,0.0,0.011764705882352941,,0.5177891302187295,1
reaction,89400000000,89400.0,89425.687651,1781883725138069570,0,1,1,1,0,1,0.0,0.011764705882352941,,0.46750129428762704,1
reaction,89500000000,89500.0,89525.843829,1781883725238069570,0,1,1,1,0,1,0.0,0.011764705882352941,,0.4172162110300364,1
reaction,89600000000,89600.0,89625.843893,1781883725338069570,0,1,1,1,0,1,0.0,0.011764705882352941,,0.36693359933319103,1
reaction,89700000000,89700.0,89725.958353,1781883725438069570,0,1,1,1,0,1,0.0,0.011764705882352941,,0.3166531781419249,1
reaction,89800000000,89800.0,89825.901644,1781883725538069570,0,1,1,1,0,1,0.0,0.011764705882352941,,0.2663746664523861,1
reaction,89900000000,89900.0,89925.750315,1781883725638069570,0,1,1,1,0,1,0.0,0.011764705882352941,,0.21609778330575286,1
reaction,90000000000,90000.0,90025.933275,1781883725738069570,0,1,1,1,0,1,0.0,0.011764705882352941,,0.16582224778195173,1
reaction,90100000000,90100.0,90125.868206,1781883725838069570,0,1,1,1,0,1,0.0,0.011764705882352941,,0.11554777899337783,1
reaction,90200000000,90200.0,90225.528784,1781883725938069570,0,1,1,1,0,1,0.0,0.011764705882352941,,0.06527409607861667,1
tardy,90200000000,90200.0,90301.732403,1781883725938069570,1,0,0,0,1,,,,ACCEL,0.6333538593726379,1
reaction,90300000000,90300.0,90325.772097,1781883726038069570,0,1,1,1,0,1,0.0,0.011764705882352941,,0.5830586328011016,1
reaction,90400000000,90400.0,90425.9158,1781883726138069570,0,1,1,1,0,1,0.0,0.011764705882352941,,0.5327668051041152,1
reaction,90500000000,90500.0,90525.89878,1781883726238069570,0,1,1,1,0,1,0.0,0.011764705882352941,,0.48247809501272126,1
reaction,90600000000,90600.0,90625.736179,1781883726338069570,0,1,1,1,0,1,0.0,0.011764705882352941,,0.43219222133001917,1
reaction,90700000000,90700.0,90725.886635,1781883726438069570,0,1,1,1,0,1,0.0,0.011764705882352941,,0.381908902924872,1
reaction,90800000000,90800.0,90825.785661,1781883726538069570,0,1,1,1,0,1,0.0,0.011764705882352941,,0.33162785872561623,1
reaction,90900000000,90900.0,90925.913723,1781883726638069570,0,1,1,1,0,1,0.0,0.011764705882352941,,0.28134880771377435,1
reaction,91000000000,91000.0,91025.860639,1781883726738069570,0,1,1,1,0,1,0.0,0.011764705882352941,,0.23107146891777033,1
reaction,91100000000,91100.0,91125.936118,1781883726838069570,0,1,1,1,0,1,0.0,0.011764705882352941,,0.18079556140664707,1
reaction,91200000000,91200.0,91225.668932,1781883726938069570,0,1,1,1,0,1,0.0,0.011764705882352941,,0.13052080428378623,1
reaction,91300000000,91300.0,91325.487392,1781883727038069570,0,1,1,1,0,1,0.0,0.011764705882352941,,0.0802469166806295,1
reaction,91400000000,91400.0,91425.898895,1781883727138069570,0,1,1,1,0,1,0.0,0.011764705882352941,,0.02997361775040131,1
reaction,91500000000,91500.0,91525.773806,1781883727238069570,0,1,1,1,0,1,0.0,0.011764705882352941,,0.0,1
reaction,91600000000,91600.0,91625.397006,1781883727338069570,0,1,1,1,0,1,0.0,0.011764705882352941,,0.0,1
reaction,91700000000,91700.0,91725.928451,1781883727438069570,0,1,1,1,0,1,0.0,0.011764705882352941,,0.0,1
reaction,91800000000,91800.0,91825.946268,1781883727538069570,0,1,1,1,0,1,0.0,0.011764705882352941,,0.0,1
reaction,91900000000,91900.0,91925.90439,1781883727638069570,0,1,1,1,0,1,0.0,0.011764705882352941,,0.0,1
reaction,92000000000,92000.0,92025.865168,1781883727738069570,0,1,1,1,0,1,0.0,0.011764705882352941,,0.0,1
reaction,92100000000,92100.0,92125.438763,1781883727838069570,0,1,1,1,0,1,0.0,0.011764705882352941,,0.0,1
reaction,92200000000,92200.0,92226.003617,1781883727938069570,0,1,1,1,0,1,0.0,0.011764705882352941,,0.0,1
reaction,92300000000,92300.0,92325.866023,1781883728038069570,0,1,1,1,0,1,0.0,0.011764705882352941,,0.0,1
reaction,92400000000,92400.0,92425.693294,1781883728138069570,0,1,1,1,0,1,0.0,0.011764705882352941,,0.0,1
reaction,92500000000,92500.0,92525.845875,1781883728238069570,0,1,1,1,0,1,0.0,0.011764705882352941,,0.0,1
reaction,92600000000,92600.0,92625.817063,1781883728338069570,0,1,1,1,0,1,0.0,0.011764705882352941,,0.0,1
reaction,92700000000,92700.0,92725.644524,1781883728438069570,0,1,1,1,0,1,0.0,0.011764705882352941,,0.0,1
reaction,92800000000,92800.0,92825.983543,1781883728538069570,0,1,1,1,0,1,0.0,0.00784313725490196,,0.0,1
reaction,92900000000,92900.0,92925.919206,1781883728638069570,0,1,1,1,0,1,0.0,0.011764705882352941,,0.0,1
reaction,93000000000,93000.0,93025.851034,1781883728738069570,0,1,1,1,0,1,0.0,0.011764705882352941,,0.0,1
reaction,93100000000,93100.0,93125.980698,1781883728838069570,0,1,1,1,0,1,0.0,0.011764705882352941,,0.0,1
reaction,93200000000,93200.0,93225.476611,1781883728938069570,0,1,1,1,0,1,0.0,0.011764705882352941,,0.0,1
reaction,93300000000,93300.0,93325.806065,1781883729038069570,0,1,1,1,0,1,0.0,0.011764705882352941,,0.0,1
reaction,93400000000,93400.0,93425.511194,1781883729138069570,0,1,1,1,0,1,0.0,0.011764705882352941,,0.0,1
reaction,93500000000,93500.0,93525.909483,1781883729238069570,0,1,1,1,0,1,0.0,0.011764705882352941,,0.0,1
reaction,93600000000,93600.0,93625.833848,1781883729338069570,0,1,1,1,0,1,0.0,0.011764705882352941,,0.0,1
reaction,93700000000,93700.0,93725.681042,1781883729438069570,0,1,1,1,0,1,0.0,0.011764705882352941,,0.0,1
reaction,93800000000,93800.0,93825.633994,1781883729538069570,0,1,1,1,0,1,0.0,0.011764705882352941,,0.0,1
reaction,93900000000,93900.0,93925.888578,1781883729638069570,0,1,1,1,0,1,0.0,0.011764705882352941,,0.0,1
reaction,94000000000,94000.0,94025.942008,1781883729738069570,0,1,1,1,0,1,0.0,0.011764705882352941,,0.0,1
reaction,94100000000,94100.0,94125.86218,1781883729838069570,0,1,1,1,0,1,0.0,0.011764705882352941,,0.0,1
reaction,94200000000,94200.0,94226.312623,1781883729938069570,0,1,1,1,0,1,0.0,0.011764705882352941,,0.0,1
