event,logical_time_ns,logical_time_ms,physical_time_ms,tag_time_ns,microstep,head_present,eye_present,head,eye
output_tick,7000000000,7000.0,7008.653428,1782077689465833776,0,1,1,1,1
output_tick,7100000000,7100.0,7110.474274,1782077689565833776,0,1,1,1,1
output_tick,7200000000,7200.0,7205.165798,1782077689665833776,0,1,1,1,1
output_tick,7300000000,7300.0,7310.021077,1782077689765833776,0,1,1,1,1
sensor_arrival,7400000000,7400.0,7525.8378,1782077689865833776,0,1,1,1,2
output_tick,7400000000,7400.0,7526.082316,1782077689865833776,0,1,1,1,2
output_tick,7500000000,7500.0,7530.970455,1782077689965833776,0,1,1,1,2
output_tick,7600000000,7600.0,7609.310727,1782077690065833776,0,1,1,1,2
output_tick,7700000000,7700.0,7704.230934,1782077690165833776,0,1,1,1,2
output_tick,7800000000,7800.0,7808.159888,1782077690265833776,0,1,1,1,2
sensor_arrival,7900000000,7900.0,8027.953497,1782077690365833776,0,1,1,0,1
output_tick,7900000000,7900.0,8028.141847,1782077690365833776,0,1,1,0,1
output_tick,8000000000,8000.0,8031.245892,1782077690465833776,0,1,1,0,1
output_tick,8100000000,8100.0,8107.281612,1782077690565833776,0,1,1,0,1
output_tick,8200000000,8200.0,8205.494435,1782077690665833776,0,1,1,0,1
output_tick,8300000000,8300.0,8305.129708,1782077690765833776,0,1,1,0,1
sensor_arrival,8400000000,8400.0,8529.688939,1782077690865833776,0,1,1,0,1
output_tick,8400000000,8400.0,8530.109194,1782077690865833776,0,1,1,0,1
output_tick,8500000000,8500.0,8533.757956,1782077690965833776,0,1,1,0,1
output_tick,8600000000,8600.0,8605.056221,1782077691065833776,0,1,1,0,1
output_tick,8700000000,8700.0,8703.166248,1782077691165833776,0,1,1,0,1
output_tick,8800000000,8800.0,8804.813539,1782077691265833776,0,1,1,0,1
sensor_arrival,8900000000,8900.0,9035.118473,1782077691365833776,0,1,1,0,1
output_tick,8900000000,8900.0,9035.44071,1782077691365833776,0,1,1,0,1
output_tick,9000000000,9000.0,9039.871835,1782077691465833776,0,1,1,0,1
output_tick,9100000000,9100.0,9104.794623,1782077691565833776,0,1,1,0,1
output_tick,9200000000,9200.0,9206.536783,1782077691665833776,0,1,1,0,1
output_tick,9300000000,9300.0,9305.586265,1782077691765833776,0,1,1,0,1
sensor_arrival,9400000000,9400.0,9529.801016,1782077691865833776,0,1,1,0,1
output_tick,9400000000,9400.0,9530.249271,1782077691865833776,0,1,1,0,1
output_tick,9500000000,9500.0,9533.278353,1782077691965833776,0,1,1,0,1
output_tick,9600000000,9600.0,9606.450063,1782077692065833776,0,1,1,0,1
output_tick,9700000000,9700.0,9705.15451,1782077692165833776,0,1,1,0,1
output_tick,9800000000,9800.0,9804.560599,1782077692265833776,0,1,1,0,1
sensor_arrival,9900000000,9900.0,10036.783995,1782077692365833776,0,1,1,0,1
output_tick,9900000000,9900.0,10037.267287,1782077692365833776,0,1,1,0,1
output_tick,10000000000,10000.0,10040.326702,1782077692465833776,0,1,1,0,1
output_tick,10100000000,10100.0,10109.447469,1782077692565833776,0,1,1,0,1
output_tick,10200000000,10200.0,10205.08663,1782077692665833776,0,1,1,0,1
output_tick,10300000000,10300.0,10304.919549,1782077692765833776,0,1,1,0,1
sensor_arrival,10400000000,10400.0,10538.157509,1782077692865833776,0,1,1,0,1
output_tick,10400000000,10400.0,10538.495969,1782077692865833776,0,1,1,0,1
output_tick,10500000000,10500.0,10541.552236,1782077692965833776,0,1,1,0,1
output_tick,10600000000,10600.0,10605.827715,1782077693065833776,0,1,1,0,1
output_tick,10700000000,10700.0,10704.825715,1782077693165833776,0,1,1,0,1
output_tick,10800000000,10800.0,10804.888815,1782077693265833776,0,1,1,0,1
sensor_arrival,10900000000,10900.0,11043.1788,1782077693365833776,0,1,1,0,1
output_tick,10900000000,10900.0,11043.349687,1782077693365833776,0,1,1,0,1
output_tick,11000000000,11000.0,11046.846136,1782077693465833776,0,1,1,0,1
output_tick,11100000000,11100.0,11105.268671,1782077693565833776,0,1,1,0,1
output_tick,11200000000,11200.0,11204.658426,1782077693665833776,0,1,1,0,1
output_tick,11300000000,11300.0,11304.443177,1782077693765833776,0,1,1,0,1
sensor_arrival,11400000000,11400.0,11531.747304,1782077693865833776,0,1,1,0,1
output_tick,11400000000,11400.0,11531.957339,1782077693865833776,0,1,1,0,1
output_tick,11500000000,11500.0,11535.229993,1782077693965833776,0,1,1,0,1
output_tick,11600000000,11600.0,11606.335684,1782077694065833776,0,1,1,0,1
output_tick,11700000000,11700.0,11703.820624,1782077694165833776,0,1,1,0,1
output_tick,11800000000,11800.0,11804.984195,1782077694265833776,0,1,1,0,1
sensor_arrival,11900000000,11900.0,12037.809916,1782077694365833776,0,1,1,0,1
output_tick,11900000000,11900.0,12038.118561,1782077694365833776,0,1,1,0,1
output_tick,12000000000,12000.0,12041.593417,1782077694465833776,0,1,1,0,1
output_tick,12100000000,12100.0,12103.940377,1782077694565833776,0,1,1,0,1
output_tick,12200000000,12200.0,12204.51912,1782077694665833776,0,1,1,0,1
output_tick,12300000000,12300.0,12305.641062,1782077694765833776,0,1,1,0,1
sensor_arrival,12400000000,12400.0,12541.848547,1782077694865833776,0,1,1,0,1
output_tick,12400000000,12400.0,12542.178581,1782077694865833776,0,1,1,0,1
output_tick,12500000000,12500.0,12545.337088,1782077694965833776,0,1,1,0,1
output_tick,12600000000,12600.0,12607.181608,1782077695065833776,0,1,1,0,1
output_tick,12700000000,12700.0,12704.683769,1782077695165833776,0,1,1,0,1
output_tick,12800000000,12800.0,12808.069799,1782077695265833776,0,1,1,0,1
sensor_arrival,12900000000,12900.0,13045.075757,1782077695365833776,0,1,1,0,1
output_tick,12900000000,12900.0,13045.513623,1782077695365833776,0,1,1,0,1
output_tick,13000000000,13000.0,13048.552613,1782077695465833776,0,1,1,0,1
output_tick,13100000000,13100.0,13105.22509,1782077695565833776,0,1,1,0,1
output_tick,13200000000,13200.0,13205.76224,1782077695665833776,0,1,1,0,1
output_tick,13300000000,13300.0,13305.799266,1782077695765833776,0,1,1,0,1
sensor_arrival,13400000000,13400.0,13531.153409,1782077695865833776,0,1,1,0,1
output_tick,13400000000,13400.0,13531.336333,1782077695865833776,0,1,1,0,1
output_tick,13500000000,13500.0,13534.621579,1782077695965833776,0,1,1,0,1
output_tick,13600000000,13600.0,13606.23371,1782077696065833776,0,1,1,0,1
output_tick,13700000000,13700.0,13704.898285,1782077696165833776,0,1,1,0,1
output_tick,13800000000,13800.0,13805.727321,1782077696265833776,0,1,1,0,1
sensor_arrival,13900000000,13900.0,14033.396237,1782077696365833776,0,1,1,0,1
output_tick,13900000000,13900.0,14033.746289,1782077696365833776,0,1,1,0,1
output_tick,14000000000,14000.0,14036.679613,1782077696465833776,0,1,1,0,1
output_tick,14100000000,14100.0,14105.197254,1782077696565833776,0,1,1,0,1
output_tick,14200000000,14200.0,14205.636683,1782077696665833776,0,1,1,0,1
output_tick,14300000000,14300.0,14304.839142,1782077696765833776,0,1,1,0,1
sensor_arrival,14400000000,14400.0,14537.506121,1782077696865833776,0,1,1,0,1
output_tick,14400000000,14400.0,14537.874395,1782077696865833776,0,1,1,0,1
output_tick,14500000000,14500.0,14540.993254,1782077696965833776,0,1,1,0,1
output_tick,14600000000,14600.0,14605.024105,1782077697065833776,0,1,1,0,1
output_tick,14700000000,14700.0,14705.058333,1782077697165833776,0,1,1,0,1
output_tick,14800000000,14800.0,14804.601474,1782077697265833776,0,1,1,0,1
sensor_arrival,14900000000,14900.0,15029.854819,1782077697365833776,0,1,1,0,1
output_tick,14900000000,14900.0,15030.130594,1782077697365833776,0,1,1,0,1
output_tick,15000000000,15000.0,15034.567663,1782077697465833776,0,1,1,0,1
output_tick,15100000000,15100.0,15104.556845,1782077697565833776,0,1,1,0,1
output_tick,15200000000,15200.0,15205.119013,1782077697665833776,0,1,1,0,1
output_tick,15300000000,15300.0,15306.624616,1782077697765833776,0,1,1,0,1
sensor_arrival,15400000000,15400.0,15539.382889,1782077697865833776,0,1,1,0,1
output_tick,15400000000,15400.0,15539.741386,1782077697865833776,0,1,1,0,1
output_tick,15500000000,15500.0,15542.712765,1782077697965833776,0,1,1,0,1
output_tick,15600000000,15600.0,15605.859345,1782077698065833776,0,1,1,0,1
output_tick,15700000000,15700.0,15704.319699,1782077698165833776,0,1,1,0,1
output_tick,15800000000,15800.0,15806.309242,1782077698265833776,0,1,1,0,1
sensor_arrival,15900000000,15900.0,16030.430411,1782077698365833776,0,1,1,0,1
output_tick,15900000000,15900.0,16030.74102,1782077698365833776,0,1,1,0,1
output_tick,16000000000,16000.0,16033.771842,1782077698465833776,0,1,1,0,1
output_tick,16100000000,16100.0,16105.007809,1782077698565833776,0,1,1,0,1
output_tick,16200000000,16200.0,16205.508717,1782077698665833776,0,1,1,0,1
output_tick,16300000000,16300.0,16304.533214,1782077698765833776,0,1,1,0,1
sensor_arrival,16400000000,16400.0,16537.505317,1782077698865833776,0,1,1,1,1
output_tick,16400000000,16400.0,16537.675649,1782077698865833776,0,1,1,1,1
output_tick,16500000000,16500.0,16541.373262,1782077698965833776,0,1,1,1,1
output_tick,16600000000,16600.0,16603.951255,1782077699065833776,0,1,1,1,1
output_tick,16700000000,16700.0,16704.92614,1782077699165833776,0,1,1,1,1
output_tick,16800000000,16800.0,16805.172347,1782077699265833776,0,1,1,1,1
sensor_arrival,16900000000,16900.0,17035.087923,1782077699365833776,0,1,1,1,1
output_tick,16900000000,16900.0,17035.417049,1782077699365833776,0,1,1,1,1
output_tick,17000000000,17000.0,17038.582204,1782077699465833776,0,1,1,1,1
output_tick,17100000000,17100.0,17105.039993,1782077699565833776,0,1,1,1,1
output_tick,17200000000,17200.0,17205.086313,1782077699665833776,0,1,1,1,1
output_tick,17300000000,17300.0,17305.214373,1782077699765833776,0,1,1,1,1
sensor_arrival,17400000000,17400.0,17525.688391,1782077699865833776,0,1,1,1,1
output_tick,17400000000,17400.0,17525.882,1782077699865833776,0,1,1,1,1
output_tick,17500000000,17500.0,17528.649937,1782077699965833776,0,1,1,1,1
output_tick,17600000000,17600.0,17604.918817,1782077700065833776,0,1,1,1,1
output_tick,17700000000,17700.0,17704.732657,1782077700165833776,0,1,1,1,1
output_tick,17800000000,17800.0,17805.555857,1782077700265833776,0,1,1,1,1
sensor_arrival,17900000000,17900.0,18045.347652,1782077700365833776,0,1,1,1,1
output_tick,17900000000,17900.0,18045.637039,1782077700365833776,0,1,1,1,1
output_tick,18000000000,18000.0,18049.098635,1782077700465833776,0,1,1,1,1
output_tick,18100000000,18100.0,18103.884221,1782077700565833776,0,1,1,1,1
output_tick,18200000000,18200.0,18205.117047,1782077700665833776,0,1,1,1,1
output_tick,18300000000,18300.0,18305.021238,1782077700765833776,0,1,1,1,1
sensor_arrival,18400000000,18400.0,18515.663053,1782077700865833776,0,1,1,1,1
output_tick,18400000000,18400.0,18515.996346,1782077700865833776,0,1,1,1,1
output_tick,18500000000,18500.0,18519.050299,1782077700965833776,0,1,1,1,1
output_tick,18600000000,18600.0,18604.188149,1782077701065833776,0,1,1,1,1
output_tick,18700000000,18700.0,18704.588779,1782077701165833776,0,1,1,1,1
output_tick,18800000000,18800.0,18804.049474,1782077701265833776,0,1,1,1,1
sensor_arrival,18900000000,18900.0,18997.637544,1782077701365833776,0,1,1,1,1
output_tick,18900000000,18900.0,18997.953022,1782077701365833776,0,1,1,1,1
output_tick,19000000000,19000.0,19002.457775,1782077701465833776,0,1,1,1,1
output_tick,19100000000,19100.0,19105.482028,1782077701565833776,0,1,1,1,1
output_tick,19200000000,19200.0,19203.926973,1782077701665833776,0,1,1,1,1
output_tick,19300000000,19300.0,19308.878652,1782077701765833776,0,1,1,1,1
sensor_arrival,19400000000,19400.0,19480.288083,1782077701865833776,0,1,1,1,1
output_tick,19400000000,19400.0,19480.585839,1782077701865833776,0,1,1,1,1
output_tick,19500000000,19500.0,19504.474573,1782077701965833776,0,1,1,1,1
output_tick,19600000000,19600.0,19604.13608,1782077702065833776,0,1,1,1,1
output_tick,19700000000,19700.0,19704.558006,1782077702165833776,0,1,1,1,1
output_tick,19800000000,19800.0,19807.270595,1782077702265833776,0,1,1,1,1
sensor_arrival,19900000000,19900.0,19986.811928,1782077702365833776,0,1,1,1,1
output_tick,19900000000,19900.0,19987.111795,1782077702365833776,0,1,1,1,1
output_tick,20000000000,20000.0,20003.481527,1782077702465833776,0,1,1,1,1
output_tick,20100000000,20100.0,20104.625853,1782077702565833776,0,1,1,1,1
output_tick,20200000000,20200.0,20205.465386,1782077702665833776,0,1,1,1,1
output_tick,20300000000,20300.0,20304.203087,1782077702765833776,0,1,1,1,1
sensor_arrival,20400000000,20400.0,20487.962509,1782077702865833776,0,1,1,1,1
output_tick,20400000000,20400.0,20488.227896,1782077702865833776,0,1,1,1,1
output_tick,20500000000,20500.0,20503.869079,1782077702965833776,0,1,1,1,1
output_tick,20600000000,20600.0,20604.217764,1782077703065833776,0,1,1,1,1
output_tick,20700000000,20700.0,20704.584782,1782077703165833776,0,1,1,1,1
output_tick,20800000000,20800.0,20804.611933,1782077703265833776,0,1,1,1,1
sensor_arrival,20900000000,20900.0,20992.311336,1782077703365833776,0,1,1,1,1
output_tick,20900000000,20900.0,20992.624962,1782077703365833776,0,1,1,1,1
output_tick,21000000000,21000.0,21003.265768,1782077703465833776,0,1,1,1,1
output_tick,21100000000,21100.0,21104.846793,1782077703565833776,0,1,1,1,1
output_tick,21200000000,21200.0,21204.424133,1782077703665833776,0,1,1,1,1
output_tick,21300000000,21300.0,21305.298276,1782077703765833776,0,1,1,1,1
sensor_arrival,21400000000,21400.0,21485.121346,1782077703865833776,0,1,1,1,1
output_tick,21400000000,21400.0,21485.284567,1782077703865833776,0,1,1,1,1
output_tick,21500000000,21500.0,21504.830713,1782077703965833776,0,1,1,1,1
output_tick,21600000000,21600.0,21604.308332,1782077704065833776,0,1,1,1,1
output_tick,21700000000,21700.0,21705.777653,1782077704165833776,0,1,1,1,1
output_tick,21800000000,21800.0,21804.094931,1782077704265833776,0,1,1,1,1
sensor_arrival,21900000000,21900.0,21987.621984,1782077704365833776,0,1,1,1,1
output_tick,21900000000,21900.0,21987.997869,1782077704365833776,0,1,1,1,1
output_tick,22000000000,22000.0,22004.546081,1782077704465833776,0,1,1,1,1
output_tick,22100000000,22100.0,22105.575944,1782077704565833776,0,1,1,1,1
output_tick,22200000000,22200.0,22205.047877,1782077704665833776,0,1,1,1,1
output_tick,22300000000,22300.0,22304.645217,1782077704765833776,0,1,1,1,1
sensor_arrival,22400000000,22400.0,22482.676026,1782077704865833776,0,1,1,1,1
output_tick,22400000000,22400.0,22483.046152,1782077704865833776,0,1,1,1,1
output_tick,22500000000,22500.0,22505.324031,1782077704965833776,0,1,1,1,1
output_tick,22600000000,22600.0,22605.469198,1782077705065833776,0,1,1,1,1
output_tick,22700000000,22700.0,22704.626856,1782077705165833776,0,1,1,1,1
output_tick,22800000000,22800.0,22805.185927,1782077705265833776,0,1,1,1,1
sensor_arrival,22900000000,22900.0,22985.849247,1782077705365833776,0,1,1,1,1
output_tick,22900000000,22900.0,22986.013801,1782077705365833776,0,1,1,1,1
output_tick,23000000000,23000.0,23003.408819,1782077705465833776,0,1,1,1,1
output_tick,23100000000,23100.0,23104.025926,1782077705565833776,0,1,1,1,1
output_tick,23200000000,23200.0,23207.878984,1782077705665833776,0,1,1,1,1
output_tick,23300000000,23300.0,23306.44574,1782077705765833776,0,1,1,1,1
sensor_arrival,23400000000,23400.0,23492.138252,1782077705865833776,0,1,1,1,1
output_tick,23400000000,23400.0,23492.418305,1782077705865833776,0,1,1,1,1
output_tick,23500000000,23500.0,23503.464088,1782077705965833776,0,1,1,1,1
output_tick,23600000000,23600.0,23604.48571,1782077706065833776,0,1,1,1,1
output_tick,23700000000,23700.0,23704.683561,1782077706165833776,0,1,1,1,1
output_tick,23800000000,23800.0,23804.313011,1782077706265833776,0,1,1,1,1
sensor_arrival,23900000000,23900.0,23992.466387,1782077706365833776,0,1,1,1,0
output_tick,23900000000,23900.0,23992.822495,1782077706365833776,0,1,1,1,0
output_tick,24000000000,24000.0,24004.438624,1782077706465833776,0,1,1,1,0
output_tick,24100000000,24100.0,24104.501365,1782077706565833776,0,1,1,1,0
output_tick,24200000000,24200.0,24204.176,1782077706665833776,0,1,1,1,0
output_tick,24300000000,24300.0,24305.378841,1782077706765833776,0,1,1,1,0
sensor_arrival,24400000000,24400.0,24490.679782,1782077706865833776,0,1,1,1,1
output_tick,24400000000,24400.0,24491.068982,1782077706865833776,0,1,1,1,1
output_tick,24500000000,24500.0,24502.91809,1782077706965833776,0,1,1,1,1
output_tick,24600000000,24600.0,24604.674556,1782077707065833776,0,1,1,1,1
output_tick,24700000000,24700.0,24704.366968,1782077707165833776,0,1,1,1,1
output_tick,24800000000,24800.0,24804.548911,1782077707265833776,0,1,1,1,1
sensor_arrival,24900000000,24900.0,24988.127145,1782077707365833776,0,1,1,1,1
output_tick,24900000000,24900.0,24988.372143,1782077707365833776,0,1,1,1,1
output_tick,25000000000,25000.0,25003.628126,1782077707465833776,0,1,1,1,1
output_tick,25100000000,25100.0,25104.421767,1782077707565833776,0,1,1,1,1
output_tick,25200000000,25200.0,25208.803763,1782077707665833776,0,1,1,1,1
output_tick,25300000000,25300.0,25303.895145,1782077707765833776,0,1,1,1,1
sensor_arrival,25400000000,25400.0,25489.458564,1782077707865833776,0,1,1,1,1
output_tick,25400000000,25400.0,25489.790597,1782077707865833776,0,1,1,1,1
output_tick,25500000000,25500.0,25504.214922,1782077707965833776,0,1,1,1,1
output_tick,25600000000,25600.0,25604.881601,1782077708065833776,0,1,1,1,1
output_tick,25700000000,25700.0,25704.365292,1782077708165833776,0,1,1,1,1
output_tick,25800000000,25800.0,25805.277728,1782077708265833776,0,1,1,1,1
sensor_arrival,25900000000,25900.0,25990.201411,1782077708365833776,0,1,1,1,0
output_tick,25900000000,25900.0,25990.359502,1782077708365833776,0,1,1,1,0
output_tick,26000000000,26000.0,26003.052602,1782077708465833776,0,1,1,1,0
output_tick,26100000000,26100.0,26103.978316,1782077708565833776,0,1,1,1,0
output_tick,26200000000,26200.0,26205.586857,1782077708665833776,0,1,1,1,0
output_tick,26300000000,26300.0,26304.421998,1782077708765833776,0,1,1,1,0
sensor_arrival,26400000000,26400.0,26495.8301,1782077708865833776,0,1,1,1,0
output_tick,26400000000,26400.0,26495.989395,1782077708865833776,0,1,1,1,0
output_tick,26500000000,26500.0,26503.485063,1782077708965833776,0,1,1,1,0
output_tick,26600000000,26600.0,26605.622154,1782077709065833776,0,1,1,1,0
output_tick,26700000000,26700.0,26704.619145,1782077709165833776,0,1,1,1,0
output_tick,26800000000,26800.0,26805.508785,1782077709265833776,0,1,1,1,0
sensor_arrival,26900000000,26900.0,27000.307094,1782077709365833776,0,1,1,1,0
output_tick,26900000000,26900.0,27000.531481,1782077709365833776,0,1,1,1,0
output_tick,27000000000,27000.0,27003.417805,1782077709465833776,0,1,1,1,0
output_tick,27100000000,27100.0,27103.881097,1782077709565833776,0,1,1,1,0
output_tick,27200000000,27200.0,27203.817264,1782077709665833776,0,1,1,1,0
output_tick,27300000000,27300.0,27303.468841,1782077709765833776,0,1,1,1,0
sensor_arrival,27400000000,27400.0,27490.49354,1782077709865833776,0,1,1,1,0
output_tick,27400000000,27400.0,27490.717834,1782077709865833776,0,1,1,1,0
output_tick,27500000000,27500.0,27503.220806,1782077709965833776,0,1,1,1,0
output_tick,27600000000,27600.0,27604.608737,1782077710065833776,0,1,1,1,0
output_tick,27700000000,27700.0,27703.423544,1782077710165833776,0,1,1,1,0
output_tick,27800000000,27800.0,27806.595661,1782077710265833776,0,1,1,1,0
sensor_arrival,27900000000,27900.0,27995.927337,1782077710365833776,0,1,1,1,0
output_tick,27900000000,27900.0,27996.232538,1782077710365833776,0,1,1,1,0
output_tick,28000000000,28000.0,28002.4727,1782077710465833776,0,1,1,1,0
output_tick,28100000000,28100.0,28105.887815,1782077710565833776,0,1,1,1,0
output_tick,28200000000,28200.0,28205.624705,1782077710665833776,0,1,1,1,0
output_tick,28300000000,28300.0,28305.374892,1782077710765833776,0,1,1,1,0
sensor_arrival,28400000000,28400.0,28493.685856,1782077710865833776,0,1,1,1,1
output_tick,28400000000,28400.0,28494.04963,1782077710865833776,0,1,1,1,1
output_tick,28500000000,28500.0,28502.833823,1782077710965833776,0,1,1,1,1
output_tick,28600000000,28600.0,28608.11142,1782077711065833776,0,1,1,1,1
output_tick,28700000000,28700.0,28705.403833,1782077711165833776,0,1,1,1,1
output_tick,28800000000,28800.0,28805.585645,1782077711265833776,0,1,1,1,1
sensor_arrival,28900000000,28900.0,28993.273632,1782077711365833776,0,1,1,1,1
output_tick,28900000000,28900.0,28993.567518,1782077711365833776,0,1,1,1,1
output_tick,29000000000,29000.0,29003.09489,1782077711465833776,0,1,1,1,1
output_tick,29100000000,29100.0,29108.552428,1782077711565833776,0,1,1,1,1
output_tick,29200000000,29200.0,29205.150016,1782077711665833776,0,1,1,1,1
output_tick,29300000000,29300.0,29304.743648,1782077711765833776,0,1,1,1,1
sensor_arrival,29400000000,29400.0,29497.897397,1782077711865833776,0,1,1,1,1
output_tick,29400000000,29400.0,29498.277282,1782077711865833776,0,1,1,1,1
output_tick,29500000000,29500.0,29503.184439,1782077711965833776,0,1,1,1,1
output_tick,29600000000,29600.0,29604.825718,1782077712065833776,0,1,1,1,1
output_tick,29700000000,29700.0,29703.597061,1782077712165833776,0,1,1,1,1
output_tick,29800000000,29800.0,29804.666216,1782077712265833776,0,1,1,1,1
sensor_arrival,29900000000,29900.0,29989.742764,1782077712365833776,0,1,1,1,1
output_tick,29900000000,29900.0,29989.909633,1782077712365833776,0,1,1,1,1
output_tick,30000000000,30000.0,30004.359494,1782077712465833776,0,1,1,1,1
output_tick,30100000000,30100.0,30104.445954,1782077712565833776,0,1,1,1,1
output_tick,30200000000,30200.0,30204.615192,1782077712665833776,0,1,1,1,1
output_tick,30300000000,30300.0,30305.010056,1782077712765833776,0,1,1,1,1
sensor_arrival,30400000000,30400.0,30489.856755,1782077712865833776,0,1,1,1,1
output_tick,30400000000,30400.0,30490.156734,1782077712865833776,0,1,1,1,1
output_tick,30500000000,30500.0,30503.157312,1782077712965833776,0,1,1,1,1
output_tick,30600000000,30600.0,30605.201642,1782077713065833776,0,1,1,1,1
output_tick,30700000000,30700.0,30705.593173,1782077713165833776,0,1,1,1,1
output_tick,30800000000,30800.0,30803.782596,1782077713265833776,0,1,1,1,1
sensor_arrival,30900000000,30900.0,30991.954817,1782077713365833776,0,1,1,1,1
output_tick,30900000000,30900.0,30992.120889,1782077713365833776,0,1,1,1,1
output_tick,31000000000,31000.0,31002.829916,1782077713465833776,0,1,1,1,1
output_tick,31100000000,31100.0,31104.585748,1782077713565833776,0,1,1,1,1
output_tick,31200000000,31200.0,31204.213842,1782077713665833776,0,1,1,1,1
output_tick,31300000000,31300.0,31306.785075,1782077713765833776,0,1,1,1,1
sensor_arrival,31400000000,31400.0,31490.633523,1782077713865833776,0,1,1,1,1
output_tick,31400000000,31400.0,31490.999963,1782077713865833776,0,1,1,1,1
output_tick,31500000000,31500.0,31502.825757,1782077713965833776,0,1,1,1,1
output_tick,31600000000,31600.0,31605.727263,1782077714065833776,0,1,1,1,1
output_tick,31700000000,31700.0,31706.14272,1782077714165833776,0,1,1,1,1
output_tick,31800000000,31800.0,31803.908016,1782077714265833776,0,1,1,1,1
sensor_arrival,31900000000,31900.0,31995.30115,1782077714365833776,0,1,1,1,1
output_tick,31900000000,31900.0,31995.585925,1782077714365833776,0,1,1,1,1
output_tick,32000000000,32000.0,32002.527876,1782077714465833776,0,1,1,1,1
output_tick,32100000000,32100.0,32104.83874,1782077714565833776,0,1,1,1,1
output_tick,32200000000,32200.0,32203.777636,1782077714665833776,0,1,1,1,1
output_tick,32300000000,32300.0,32304.611848,1782077714765833776,0,1,1,1,1
sensor_arrival,32400000000,32400.0,32497.968981,1782077714865833776,0,1,1,1,1
output_tick,32400000000,32400.0,32498.207571,1782077714865833776,0,1,1,1,1
output_tick,32500000000,32500.0,32504.561325,1782077714965833776,0,1,1,1,1
output_tick,32600000000,32600.0,32604.524952,1782077715065833776,0,1,1,1,1
output_tick,32700000000,32700.0,32704.101638,1782077715165833776,0,1,1,1,1
output_tick,32800000000,32800.0,32804.543926,1782077715265833776,0,1,1,1,1
sensor_arrival,32900000000,32900.0,32994.210538,1782077715365833776,0,1,1,1,1
output_tick,32900000000,32900.0,32994.608775,1782077715365833776,0,1,1,1,1
output_tick,33000000000,33000.0,33003.035453,1782077715465833776,0,1,1,1,1
output_tick,33100000000,33100.0,33104.336937,1782077715565833776,0,1,1,1,1
output_tick,33200000000,33200.0,33204.139473,1782077715665833776,0,1,1,1,1
output_tick,33300000000,33300.0,33308.505298,1782077715765833776,0,1,1,1,1
sensor_arrival,33400000000,33400.0,33486.559448,1782077715865833776,0,1,1,1,1
output_tick,33400000000,33400.0,33486.856094,1782077715865833776,0,1,1,1,1
output_tick,33500000000,33500.0,33504.244666,1782077715965833776,0,1,1,1,1
output_tick,33600000000,33600.0,33604.206515,1782077716065833776,0,1,1,1,1
output_tick,33700000000,33700.0,33704.641174,1782077716165833776,0,1,1,1,1
output_tick,33800000000,33800.0,33805.533717,1782077716265833776,0,1,1,1,1
sensor_arrival,33900000000,33900.0,34001.661617,1782077716365833776,0,1,1,1,1
output_tick,33900000000,33900.0,34002.038706,1782077716365833776,0,1,1,1,1
output_tick,34000000000,34000.0,34005.221638,1782077716465833776,0,1,1,1,1
output_tick,34100000000,34100.0,34104.10172,1782077716565833776,0,1,1,1,1
output_tick,34200000000,34200.0,34203.838348,1782077716665833776,0,1,1,1,1
output_tick,34300000000,34300.0,34304.761835,1782077716765833776,0,1,1,1,1
sensor_arrival,34400000000,34400.0,34491.088497,1782077716865833776,0,1,1,1,1
output_tick,34400000000,34400.0,34491.393235,1782077716865833776,0,1,1,1,1
output_tick,34500000000,34500.0,34503.428822,1782077716965833776,0,1,1,1,1
output_tick,34600000000,34600.0,34605.668482,1782077717065833776,0,1,1,1,1
output_tick,34700000000,34700.0,34705.764291,1782077717165833776,0,1,1,1,1
output_tick,34800000000,34800.0,34805.103405,1782077717265833776,0,1,1,1,1
sensor_arrival,34900000000,34900.0,34988.288707,1782077717365833776,0,1,1,1,1
output_tick,34900000000,34900.0,34988.592871,1782077717365833776,0,1,1,1,1
output_tick,35000000000,35000.0,35007.188709,1782077717465833776,0,1,1,1,1
output_tick,35100000000,35100.0,35109.760088,1782077717565833776,0,1,1,1,1
output_tick,35200000000,35200.0,35206.235136,1782077717665833776,0,1,1,1,1
output_tick,35300000000,35300.0,35306.581406,1782077717765833776,0,1,1,1,1
sensor_arrival,35400000000,35400.0,35487.886116,1782077717865833776,0,1,1,1,1
output_tick,35400000000,35400.0,35488.154039,1782077717865833776,0,1,1,1,1
output_tick,35500000000,35500.0,35503.175431,1782077717965833776,0,1,1,1,1
output_tick,35600000000,35600.0,35603.748828,1782077718065833776,0,1,1,1,1
output_tick,35700000000,35700.0,35707.001551,1782077718165833776,0,1,1,1,1
output_tick,35800000000,35800.0,35805.214897,1782077718265833776,0,1,1,1,1
sensor_arrival,35900000000,35900.0,35983.96113,1782077718365833776,0,1,1,1,1
output_tick,35900000000,35900.0,35984.176091,1782077718365833776,0,1,1,1,1
output_tick,36000000000,36000.0,36004.938686,1782077718465833776,0,1,1,1,1
output_tick,36100000000,36100.0,36105.121791,1782077718565833776,0,1,1,1,1
output_tick,36200000000,36200.0,36204.986399,1782077718665833776,0,1,1,1,1
output_tick,36300000000,36300.0,36305.272039,1782077718765833776,0,1,1,1,1
sensor_arrival,36400000000,36400.0,36485.259094,1782077718865833776,0,1,1,1,0
output_tick,36400000000,36400.0,36485.590072,1782077718865833776,0,1,1,1,0
output_tick,36500000000,36500.0,36505.243715,1782077718965833776,0,1,1,1,0
output_tick,36600000000,36600.0,36605.056267,1782077719065833776,0,1,1,1,0
output_tick,36700000000,36700.0,36704.231122,1782077719165833776,0,1,1,1,0
output_tick,36800000000,36800.0,36804.145488,1782077719265833776,0,1,1,1,0
sensor_arrival,36900000000,36900.0,36986.893218,1782077719365833776,0,1,1,2,0
output_tick,36900000000,36900.0,36987.225475,1782077719365833776,0,1,1,2,0
output_tick,37000000000,37000.0,37003.948627,1782077719465833776,0,1,1,2,0
output_tick,37100000000,37100.0,37104.095713,1782077719565833776,0,1,1,2,0
output_tick,37200000000,37200.0,37204.164467,1782077719665833776,0,1,1,2,0
output_tick,37300000000,37300.0,37303.375913,1782077719765833776,0,1,1,2,0
sensor_arrival,37400000000,37400.0,37483.85811,1782077719865833776,0,1,1,2,0
output_tick,37400000000,37400.0,37484.023979,1782077719865833776,0,1,1,2,0
output_tick,37500000000,37500.0,37507.341476,1782077719965833776,0,1,1,2,0
output_tick,37600000000,37600.0,37604.045298,1782077720065833776,0,1,1,2,0
output_tick,37700000000,37700.0,37703.911034,1782077720165833776,0,1,1,2,0
output_tick,37800000000,37800.0,37804.158674,1782077720265833776,0,1,1,2,0
sensor_arrival,37900000000,37900.0,37993.042956,1782077720365833776,0,1,1,2,0
output_tick,37900000000,37900.0,37993.395045,1782077720365833776,0,1,1,2,0
output_tick,38000000000,38000.0,38003.30593,1782077720465833776,0,1,1,2,0
output_tick,38100000000,38100.0,38103.643495,1782077720565833776,0,1,1,2,0
output_tick,38200000000,38200.0,38203.770285,1782077720665833776,0,1,1,2,0
output_tick,38300000000,38300.0,38304.177534,1782077720765833776,0,1,1,2,0
sensor_arrival,38400000000,38400.0,38491.688755,1782077720865833776,0,1,1,2,1
output_tick,38400000000,38400.0,38492.002826,1782077720865833776,0,1,1,2,1
output_tick,38500000000,38500.0,38503.541158,1782077720965833776,0,1,1,2,1
output_tick,38600000000,38600.0,38604.42057,1782077721065833776,0,1,1,2,1
output_tick,38700000000,38700.0,38704.077326,1782077721165833776,0,1,1,2,1
output_tick,38800000000,38800.0,38804.015376,1782077721265833776,0,1,1,2,1
sensor_arrival,38900000000,38900.0,38998.294474,1782077721365833776,0,1,1,2,1
output_tick,38900000000,38900.0,38998.548898,1782077721365833776,0,1,1,2,1
output_tick,39000000000,39000.0,39003.219463,1782077721465833776,0,1,1,2,1
output_tick,39100000000,39100.0,39104.456204,1782077721565833776,0,1,1,2,1
output_tick,39200000000,39200.0,39204.485587,1782077721665833776,0,1,1,2,1
output_tick,39300000000,39300.0,39304.384526,1782077721765833776,0,1,1,2,1
sensor_arrival,39400000000,39400.0,39502.483569,1782077721865833776,0,1,1,2,1
output_tick,39400000000,39400.0,39502.826121,1782077721865833776,0,1,1,2,1
output_tick,39500000000,39500.0,39505.898461,1782077721965833776,0,1,1,2,1
output_tick,39600000000,39600.0,39605.132999,1782077722065833776,0,1,1,2,1
output_tick,39700000000,39700.0,39704.126206,1782077722165833776,0,1,1,2,1
output_tick,39800000000,39800.0,39804.952413,1782077722265833776,0,1,1,2,1
sensor_arrival,39900000000,39900.0,39991.362513,1782077722365833776,0,1,1,2,1
output_tick,39900000000,39900.0,39991.549733,1782077722365833776,0,1,1,2,1
output_tick,40000000000,40000.0,40003.272657,1782077722465833776,0,1,1,2,1
output_tick,40100000000,40100.0,40105.260056,1782077722565833776,0,1,1,2,1
output_tick,40200000000,40200.0,40211.475175,1782077722665833776,0,1,1,2,1
output_tick,40300000000,40300.0,40304.985768,1782077722765833776,0,1,1,2,1
sensor_arrival,40400000000,40400.0,40489.342239,1782077722865833776,0,1,1,2,1
output_tick,40400000000,40400.0,40489.638477,1782077722865833776,0,1,1,2,1
output_tick,40500000000,40500.0,40503.402417,1782077722965833776,0,1,1,2,1
output_tick,40600000000,40600.0,40606.889488,1782077723065833776,0,1,1,2,1
output_tick,40700000000,40700.0,40703.736252,1782077723165833776,0,1,1,2,1
output_tick,40800000000,40800.0,40804.106704,1782077723265833776,0,1,1,2,1
sensor_arrival,40900000000,40900.0,40988.038993,1782077723365833776,0,1,1,2,1
output_tick,40900000000,40900.0,40988.217306,1782077723365833776,0,1,1,2,1
output_tick,41000000000,41000.0,41003.120828,1782077723465833776,0,1,1,2,1
output_tick,41100000000,41100.0,41106.339604,1782077723565833776,0,1,1,2,1
output_tick,41200000000,41200.0,41205.508105,1782077723665833776,0,1,1,2,1
output_tick,41300000000,41300.0,41304.216925,1782077723765833776,0,1,1,2,1
sensor_arrival,41400000000,41400.0,41493.010778,1782077723865833776,0,1,1,2,1
output_tick,41400000000,41400.0,41493.328553,1782077723865833776,0,1,1,2,1
output_tick,41500000000,41500.0,41503.0077,1782077723965833776,0,1,1,2,1
output_tick,41600000000,41600.0,41605.388725,1782077724065833776,0,1,1,2,1
output_tick,41700000000,41700.0,41704.801167,1782077724165833776,0,1,1,2,1
output_tick,41800000000,41800.0,41804.47594,1782077724265833776,0,1,1,2,1
sensor_arrival,41900000000,41900.0,41991.073258,1782077724365833776,0,1,1,2,1
output_tick,41900000000,41900.0,41991.333422,1782077724365833776,0,1,1,2,1
output_tick,42000000000,42000.0,42003.150808,1782077724465833776,0,1,1,2,1
output_tick,42100000000,42100.0,42106.656043,1782077724565833776,0,1,1,2,1
output_tick,42200000000,42200.0,42204.228744,1782077724665833776,0,1,1,2,1
output_tick,42300000000,42300.0,42304.366365,1782077724765833776,0,1,1,2,1
sensor_arrival,42400000000,42400.0,42498.900735,1782077724865833776,0,1,1,2,1
output_tick,42400000000,42400.0,42499.229695,1782077724865833776,0,1,1,2,1
output_tick,42500000000,42500.0,42502.990511,1782077724965833776,0,1,1,2,1
output_tick,42600000000,42600.0,42604.61932,1782077725065833776,0,1,1,2,1
output_tick,42700000000,42700.0,42706.108371,1782077725165833776,0,1,1,2,1
output_tick,42800000000,42800.0,42804.91256,1782077725265833776,0,1,1,2,1
sensor_arrival,42900000000,42900.0,42991.299527,1782077725365833776,0,1,1,2,1
output_tick,42900000000,42900.0,42991.583598,1782077725365833776,0,1,1,2,1
output_tick,43000000000,43000.0,43003.041191,1782077725465833776,0,1,1,2,1
output_tick,43100000000,43100.0,43110.919476,1782077725565833776,0,1,1,2,1
output_tick,43200000000,43200.0,43205.664574,1782077725665833776,0,1,1,2,1
output_tick,43300000000,43300.0,43305.756361,1782077725765833776,0,1,1,2,1
sensor_arrival,43400000000,43400.0,43499.441147,1782077725865833776,0,1,1,2,1
output_tick,43400000000,43400.0,43499.68883,1782077725865833776,0,1,1,2,1
output_tick,43500000000,43500.0,43502.860632,1782077725965833776,0,1,1,2,1
output_tick,43600000000,43600.0,43605.099046,1782077726065833776,0,1,1,2,1
output_tick,43700000000,43700.0,43704.055084,1782077726165833776,0,1,1,2,1
output_tick,43800000000,43800.0,43803.554914,1782077726265833776,0,1,1,2,1
sensor_arrival,43900000000,43900.0,43993.816898,1782077726365833776,0,1,1,2,1
output_tick,43900000000,43900.0,43994.116395,1782077726365833776,0,1,1,2,1
output_tick,44000000000,44000.0,44002.77357,1782077726465833776,0,1,1,2,1
output_tick,44100000000,44100.0,44105.104446,1782077726565833776,0,1,1,2,1
output_tick,44200000000,44200.0,44203.754858,1782077726665833776,0,1,1,2,1
output_tick,44300000000,44300.0,44305.006948,1782077726765833776,0,1,1,2,1
sensor_arrival,44400000000,44400.0,44493.616448,1782077726865833776,0,1,1,2,1
output_tick,44400000000,44400.0,44494.032388,1782077726865833776,0,1,1,2,1
output_tick,44500000000,44500.0,44502.684915,1782077726965833776,0,1,1,2,1
output_tick,44600000000,44600.0,44603.914005,1782077727065833776,0,1,1,2,1
output_tick,44700000000,44700.0,44704.389936,1782077727165833776,0,1,1,2,1
output_tick,44800000000,44800.0,44803.811765,1782077727265833776,0,1,1,2,1
sensor_arrival,44900000000,44900.0,44997.782602,1782077727365833776,0,1,1,2,1
output_tick,44900000000,44900.0,44998.087265,1782077727365833776,0,1,1,2,1
output_tick,45000000000,45000.0,45002.545796,1782077727465833776,0,1,1,2,1
output_tick,45100000000,45100.0,45104.62997,1782077727565833776,0,1,1,2,1
output_tick,45200000000,45200.0,45203.072198,1782077727665833776,0,1,1,2,1
output_tick,45300000000,45300.0,45304.359121,1782077727765833776,0,1,1,2,1
sensor_arrival,45400000000,45400.0,45491.974,1782077727865833776,0,1,1,2,1
output_tick,45400000000,45400.0,45492.272349,1782077727865833776,0,1,1,2,1
output_tick,45500000000,45500.0,45505.645997,1782077727965833776,0,1,1,2,1
output_tick,45600000000,45600.0,45603.877189,1782077728065833776,0,1,1,2,1
output_tick,45700000000,45700.0,45703.559794,1782077728165833776,0,1,1,2,1
output_tick,45800000000,45800.0,45803.49621,1782077728265833776,0,1,1,2,1
sensor_arrival,45900000000,45900.0,45992.824572,1782077728365833776,0,1,1,2,1
output_tick,45900000000,45900.0,45993.129199,1782077728365833776,0,1,1,2,1
output_tick,46000000000,46000.0,46003.437284,1782077728465833776,0,1,1,2,1
output_tick,46100000000,46100.0,46105.808288,1782077728565833776,0,1,1,2,1
output_tick,46200000000,46200.0,46205.20858,1782077728665833776,0,1,1,2,1
output_tick,46300000000,46300.0,46305.110534,1782077728765833776,0,1,1,2,1
sensor_arrival,46400000000,46400.0,46497.660883,1782077728865833776,0,1,1,2,1
output_tick,46400000000,46400.0,46497.986861,1782077728865833776,0,1,1,2,1
output_tick,46500000000,46500.0,46502.820759,1782077728965833776,0,1,1,2,1
output_tick,46600000000,46600.0,46604.971487,1782077729065833776,0,1,1,2,1
output_tick,46700000000,46700.0,46703.997745,1782077729165833776,0,1,1,2,1
output_tick,46800000000,46800.0,46807.509441,1782077729265833776,0,1,1,2,1
sensor_arrival,46900000000,46900.0,46994.450288,1782077729365833776,0,1,1,2,1
output_tick,46900000000,46900.0,46994.768378,1782077729365833776,0,1,1,2,1
output_tick,47000000000,47000.0,47003.632217,1782077729465833776,0,1,1,2,1
output_tick,47100000000,47100.0,47104.188739,1782077729565833776,0,1,1,2,1
output_tick,47200000000,47200.0,47204.650113,1782077729665833776,0,1,1,2,1
output_tick,47300000000,47300.0,47305.592111,1782077729765833776,0,1,1,2,1
sensor_arrival,47400000000,47400.0,47494.937694,1782077729865833776,0,1,1,2,1
output_tick,47400000000,47400.0,47495.293469,1782077729865833776,0,1,1,2,1
output_tick,47500000000,47500.0,47503.402612,1782077729965833776,0,1,1,2,1
output_tick,47600000000,47600.0,47605.167677,1782077730065833776,0,1,1,2,1
output_tick,47700000000,47700.0,47704.217527,1782077730165833776,0,1,1,2,1
output_tick,47800000000,47800.0,47804.225645,1782077730265833776,0,1,1,2,1
sensor_arrival,47900000000,47900.0,47995.2366,1782077730365833776,0,1,1,2,1
output_tick,47900000000,47900.0,47995.516264,1782077730365833776,0,1,1,2,1
output_tick,48000000000,48000.0,48003.340373,1782077730465833776,0,1,1,2,1
output_tick,48100000000,48100.0,48105.251177,1782077730565833776,0,1,1,2,1
output_tick,48200000000,48200.0,48204.963558,1782077730665833776,0,1,1,2,1
output_tick,48300000000,48300.0,48304.926899,1782077730765833776,0,1,1,2,1
sensor_arrival,48400000000,48400.0,48490.791904,1782077730865833776,0,1,1,2,1
output_tick,48400000000,48400.0,48491.078827,1782077730865833776,0,1,1,2,1
output_tick,48500000000,48500.0,48505.319781,1782077730965833776,0,1,1,2,1
output_tick,48600000000,48600.0,48605.810579,1782077731065833776,0,1,1,2,1
output_tick,48700000000,48700.0,48705.053316,1782077731165833776,0,1,1,2,1
output_tick,48800000000,48800.0,48804.781159,1782077731265833776,0,1,1,2,1
sensor_arrival,48900000000,48900.0,48999.751241,1782077731365833776,0,1,1,2,1
output_tick,48900000000,48900.0,49000.074182,1782077731365833776,0,1,1,2,1
output_tick,49000000000,49000.0,49003.377965,1782077731465833776,0,1,1,2,1
output_tick,49100000000,49100.0,49104.610089,1782077731565833776,0,1,1,2,1
output_tick,49200000000,49200.0,49205.588717,1782077731665833776,0,1,1,2,1
output_tick,49300000000,49300.0,49304.620289,1782077731765833776,0,1,1,2,1
sensor_arrival,49400000000,49400.0,49493.533244,1782077731865833776,0,1,1,2,1
output_tick,49400000000,49400.0,49493.864611,1782077731865833776,0,1,1,2,1
output_tick,49500000000,49500.0,49502.791247,1782077731965833776,0,1,1,2,1
output_tick,49600000000,49600.0,49608.783547,1782077732065833776,0,1,1,2,1
output_tick,49700000000,49700.0,49706.251874,1782077732165833776,0,1,1,2,1
output_tick,49800000000,49800.0,49804.050551,1782077732265833776,0,1,1,2,1
sensor_arrival,49900000000,49900.0,49991.760406,1782077732365833776,0,1,1,2,1
output_tick,49900000000,49900.0,49992.102365,1782077732365833776,0,1,1,2,1
output_tick,50000000000,50000.0,50003.60342,1782077732465833776,0,1,1,2,1
output_tick,50100000000,50100.0,50104.161088,1782077732565833776,0,1,1,2,1
output_tick,50200000000,50200.0,50204.205094,1782077732665833776,0,1,1,2,1
output_tick,50300000000,50300.0,50304.302637,1782077732765833776,0,1,1,2,1
sensor_arrival,50400000000,50400.0,50491.901771,1782077732865833776,0,1,1,2,1
output_tick,50400000000,50400.0,50492.169898,1782077732865833776,0,1,1,2,1
output_tick,50500000000,50500.0,50504.205262,1782077732965833776,0,1,1,2,1
output_tick,50600000000,50600.0,50608.787612,1782077733065833776,0,1,1,2,1
output_tick,50700000000,50700.0,50703.194395,1782077733165833776,0,1,1,2,1
output_tick,50800000000,50800.0,50804.909051,1782077733265833776,0,1,1,2,1
sensor_arrival,50900000000,50900.0,50995.539025,1782077733365833776,0,1,1,2,1
output_tick,50900000000,50900.0,50995.90441,1782077733365833776,0,1,1,2,1
output_tick,51000000000,51000.0,51002.814121,1782077733465833776,0,1,1,2,1
output_tick,51100000000,51100.0,51103.765173,1782077733565833776,0,1,1,2,1
output_tick,51200000000,51200.0,51205.65042,1782077733665833776,0,1,1,2,1
output_tick,51300000000,51300.0,51304.305254,1782077733765833776,0,1,1,2,1
sensor_arrival,51400000000,51400.0,51498.862338,1782077733865833776,0,1,1,2,1
output_tick,51400000000,51400.0,51499.027855,1782077733865833776,0,1,1,2,1
output_tick,51500000000,51500.0,51503.009168,1782077733965833776,0,1,1,2,1
output_tick,51600000000,51600.0,51608.137864,1782077734065833776,0,1,1,2,1
output_tick,51700000000,51700.0,51707.504376,1782077734165833776,0,1,1,2,1
output_tick,51800000000,51800.0,51804.750075,1782077734265833776,0,1,1,2,1
sensor_arrival,51900000000,51900.0,52000.800125,1782077734365833776,0,1,1,2,1
output_tick,51900000000,51900.0,52001.069307,1782077734365833776,0,1,1,2,1
output_tick,52000000000,52000.0,52004.315646,1782077734465833776,0,1,1,2,1
output_tick,52100000000,52100.0,52105.046478,1782077734565833776,0,1,1,2,1
output_tick,52200000000,52200.0,52205.970845,1782077734665833776,0,1,1,2,1
output_tick,52300000000,52300.0,52304.546383,1782077734765833776,0,1,1,2,1
sensor_arrival,52400000000,52400.0,52497.204206,1782077734865833776,0,1,1,2,1
output_tick,52400000000,52400.0,52497.491759,1782077734865833776,0,1,1,2,1
output_tick,52500000000,52500.0,52502.814818,1782077734965833776,0,1,1,2,1
output_tick,52600000000,52600.0,52604.549492,1782077735065833776,0,1,1,2,1
output_tick,52700000000,52700.0,52704.258333,1782077735165833776,0,1,1,2,1
output_tick,52800000000,52800.0,52805.661824,1782077735265833776,0,1,1,2,1
sensor_arrival,52900000000,52900.0,52995.245547,1782077735365833776,0,1,1,2,1
output_tick,52900000000,52900.0,52995.450953,1782077735365833776,0,1,1,2,1
output_tick,53000000000,53000.0,53004.40305,1782077735465833776,0,1,1,2,1
output_tick,53100000000,53100.0,53106.243538,1782077735565833776,0,1,1,2,1
output_tick,53200000000,53200.0,53205.861435,1782077735665833776,0,1,1,2,1
output_tick,53300000000,53300.0,53306.936708,1782077735765833776,0,1,1,2,1
sensor_arrival,53400000000,53400.0,53497.57792,1782077735865833776,0,1,1,2,1
output_tick,53400000000,53400.0,53497.908769,1782077735865833776,0,1,1,2,1
output_tick,53500000000,53500.0,53503.043274,1782077735965833776,0,1,1,2,1
output_tick,53600000000,53600.0,53605.124111,1782077736065833776,0,1,1,2,1
output_tick,53700000000,53700.0,53704.207124,1782077736165833776,0,1,1,2,1
output_tick,53800000000,53800.0,53804.528051,1782077736265833776,0,1,1,2,1
sensor_arrival,53900000000,53900.0,53992.350994,1782077736365833776,0,1,1,2,1
output_tick,53900000000,53900.0,53992.621029,1782077736365833776,0,1,1,2,1
output_tick,54000000000,54000.0,54002.659542,1782077736465833776,0,1,1,2,1
output_tick,54100000000,54100.0,54105.599518,1782077736565833776,0,1,1,2,1
output_tick,54200000000,54200.0,54206.298701,1782077736665833776,0,1,1,2,1
output_tick,54300000000,54300.0,54309.398601,1782077736765833776,0,1,1,2,1
sensor_arrival,54400000000,54400.0,54501.646056,1782077736865833776,0,1,1,2,1
output_tick,54400000000,54400.0,54502.010386,1782077736865833776,0,1,1,2,1
output_tick,54500000000,54500.0,54505.098837,1782077736965833776,0,1,1,2,1
output_tick,54600000000,54600.0,54606.530124,1782077737065833776,0,1,1,2,1
output_tick,54700000000,54700.0,54705.64234,1782077737165833776,0,1,1,2,1
output_tick,54800000000,54800.0,54805.96423,1782077737265833776,0,1,1,2,1
sensor_arrival,54900000000,54900.0,54996.116686,1782077737365833776,0,1,1,2,1
output_tick,54900000000,54900.0,54996.404054,1782077737365833776,0,1,1,2,1
output_tick,55000000000,55000.0,55002.991397,1782077737465833776,0,1,1,2,1
output_tick,55100000000,55100.0,55105.058658,1782077737565833776,0,1,1,2,1
output_tick,55200000000,55200.0,55208.089874,1782077737665833776,0,1,1,2,1
output_tick,55300000000,55300.0,55304.894483,1782077737765833776,0,1,1,2,1
sensor_arrival,55400000000,55400.0,55503.777039,1782077737865833776,0,1,1,2,1
output_tick,55400000000,55400.0,55504.173554,1782077737865833776,0,1,1,2,1
output_tick,55500000000,55500.0,55507.196746,1782077737965833776,0,1,1,2,1
output_tick,55600000000,55600.0,55606.927049,1782077738065833776,0,1,1,2,1
output_tick,55700000000,55700.0,55704.457151,1782077738165833776,0,1,1,2,1
output_tick,55800000000,55800.0,55806.078842,1782077738265833776,0,1,1,2,1
sensor_arrival,55900000000,55900.0,56002.468829,1782077738365833776,0,1,1,2,1
output_tick,55900000000,55900.0,56002.964287,1782077738365833776,0,1,1,2,1
output_tick,56000000000,56000.0,56006.201941,1782077738465833776,0,1,1,2,1
output_tick,56100000000,56100.0,56109.59043,1782077738565833776,0,1,1,2,1
output_tick,56200000000,56200.0,56205.108181,1782077738665833776,0,1,1,2,1
output_tick,56300000000,56300.0,56305.328312,1782077738765833776,0,1,1,2,1
sensor_arrival,56400000000,56400.0,56493.393362,1782077738865833776,0,1,1,2,1
output_tick,56400000000,56400.0,56493.560953,1782077738865833776,0,1,1,2,1
output_tick,56500000000,56500.0,56502.958324,1782077738965833776,0,1,1,2,1
output_tick,56600000000,56600.0,56605.858354,1782077739065833776,0,1,1,2,1
output_tick,56700000000,56700.0,56706.350982,1782077739165833776,0,1,1,2,1
output_tick,56800000000,56800.0,56805.098108,1782077739265833776,0,1,1,2,1
sensor_arrival,56900000000,56900.0,56992.055501,1782077739365833776,0,1,1,2,1
output_tick,56900000000,56900.0,56992.334351,1782077739365833776,0,1,1,2,1
output_tick,57000000000,57000.0,57002.49677,1782077739465833776,0,1,1,2,1
output_tick,57100000000,57100.0,57105.677705,1782077739565833776,0,1,1,2,1
output_tick,57200000000,57200.0,57209.615465,1782077739665833776,0,1,1,2,1
output_tick,57300000000,57300.0,57305.431121,1782077739765833776,0,1,1,2,1
sensor_arrival,57400000000,57400.0,57502.280046,1782077739865833776,0,1,1,2,1
output_tick,57400000000,57400.0,57502.56447,1782077739865833776,0,1,1,2,1
output_tick,57500000000,57500.0,57505.85466,1782077739965833776,0,1,1,2,1
output_tick,57600000000,57600.0,57604.899153,1782077740065833776,0,1,1,2,1
output_tick,57700000000,57700.0,57704.904415,1782077740165833776,0,1,1,2,1
output_tick,57800000000,57800.0,57804.171239,1782077740265833776,0,1,1,2,1
sensor_arrival,57900000000,57900.0,57994.789892,1782077740365833776,0,1,1,2,1
output_tick,57900000000,57900.0,57995.001908,1782077740365833776,0,1,1,2,1
output_tick,58000000000,58000.0,58003.220661,1782077740465833776,0,1,1,2,1
output_tick,58100000000,58100.0,58104.112266,1782077740565833776,0,1,1,2,1
output_tick,58200000000,58200.0,58204.649949,1782077740665833776,0,1,1,2,1
output_tick,58300000000,58300.0,58304.651914,1782077740765833776,0,1,1,2,1
sensor_arrival,58400000000,58400.0,58494.228892,1782077740865833776,0,1,1,2,1
output_tick,58400000000,58400.0,58494.521185,1782077740865833776,0,1,1,2,1
output_tick,58500000000,58500.0,58502.747123,1782077740965833776,0,1,1,2,1
output_tick,58600000000,58600.0,58608.625123,1782077741065833776,0,1,1,2,1
output_tick,58700000000,58700.0,58704.088744,1782077741165833776,0,1,1,2,1
output_tick,58800000000,58800.0,58804.204412,1782077741265833776,0,1,1,2,1
sensor_arrival,58900000000,58900.0,58995.08595,1782077741365833776,0,1,1,2,1
output_tick,58900000000,58900.0,58995.245652,1782077741365833776,0,1,1,2,1
output_tick,59000000000,59000.0,59003.144871,1782077741465833776,0,1,1,2,1
output_tick,59100000000,59100.0,59104.175752,1782077741565833776,0,1,1,2,1
output_tick,59200000000,59200.0,59203.929626,1782077741665833776,0,1,1,2,1
output_tick,59300000000,59300.0,59304.946285,1782077741765833776,0,1,1,2,1
sensor_arrival,59400000000,59400.0,59503.163862,1782077741865833776,0,1,1,2,1
output_tick,59400000000,59400.0,59503.548396,1782077741865833776,0,1,1,2,1
output_tick,59500000000,59500.0,59506.734142,1782077741965833776,0,1,1,2,1
output_tick,59600000000,59600.0,59603.995226,1782077742065833776,0,1,1,2,1
output_tick,59700000000,59700.0,59708.505702,1782077742165833776,0,1,1,2,1
output_tick,59800000000,59800.0,59805.139903,1782077742265833776,0,1,1,2,1
sensor_arrival,59900000000,59900.0,59993.908091,1782077742365833776,0,1,1,2,1
output_tick,59900000000,59900.0,59994.194403,1782077742365833776,0,1,1,2,1
output_tick,60000000000,60000.0,60002.593172,1782077742465833776,0,1,1,2,1
output_tick,60100000000,60100.0,60105.407091,1782077742565833776,0,1,1,2,1
output_tick,60200000000,60200.0,60205.389611,1782077742665833776,0,1,1,2,1
output_tick,60300000000,60300.0,60305.108652,1782077742765833776,0,1,1,2,1
sensor_arrival,60400000000,60400.0,60499.193584,1782077742865833776,0,1,1,2,1
output_tick,60400000000,60400.0,60499.35599,1782077742865833776,0,1,1,2,1
output_tick,60500000000,60500.0,60503.655448,1782077742965833776,0,1,1,2,1
output_tick,60600000000,60600.0,60604.282683,1782077743065833776,0,1,1,2,1
output_tick,60700000000,60700.0,60705.243564,1782077743165833776,0,1,1,2,1
output_tick,60800000000,60800.0,60804.223094,1782077743265833776,0,1,1,2,1
sensor_arrival,60900000000,60900.0,61001.103756,1782077743365833776,0,1,1,2,1
output_tick,60900000000,60900.0,61001.420382,1782077743365833776,0,1,1,2,1
output_tick,61000000000,61000.0,61004.77209,1782077743465833776,0,1,1,2,1
output_tick,61100000000,61100.0,61105.443566,1782077743565833776,0,1,1,2,1
output_tick,61200000000,61200.0,61206.034969,1782077743665833776,0,1,1,2,1
output_tick,61300000000,61300.0,61304.379986,1782077743765833776,0,1,1,2,1
sensor_arrival,61400000000,61400.0,61496.655972,1782077743865833776,0,1,1,2,1
output_tick,61400000000,61400.0,61497.026561,1782077743865833776,0,1,1,2,1
output_tick,61500000000,61500.0,61502.828522,1782077743965833776,0,1,1,2,1
output_tick,61600000000,61600.0,61605.003279,1782077744065833776,0,1,1,2,1
output_tick,61700000000,61700.0,61705.538553,1782077744165833776,0,1,1,2,1
output_tick,61800000000,61800.0,61803.734404,1782077744265833776,0,1,1,2,1
sensor_arrival,61900000000,61900.0,61993.394747,1782077744365833776,0,1,1,2,1
output_tick,61900000000,61900.0,61993.564672,1782077744365833776,0,1,1,2,1
output_tick,62000000000,62000.0,62003.609055,1782077744465833776,0,1,1,2,1
output_tick,62100000000,62100.0,62108.531896,1782077744565833776,0,1,1,2,1
output_tick,62200000000,62200.0,62207.555943,1782077744665833776,0,1,1,2,1
output_tick,62300000000,62300.0,62303.756888,1782077744765833776,0,1,1,2,1
sensor_arrival,62400000000,62400.0,62494.939569,1782077744865833776,0,1,1,2,1
output_tick,62400000000,62400.0,62495.105345,1782077744865833776,0,1,1,2,1
output_tick,62500000000,62500.0,62502.90212,1782077744965833776,0,1,1,2,1
output_tick,62600000000,62600.0,62605.645593,1782077745065833776,0,1,1,2,1
output_tick,62700000000,62700.0,62704.903823,1782077745165833776,0,1,1,2,1
output_tick,62800000000,62800.0,62805.173135,1782077745265833776,0,1,1,2,1
sensor_arrival,62900000000,62900.0,62989.09359,1782077745365833776,0,1,1,2,1
output_tick,62900000000,62900.0,62989.371513,1782077745365833776,0,1,1,2,1
output_tick,63000000000,63000.0,63003.492559,1782077745465833776,0,1,1,2,1
output_tick,63100000000,63100.0,63104.228756,1782077745565833776,0,1,1,2,1
output_tick,63200000000,63200.0,63205.078137,1782077745665833776,0,1,1,2,1
output_tick,63300000000,63300.0,63305.307264,1782077745765833776,0,1,1,2,1
sensor_arrival,63400000000,63400.0,63490.19045,1782077745865833776,0,1,1,2,1
output_tick,63400000000,63400.0,63490.354467,1782077745865833776,0,1,1,2,1
output_tick,63500000000,63500.0,63503.484375,1782077745965833776,0,1,1,2,1
output_tick,63600000000,63600.0,63604.527624,1782077746065833776,0,1,1,2,1
output_tick,63700000000,63700.0,63704.468494,1782077746165833776,0,1,1,2,1
output_tick,63800000000,63800.0,63804.499697,1782077746265833776,0,1,1,2,1
sensor_arrival,63900000000,63900.0,63994.21702,1782077746365833776,0,1,1,2,1
output_tick,63900000000,63900.0,63994.498239,1782077746365833776,0,1,1,2,1
output_tick,64000000000,64000.0,64002.822657,1782077746465833776,0,1,1,2,1
output_tick,64100000000,64100.0,64105.743943,1782077746565833776,0,1,1,2,1
output_tick,64200000000,64200.0,64205.133634,1782077746665833776,0,1,1,2,1
output_tick,64300000000,64300.0,64305.829275,1782077746765833776,0,1,1,2,1
sensor_arrival,64400000000,64400.0,64495.110435,1782077746865833776,0,1,1,2,1
output_tick,64400000000,64400.0,64495.278118,1782077746865833776,0,1,1,2,1
output_tick,64500000000,64500.0,64502.829711,1782077746965833776,0,1,1,2,1
output_tick,64600000000,64600.0,64605.756052,1782077747065833776,0,1,1,2,1
output_tick,64700000000,64700.0,64706.262157,1782077747165833776,0,1,1,2,1
output_tick,64800000000,64800.0,64805.247944,1782077747265833776,0,1,1,2,1
sensor_arrival,64900000000,64900.0,64991.648242,1782077747365833776,0,1,1,2,1
output_tick,64900000000,64900.0,64991.995294,1782077747365833776,0,1,1,2,1
output_tick,65000000000,65000.0,65003.157074,1782077747465833776,0,1,1,2,1
output_tick,65100000000,65100.0,65106.125395,1782077747565833776,0,1,1,2,1
output_tick,65200000000,65200.0,65205.750269,1782077747665833776,0,1,1,2,1
output_tick,65300000000,65300.0,65305.25405,1782077747765833776,0,1,1,2,1
sensor_arrival,65400000000,65400.0,65489.468204,1782077747865833776,0,1,1,2,1
output_tick,65400000000,65400.0,65489.627906,1782077747865833776,0,1,1,2,1
output_tick,65500000000,65500.0,65503.03907,1782077747965833776,0,1,1,2,1
output_tick,65600000000,65600.0,65605.579285,1782077748065833776,0,1,1,2,1
output_tick,65700000000,65700.0,65705.090696,1782077748165833776,0,1,1,2,1
output_tick,65800000000,65800.0,65806.646438,1782077748265833776,0,1,1,2,1
sensor_arrival,65900000000,65900.0,65994.744404,1782077748365833776,0,1,1,2,1
output_tick,65900000000,65900.0,65995.034179,1782077748365833776,0,1,1,2,1
output_tick,66000000000,66000.0,66002.893361,1782077748465833776,0,1,1,2,1
output_tick,66100000000,66100.0,66106.520954,1782077748565833776,0,1,1,2,1
output_tick,66200000000,66200.0,66205.559369,1782077748665833776,0,1,1,2,1
output_tick,66300000000,66300.0,66305.084354,1782077748765833776,0,1,1,2,1
sensor_arrival,66400000000,66400.0,66487.807966,1782077748865833776,0,1,1,2,1
output_tick,66400000000,66400.0,66488.09,1782077748865833776,0,1,1,2,1
output_tick,66500000000,66500.0,66504.484302,1782077748965833776,0,1,1,2,1
output_tick,66600000000,66600.0,66606.386892,1782077749065833776,0,1,1,2,1
output_tick,66700000000,66700.0,66706.888849,1782077749165833776,0,1,1,2,1
output_tick,66800000000,66800.0,66805.746358,1782077749265833776,0,1,1,2,1
sensor_arrival,66900000000,66900.0,66991.808584,1782077749365833776,0,1,1,2,1
output_tick,66900000000,66900.0,66991.974638,1782077749365833776,0,1,1,2,1
output_tick,67000000000,67000.0,67003.260249,1782077749465833776,0,1,1,2,1
output_tick,67100000000,67100.0,67105.048822,1782077749565833776,0,1,1,2,1
output_tick,67200000000,67200.0,67206.603083,1782077749665833776,0,1,1,2,1
output_tick,67300000000,67300.0,67307.230816,1782077749765833776,0,1,1,2,1
sensor_arrival,67400000000,67400.0,67495.72411,1782077749865833776,0,1,1,1,1
output_tick,67400000000,67400.0,67495.894442,1782077749865833776,0,1,1,1,1
output_tick,67500000000,67500.0,67504.320692,1782077749965833776,0,1,1,1,1
output_tick,67600000000,67600.0,67604.586299,1782077750065833776,0,1,1,1,1
output_tick,67700000000,67700.0,67705.568731,1782077750165833776,0,1,1,1,1
output_tick,67800000000,67800.0,67805.910503,1782077750265833776,0,1,1,1,1
sensor_arrival,67900000000,67900.0,67989.633103,1782077750365833776,0,1,1,1,1
output_tick,67900000000,67900.0,67989.9681,1782077750365833776,0,1,1,1,1
output_tick,68000000000,68000.0,68004.664844,1782077750465833776,0,1,1,1,1
output_tick,68100000000,68100.0,68105.918811,1782077750565833776,0,1,1,1,1
output_tick,68200000000,68200.0,68206.610246,1782077750665833776,0,1,1,1,1
output_tick,68300000000,68300.0,68305.512199,1782077750765833776,0,1,1,1,1
sensor_arrival,68400000000,68400.0,68479.225138,1782077750865833776,0,1,1,1,1
output_tick,68400000000,68400.0,68479.51495,1782077750865833776,0,1,1,1,1
output_tick,68500000000,68500.0,68505.334103,1782077750965833776,0,1,1,1,1
output_tick,68600000000,68600.0,68606.046131,1782077751065833776,0,1,1,1,1
output_tick,68700000000,68700.0,68703.03462,1782077751165833776,0,1,1,1,1
output_tick,68800000000,68800.0,68806.897487,1782077751265833776,0,1,1,1,1
sensor_arrival,68900000000,68900.0,68974.515763,1782077751365833776,0,1,1,1,0
output_tick,68900000000,68900.0,68974.858593,1782077751365833776,0,1,1,1,0
output_tick,69000000000,69000.0,69005.316164,1782077751465833776,0,1,1,1,0
output_tick,69100000000,69100.0,69105.622435,1782077751565833776,0,1,1,1,0
output_tick,69200000000,69200.0,69205.74182,1782077751665833776,0,1,1,1,0
output_tick,69300000000,69300.0,69307.00849,1782077751765833776,0,1,1,1,0
sensor_arrival,69400000000,69400.0,69473.128503,1782077751865833776,0,1,1,2,0
output_tick,69400000000,69400.0,69473.416574,1782077751865833776,0,1,1,2,0
output_tick,69500000000,69500.0,69506.249325,1782077751965833776,0,1,1,2,0
output_tick,69600000000,69600.0,69605.820419,1782077752065833776,0,1,1,2,0
output_tick,69700000000,69700.0,69706.479354,1782077752165833776,0,1,1,2,0
output_tick,69800000000,69800.0,69805.83956,1782077752265833776,0,1,1,2,0
sensor_arrival,69900000000,69900.0,69985.571124,1782077752365833776,0,1,1,2,0
output_tick,69900000000,69900.0,69985.779603,1782077752365833776,0,1,1,2,0
output_tick,70000000000,70000.0,70003.897813,1782077752465833776,0,1,1,2,0
output_tick,70100000000,70100.0,70105.045465,1782077752565833776,0,1,1,2,0
output_tick,70200000000,70200.0,70205.594475,1782077752665833776,0,1,1,2,0
output_tick,70300000000,70300.0,70306.045912,1782077752765833776,0,1,1,2,0
sensor_arrival,70400000000,70400.0,70472.771159,1782077752865833776,0,1,1,2,0
output_tick,70400000000,70400.0,70473.00212,1782077752865833776,0,1,1,2,0
output_tick,70500000000,70500.0,70505.619984,1782077752965833776,0,1,1,2,0
output_tick,70600000000,70600.0,70605.857774,1782077753065833776,0,1,1,2,0
output_tick,70700000000,70700.0,70705.772437,1782077753165833776,0,1,1,2,0
output_tick,70800000000,70800.0,70806.058394,1782077753265833776,0,1,1,2,0
sensor_arrival,70900000000,70900.0,71001.095194,1782077753365833776,0,1,1,1,1
output_tick,70900000000,70900.0,71001.407802,1782077753365833776,0,1,1,1,1
output_tick,71000000000,71000.0,71004.106183,1782077753465833776,0,1,1,1,1
output_tick,71100000000,71100.0,71106.498674,1782077753565833776,0,1,1,1,1
output_tick,71200000000,71200.0,71205.944935,1782077753665833776,0,1,1,1,1
output_tick,71300000000,71300.0,71306.581314,1782077753765833776,0,1,1,1,1
sensor_arrival,71400000000,71400.0,71493.976671,1782077753865833776,0,1,1,1,1
output_tick,71400000000,71400.0,71494.128837,1782077753865833776,0,1,1,1,1
output_tick,71500000000,71500.0,71503.265339,1782077753965833776,0,1,1,1,1
output_tick,71600000000,71600.0,71607.139982,1782077754065833776,0,1,1,1,1
output_tick,71700000000,71700.0,71705.94723,1782077754165833776,0,1,1,1,1
output_tick,71800000000,71800.0,71805.282732,1782077754265833776,0,1,1,1,1
sensor_arrival,71900000000,71900.0,71967.592188,1782077754365833776,0,1,1,0,1
output_tick,71900000000,71900.0,71967.80476,1782077754365833776,0,1,1,0,1
output_tick,72000000000,72000.0,72005.108411,1782077754465833776,0,1,1,0,1
output_tick,72100000000,72100.0,72107.13209,1782077754565833776,0,1,1,0,1
output_tick,72200000000,72200.0,72206.316742,1782077754665833776,0,1,1,0,1
output_tick,72300000000,72300.0,72304.991121,1782077754765833776,0,1,1,0,1
sensor_arrival,72400000000,72400.0,72482.671092,1782077754865833776,0,1,1,0,1
output_tick,72400000000,72400.0,72482.991311,1782077754865833776,0,1,1,0,1
output_tick,72500000000,72500.0,72505.190685,1782077754965833776,0,1,1,0,1
output_tick,72600000000,72600.0,72605.802415,1782077755065833776,0,1,1,0,1
output_tick,72700000000,72700.0,72705.140268,1782077755165833776,0,1,1,0,1
output_tick,72800000000,72800.0,72804.646231,1782077755265833776,0,1,1,0,1
sensor_arrival,72900000000,72900.0,72993.657145,1782077755365833776,0,1,1,1,1
output_tick,72900000000,72900.0,72994.031512,1782077755365833776,0,1,1,1,1
output_tick,73000000000,73000.0,73003.042441,1782077755465833776,0,1,1,1,1
output_tick,73100000000,73100.0,73104.183148,1782077755565833776,0,1,1,1,1
output_tick,73200000000,73200.0,73204.182828,1782077755665833776,0,1,1,1,1
output_tick,73300000000,73300.0,73303.598477,1782077755765833776,0,1,1,1,1
sensor_arrival,73400000000,73400.0,73494.360466,1782077755865833776,0,1,1,1,1
output_tick,73400000000,73400.0,73494.521057,1782077755865833776,0,1,1,1,1
output_tick,73500000000,73500.0,73503.200286,1782077755965833776,0,1,1,1,1
output_tick,73600000000,73600.0,73606.407083,1782077756065833776,0,1,1,1,1
output_tick,73700000000,73700.0,73704.515633,1782077756165833776,0,1,1,1,1
output_tick,73800000000,73800.0,73804.490758,1782077756265833776,0,1,1,1,1
sensor_arrival,73900000000,73900.0,73986.445574,1782077756365833776,0,1,1,1,1
output_tick,73900000000,73900.0,73986.780904,1782077756365833776,0,1,1,1,1
output_tick,74000000000,74000.0,74004.213824,1782077756465833776,0,1,1,1,1
output_tick,74100000000,74100.0,74104.875757,1782077756565833776,0,1,1,1,1
output_tick,74200000000,74200.0,74204.160573,1782077756665833776,0,1,1,1,1
output_tick,74300000000,74300.0,74304.356029,1782077756765833776,0,1,1,1,1
sensor_arrival,74400000000,74400.0,74494.936389,1782077756865833776,0,1,1,1,1
output_tick,74400000000,74400.0,74495.103332,1782077756865833776,0,1,1,1,1
output_tick,74500000000,74500.0,74503.110012,1782077756965833776,0,1,1,1,1
output_tick,74600000000,74600.0,74603.934832,1782077757065833776,0,1,1,1,1
output_tick,74700000000,74700.0,74705.378182,1782077757165833776,0,1,1,1,1
output_tick,74800000000,74800.0,74805.18953,1782077757265833776,0,1,1,1,1
sensor_arrival,74900000000,74900.0,74989.070715,1782077757365833776,0,1,1,1,1
output_tick,74900000000,74900.0,74989.349749,1782077757365833776,0,1,1,1,1
output_tick,75000000000,75000.0,75003.459906,1782077757465833776,0,1,1,1,1
output_tick,75100000000,75100.0,75105.841933,1782077757565833776,0,1,1,1,1
output_tick,75200000000,75200.0,75205.124156,1782077757665833776,0,1,1,1,1
output_tick,75300000000,75300.0,75304.685895,1782077757765833776,0,1,1,1,1
sensor_arrival,75400000000,75400.0,75490.226119,1782077757865833776,0,1,1,1,1
output_tick,75400000000,75400.0,75490.605523,1782077757865833776,0,1,1,1,1
output_tick,75500000000,75500.0,75502.996845,1782077757965833776,0,1,1,1,1
output_tick,75600000000,75600.0,75603.676906,1782077758065833776,0,1,1,1,1
output_tick,75700000000,75700.0,75706.338874,1782077758165833776,0,1,1,1,1
output_tick,75800000000,75800.0,75806.394941,1782077758265833776,0,1,1,1,1
sensor_arrival,75900000000,75900.0,75990.837693,1782077758365833776,0,1,1,1,1
output_tick,75900000000,75900.0,75991.120376,1782077758365833776,0,1,1,1,1
output_tick,76000000000,76000.0,76003.503753,1782077758465833776,0,1,1,1,1
output_tick,76100000000,76100.0,76104.523108,1782077758565833776,0,1,1,1,1
output_tick,76200000000,76200.0,76205.119725,1782077758665833776,0,1,1,1,1
output_tick,76300000000,76300.0,76305.724972,1782077758765833776,0,1,1,1,1
sensor_arrival,76400000000,76400.0,76488.256447,1782077758865833776,0,1,1,1,0
output_tick,76400000000,76400.0,76488.547777,1782077758865833776,0,1,1,1,0
output_tick,76500000000,76500.0,76505.155317,1782077758965833776,0,1,1,1,0
output_tick,76600000000,76600.0,76606.424224,1782077759065833776,0,1,1,1,0
output_tick,76700000000,76700.0,76705.728909,1782077759165833776,0,1,1,1,0
output_tick,76800000000,76800.0,76806.668838,1782077759265833776,0,1,1,1,0
sensor_arrival,76900000000,76900.0,76990.94922,1782077759365833776,0,1,1,1,0
output_tick,76900000000,76900.0,76991.115034,1782077759365833776,0,1,1,1,0
output_tick,77000000000,77000.0,77003.720279,1782077759465833776,0,1,1,1,0
output_tick,77100000000,77100.0,77106.409894,1782077759565833776,0,1,1,1,0
output_tick,77200000000,77200.0,77204.884328,1782077759665833776,0,1,1,1,0
output_tick,77300000000,77300.0,77306.336715,1782077759765833776,0,1,1,1,0
sensor_arrival,77400000000,77400.0,77491.538829,1782077759865833776,0,1,1,1,0
output_tick,77400000000,77400.0,77491.832326,1782077759865833776,0,1,1,1,0
output_tick,77500000000,77500.0,77503.35049,1782077759965833776,0,1,1,1,0
output_tick,77600000000,77600.0,77605.155521,1782077760065833776,0,1,1,1,0
output_tick,77700000000,77700.0,77705.848673,1782077760165833776,0,1,1,1,0
output_tick,77800000000,77800.0,77805.343319,1782077760265833776,0,1,1,1,0
sensor_arrival,77900000000,77900.0,77992.863336,1782077760365833776,0,1,1,1,0
output_tick,77900000000,77900.0,77993.159888,1782077760365833776,0,1,1,1,0
output_tick,78000000000,78000.0,78003.29364,1782077760465833776,0,1,1,1,0
output_tick,78100000000,78100.0,78105.672554,1782077760565833776,0,1,1,1,0
output_tick,78200000000,78200.0,78207.153032,1782077760665833776,0,1,1,1,0
output_tick,78300000000,78300.0,78305.802612,1782077760765833776,0,1,1,1,0
sensor_arrival,78400000000,78400.0,78492.859263,1782077760865833776,0,1,1,1,0
output_tick,78400000000,78400.0,78493.199667,1782077760865833776,0,1,1,1,0
output_tick,78500000000,78500.0,78503.02507,1782077760965833776,0,1,1,1,0
output_tick,78600000000,78600.0,78605.88383,1782077761065833776,0,1,1,1,0
output_tick,78700000000,78700.0,78705.982433,1782077761165833776,0,1,1,1,0
output_tick,78800000000,78800.0,78805.918092,1782077761265833776,0,1,1,1,0
sensor_arrival,78900000000,78900.0,78997.496123,1782077761365833776,0,1,1,1,1
output_tick,78900000000,78900.0,78997.883897,1782077761365833776,0,1,1,1,1
