run	payload_bytes	rtt_ms	one_way_est_ms
0	256	10.245098	5.122549
1	256	7.604841	3.8024205
2	256	6.693876	3.346938
3	256	24.039042	12.019521
4	256	11.038481	5.5192405
5	256	7.098881	3.5494405
6	256	22.66131	11.330655
7	256	11.382914	5.691457
8	256	7.532392	3.766196
9	256	7.01693	3.508465
10	256	22.635181	11.3175905
11	256	10.989785	5.4948925
12	256	8.646454	4.323227
13	256	23.243284	11.621642
14	256	22.48078	11.24039
15	256	9.939859	4.9699295
16	256	23.05919	11.529595
17	256	11.57057	5.785285
18	256	9.682128	4.841064
19	256	7.958776	3.979388
20	256	68.312925	34.1564625
21	256	11.36985	5.684925
22	256	12.837846	6.418923
23	256	7.692731	3.8463655
24	256	7.787747	3.8938735
25	256	7.502699	3.7513495
26	256	7.456379	3.7281895
27	256	8.707026	4.353513
28	256	7.733113	3.8665565
29	256	7.402932	3.701466
30	256	9.330569	4.6652845
31	256	23.35849	11.679245
32	256	11.25583	5.627915
33	256	7.52289	3.761445
34	256	7.170143	3.5850715
35	256	6.596484	3.298242
36	256	6.848276	3.424138
37	256	6.692688	3.346344
38	256	7.110758	3.555379
39	256	7.281787	3.6408935
40	256	11.341344	5.670672
41	256	8.392286	4.196143
42	256	6.971797	3.4858985
43	256	22.433272	11.216636
44	256	10.775999	5.3879995
45	256	7.195085	3.5975425
46	256	6.911225	3.4556125
47	256	6.620238	3.310119
48	256	6.984862	3.492431
49	256	6.820959	3.4104795
50	256	6.70694	3.35347
51	256	7.492009	3.7460045
52	256	6.866092	3.433046
53	256	7.317418	3.658709
54	256	7.391056	3.695528
55	256	22.8941	11.44705
56	256	26.135333	13.0676665
57	256	10.774812	5.387406
58	256	7.021681	3.5108405
59	256	6.554915	3.2774575
60	256	112.821972	56.410986
61	256	108.182816	54.091408
62	256	7.198648	3.599324
63	256	6.847089	3.4235445
64	256	7.429062	3.714531
65	256	6.877969	3.4389845
66	256	9.458841	4.7294205
67	256	7.178457	3.5892285
68	256	6.905285	3.4526425
69	256	6.927781	3.4638905
70	256	23.307178	11.653589
71	256	12.945794	6.472897
72	256	7.681963	3.8409815
73	256	6.730625	3.3653125
74	256	6.958661	3.4793305
75	256	8.17129	4.085645
76	256	6.705683	3.3528415
77	256	6.76863	3.384315
78	256	7.715218	3.857609
79	256	6.863646	3.431823
80	256	6.924218	3.462109
81	256	6.847018	3.423509
82	256	17.246409	8.6232045
83	256	6.572663	3.2863315
84	256	6.957473	3.4787365
85	256	7.670086	3.835043
86	256	18.203685	9.1018425
87	256	6.818514	3.409257
88	256	6.874335	3.4371675
89	256	6.835141	3.4175705
90	256	6.469334	3.234667
91	256	6.693806	3.346903
92	256	6.678367	3.3391835
93	256	6.79476	3.39738
94	256	6.785258	3.392629
95	256	7.417108	3.708554
96	256	11.132195	5.5660975
97	256	113.278066	56.639033
98	256	7.379102	3.689551
99	256	22.385533	11.1927665
100	256	10.223614	5.111807
101	256	6.788822	3.394411
102	256	6.824452	3.412226
103	256	6.819702	3.409851
104	256	6.843456	3.421728
105	256	7.020421	3.5102105
106	256	7.963444	3.981722
107	256	17.3438	8.6719
108	256	6.781695	3.3908475
109	256	7.044174	3.522087
110	256	6.77932	3.38966
111	256	6.673616	3.336808
112	256	6.481211	3.2406055
113	256	22.555372	11.277686
114	256	11.049056	5.524528
115	256	7.322093	3.6610465
116	256	7.134439	3.5672195
117	256	10.722442	5.361221
118	256	9.490811	4.7454055
119	256	6.836329	3.4181645
120	256	6.90284	3.45142
121	256	6.553659	3.2768295
122	256	6.991916	3.495958
123	256	6.803074	3.401537
124	256	6.843455	3.4217275
125	256	6.754379	3.3771895
126	256	6.943221	3.4716105
127	256	6.875523	3.4377615
128	256	6.976476	3.488238
129	256	22.431853	11.2159265
130	256	11.280655	5.6403275
131	256	6.832766	3.416383
132	256	6.465771	3.2328855
133	256	6.427764	3.213882
134	256	6.722311	3.3611555
135	256	6.652237	3.3261185
136	256	6.539407	3.2697035
137	256	6.724686	3.362343
138	256	6.534656	3.267328
139	256	6.577413	3.2887065
140	256	6.29118	3.14559
141	256	6.661739	3.3308695
142	256	6.693806	3.346903
143	256	6.472897	3.2364485
144	256	6.565536	3.282768
145	256	9.407673	4.7038365
146	256	6.477647	3.2388235
147	256	6.664114	3.332057
148	256	6.642736	3.321368
149	256	6.501401	3.2507005
150	256	6.339876	3.169938
151	256	6.336313	3.1681565
152	256	6.617795	3.3088975
153	256	6.535845	3.2679225
154	256	6.57385	3.286925
155	256	6.583352	3.291676
156	256	6.387383	3.1936915
157	256	6.85652	3.42826
158	256	6.62492	3.31246
159	256	7.704529	3.8522645
160	256	9.261587	4.6307935
161	256	7.319718	3.659859
162	256	8.147536	4.073768
163	256	22.227571	11.1137855
164	256	10.10247	5.051235
165	256	6.585727	3.2928635
166	256	6.646299	3.3231495
167	256	6.367192	3.183596
168	256	6.595229	3.2976145
169	256	18.94124	9.47062
170	256	9.25446	4.62723
171	256	6.755566	3.377783
172	256	6.338688	3.169344
173	256	6.27099	3.135495
174	256	6.959849	3.4799245
175	256	6.457423	3.2287115
176	256	6.969283	3.4846415
177	256	22.740431	11.3702155
178	256	10.222327	5.1111635
179	256	6.723434	3.361717
180	256	6.711557	3.3557785
181	256	7.172375	3.5861875
182	256	8.597586	4.298793
183	256	6.539344	3.269672
184	256	6.401574	3.200787
185	256	6.34219	3.171095
186	256	7.411098	3.705549
187	256	6.527467	3.2637335
188	256	6.414638	3.207319
189	256	6.508464	3.254232
190	256	24.023122	12.011561
191	256	11.357745	5.6788725
192	256	11.484827	5.7424135
193	256	9.318505	4.6592525
194	256	6.516778	3.258389
195	256	6.615355	3.3076775
196	256	6.346941	3.1734705
197	256	6.653361	3.3266805
198	256	6.484711	3.2423555
199	256	6.608229	3.3041145
200	256	22.539714	11.269857
201	256	10.160568	5.080284
202	256	6.463333	3.2316665
203	256	6.755501	3.3777505
204	256	6.458582	3.229291
205	256	22.135905	11.0679525
206	256	12.677254	6.338627
207	256	7.045294	3.522647
208	256	72.917365	36.4586825
209	256	6.634358	3.317179
210	256	7.160498	3.580249
211	256	7.208006	3.604003
212	256	22.308117	11.1540585
213	256	10.211638	5.105819
214	256	21.945876	10.972938
215	256	9.93966	4.96983
216	256	22.214291	11.1071455
217	256	6.314873	3.1574365
218	256	6.529842	3.264921
219	256	7.392095	3.6960475
220	256	6.185417	3.0927085
221	256	6.47996	3.23998
222	256	6.630795	3.3153975
223	256	6.564285	3.2821425
224	256	6.155724	3.077862
225	256	6.536969	3.2684845
226	256	6.654549	3.3272745
227	256	6.836263	3.4181315
228	256	6.711557	3.3557785
229	256	6.563097	3.2815485
230	256	24.115761	12.0578805
231	256	9.987167	4.9935835
232	256	7.569059	3.7845295
233	256	6.725809	3.3629045
234	256	22.089585	11.0447925
235	256	25.814137	12.9070685
236	256	14.247361	7.1236805
237	256	6.493024	3.246512
238	256	6.550033	3.2750165
239	256	6.528655	3.2643275
240	256	6.630794	3.315397
241	256	7.613003	3.8065015
242	256	6.557159	3.2785795
243	256	6.508464	3.254232
244	256	6.624856	3.312428
245	256	6.463333	3.2316665
246	256	6.583288	3.291644
247	256	6.646235	3.3231175
248	256	6.61298	3.30649
249	256	6.578537	3.2892685
250	256	6.717496	3.358748
251	256	9.146292	4.573146
252	256	6.358817	3.1794085
253	256	6.345752	3.172876
254	256	6.565472	3.282736
255	256	6.513215	3.2566075
256	256	7.401596	3.700798
257	256	6.427703	3.2138515
258	256	6.88377	3.441885
259	256	6.579725	3.2898625
260	256	6.941966	3.470983
261	256	6.674739	3.3373695
262	256	6.722246	3.361123
263	256	6.56666	3.28333
264	256	6.742437	3.3712185
265	256	6.367131	3.1835655
266	256	8.592836	4.296418
267	256	6.584475	3.2922375
268	256	6.509652	3.254826
269	256	6.593977	3.2969885
270	256	6.960969	3.4804845
271	256	7.489485	3.7447425
272	256	6.460957	3.2304785
273	256	6.51559	3.257795
274	256	6.588038	3.294019
275	256	6.807759	3.4038795
276	256	6.547657	3.2738285
277	256	6.534593	3.2672965
278	256	6.593977	3.2969885
279	256	6.850515	3.4252575
280	256	6.738874	3.369437
281	256	8.342236	4.171118
282	256	6.693742	3.346871
283	256	6.554724	3.277362
284	256	6.64855	3.324275
285	256	6.595104	3.297552
286	256	7.468039	3.7340195
287	256	6.441896	3.220948
288	256	6.629547	3.3147735
289	256	6.849265	3.4246325
290	256	6.620046	3.310023
291	256	6.545222	3.272611
292	256	6.574915	3.2874575
293	256	6.500091	3.2500455
294	256	7.015538	3.507769
295	256	6.634298	3.317149
296	256	8.561878	4.280939
297	256	6.618858	3.309429
298	256	6.642611	3.3213055
299	256	6.447834	3.223917
===== NETWORK SUMMARY =====
Runs: 300
Payload: 256 bytes
Mean RTT: 10.304 ms
Median RTT: 6.854 ms
P95 RTT: 22.740 ms
P99 RTT: 72.917 ms
Max RTT: 113.278 ms
Estimated one-way max: 56.639 ms
===========================
