run,payload_bytes,rtt_ms,one_way_est_ms
0,256,10.882458,5.441229
1,256,11.010875,5.5054375
2,256,10.952583,5.4762915
3,256,10.763083,5.3815415
4,256,11.129792,5.564896
5,256,12.035583,6.0177915
6,256,12.666791,6.3333955
7,256,26.236792,13.118396
8,256,10.341333,5.1706665
9,256,11.784333,5.8921665
10,256,10.967875,5.4839375
11,256,11.09175,5.545875
12,256,11.122167,5.5610835
13,256,11.186917,5.5934585
14,256,10.2595,5.12975
15,256,9.778583,4.8892915
16,256,11.03325,5.516625
17,256,18.124125,9.0620625
18,256,11.035292,5.517646
19,256,10.885625,5.4428125
20,256,11.313459,5.6567295
21,256,10.585708,5.292854
22,256,11.145625,5.5728125
23,256,10.744209,5.3721045
24,256,14.171292,7.085646
25,256,11.98175,5.990875
26,256,11.650125,5.8250625
27,256,12.3575,6.17875
28,256,10.732042,5.366021
29,256,11.107541,5.5537705
30,256,11.012167,5.5060835
31,256,12.286667,6.1433335
32,256,10.913333,5.4566665
33,256,11.604792,5.802396
34,256,10.135417,5.0677085
35,256,93.592875,46.7964375
36,256,12.094041,6.0470205
37,256,10.674084,5.337042
38,256,9.65225,4.826125
39,256,10.5075,5.25375
40,256,11.508708,5.754354
41,256,10.8945,5.44725
42,256,9.569167,4.7845835
43,256,10.170708,5.085354
44,256,12.675875,6.3379375
45,256,11.035292,5.517646
46,256,10.465209,5.2326045
47,256,11.390417,5.6952085
48,256,10.870666,5.435333
49,256,10.826833,5.4134165
50,256,10.336083,5.1680415
51,256,12.662083,6.3310415
52,256,10.503583,5.2517915
53,256,19.664541,9.8322705
54,256,10.325791,5.1628955
55,256,12.000791,6.0003955
56,256,14.108583,7.0542915
57,256,10.587208,5.293604
58,256,10.401625,5.2008125
59,256,9.400916,4.700458
60,256,9.731291,4.8656455
61,256,9.771166,4.885583
62,256,12.581667,6.2908335
63,256,14.348916,7.174458
64,256,13.098875,6.5494375
65,256,9.788208,4.894104
66,256,10.183208,5.091604
67,256,9.834416,4.917208
68,256,9.971958,4.985979
69,256,11.144834,5.572417
70,256,10.657708,5.328854
71,256,9.757083,4.8785415
72,256,10.82725,5.413625
73,256,11.687459,5.8437295
74,256,96.275417,48.1377085
75,256,10.8445,5.42225
76,256,10.608125,5.3040625
77,256,11.33225,5.666125
78,256,9.475542,4.737771
79,256,10.99125,5.495625
80,256,10.865,5.4325
81,256,10.951167,5.4755835
82,256,9.598333,4.7991665
83,256,11.415458,5.707729
84,256,10.594875,5.2974375
85,256,10.774208,5.387104
86,256,10.161625,5.0808125
87,256,10.065833,5.0329165
88,256,11.547083,5.7735415
89,256,10.968375,5.4841875
90,256,10.845667,5.4228335
91,256,11.72875,5.864375
92,256,11.102583,5.5512915
93,256,9.780834,4.890417
94,256,13.281041,6.6405205
95,256,9.66025,4.830125
96,256,10.517542,5.258771
97,256,8.861709,4.4308545
98,256,9.878292,4.939146
99,256,10.053625,5.0268125
100,256,10.125458,5.062729
101,256,13.536125,6.7680625
102,256,9.803709,4.9018545
103,256,9.760458,4.880229
104,256,9.818875,4.9094375
105,256,9.831125,4.9155625
106,256,8.612,4.306
107,256,9.960375,4.9801875
108,256,9.897459,4.9487295
109,256,9.707209,4.8536045
110,256,9.960125,4.9800625
111,256,12.507667,6.2538335
112,256,10.982625,5.4913125
113,256,10.616583,5.3082915
114,256,9.814708,4.907354
115,256,10.656333,5.3281665
116,256,97.481458,48.740729
117,256,9.771625,4.8858125
118,256,10.984208,5.492104
119,256,9.8705,4.93525
120,256,9.74525,4.872625
121,256,10.829083,5.4145415
122,256,10.104959,5.0524795
123,256,11.29325,5.646625
124,256,9.942459,4.9712295
125,256,10.753125,5.3765625
126,256,10.158167,5.0790835
127,256,9.973583,4.9867915
128,256,9.574167,4.7870835
129,256,9.838959,4.9194795
130,256,9.802084,4.901042
131,256,9.756333,4.8781665
132,256,9.879041,4.9395205
133,256,12.886125,6.4430625
134,256,12.026,6.013
135,256,11.135709,5.5678545
136,256,9.828792,4.914396
137,256,10.532917,5.2664585
138,256,10.997417,5.4987085
139,256,9.777416,4.888708
140,256,10.273625,5.1368125
141,256,9.786875,4.8934375
142,256,9.922125,4.9610625
143,256,10.074375,5.0371875
144,256,9.5975,4.79875
145,256,10.28325,5.141625
146,256,9.419584,4.709792
147,256,10.449833,5.2249165
148,256,10.960375,5.4801875
149,256,10.804209,5.4021045
150,256,11.174167,5.5870835
151,256,11.844416,5.922208
152,256,10.157,5.0785
153,256,10.734875,5.3674375
154,256,10.091875,5.0459375
155,256,9.594584,4.797292
156,256,11.068666,5.534333
157,256,10.230167,5.1150835
158,256,97.230209,48.6151045
159,256,9.740333,4.8701665
160,256,10.749541,5.3747705
161,256,11.038792,5.519396
162,256,10.376625,5.1883125
163,256,11.020917,5.5104585
164,256,10.291,5.1455
165,256,8.981208,4.490604
166,256,10.120209,5.0601045
167,256,9.924,4.962
168,256,9.806625,4.9033125
169,256,10.123125,5.0615625
170,256,10.511583,5.2557915
171,256,11.323333,5.6616665
172,256,12.442625,6.2213125
173,256,9.410541,4.7052705
174,256,13.026042,6.513021
175,256,13.081084,6.540542
176,256,10.721791,5.3608955
177,256,11.291,5.6455
178,256,9.967209,4.9836045
179,256,11.750291,5.8751455
180,256,9.313917,4.6569585
181,256,9.7185,4.85925
182,256,11.8975,5.94875
183,256,8.502209,4.2511045
184,256,9.909875,4.9549375
185,256,11.678292,5.839146
186,256,11.158792,5.579396
187,256,9.904292,4.952146
188,256,10.974291,5.4871455
189,256,9.924041,4.9620205
190,256,10.10325,5.051625
191,256,10.244042,5.122021
192,256,10.235542,5.117771
193,256,10.307583,5.1537915
194,256,9.945375,4.9726875
195,256,11.438875,5.7194375
196,256,10.4905,5.24525
197,256,10.638375,5.3191875
198,256,10.534209,5.2671045
199,256,99.319875,49.6599375
200,256,11.075125,5.5375625
201,256,10.606458,5.303229
202,256,11.008375,5.5041875
203,256,11.470458,5.735229
204,256,9.823792,4.911896
205,256,9.689208,4.844604
206,256,10.463792,5.231896
207,256,10.723875,5.3619375
208,256,9.387708,4.693854
209,256,11.233333,5.6166665
210,256,10.825125,5.4125625
211,256,10.801875,5.4009375
212,256,11.94675,5.973375
213,256,11.168625,5.5843125
214,256,11.629542,5.814771
215,256,10.207875,5.1039375
216,256,9.583959,4.7919795
217,256,10.503458,5.251729
218,256,9.686042,4.843021
219,256,11.517333,5.7586665
220,256,10.212875,5.1064375
221,256,10.1,5.05
222,256,25.057,12.5285
223,256,10.8535,5.42675
224,256,10.429208,5.214604
225,256,9.912125,4.9560625
226,256,9.708583,4.8542915
227,256,13.766458,6.883229
228,256,11.726042,5.863021
229,256,10.576,5.288
230,256,10.576125,5.2880625
231,256,10.815166,5.407583
232,256,10.892916,5.446458
233,256,11.643791,5.8218955
234,256,11.305459,5.6527295
235,256,9.830541,4.9152705
236,256,11.425917,5.7129585
237,256,10.894042,5.447021
238,256,97.536625,48.7683125
239,256,9.58475,4.792375
240,256,9.605125,4.8025625
241,256,10.650834,5.325417
242,256,9.545542,4.772771
243,256,9.409417,4.7047085
244,256,10.134916,5.067458
245,256,9.436625,4.7183125
246,256,9.969333,4.9846665
247,256,9.516209,4.7581045
248,256,10.068125,5.0340625
249,256,10.550417,5.2752085
250,256,9.366125,4.6830625
251,256,13.158625,6.5793125
252,256,10.595834,5.297917
253,256,9.311167,4.6555835
254,256,11.033833,5.5169165
255,256,9.8415,4.92075
256,256,9.839625,4.9198125
257,256,9.869041,4.9345205
258,256,9.599125,4.7995625
259,256,13.26025,6.630125
260,256,10.2695,5.13475
261,256,11.964083,5.9820415
262,256,10.799542,5.399771
263,256,10.378542,5.189271
264,256,11.7735,5.88675
265,256,9.864833,4.9324165
266,256,10.868333,5.4341665
267,256,11.5725,5.78625
268,256,18.024292,9.012146
269,256,11.748917,5.8744585
270,256,9.28,4.64
271,256,9.716708,4.858354
272,256,9.6085,4.80425
273,256,9.847542,4.923771
274,256,10.209917,5.1049585
275,256,11.761375,5.8806875
276,256,9.981792,4.990896
277,256,10.254958,5.127479
278,256,9.701958,4.850979
279,256,96.589584,48.294792
280,256,9.587084,4.793542
281,256,9.995709,4.9978545
282,256,8.932541,4.4662705
283,256,9.830417,4.9152085
284,256,10.91425,5.457125
285,256,9.610291,4.8051455
286,256,9.504083,4.7520415
287,256,10.010042,5.005021
288,256,10.576541,5.2882705
289,256,11.282417,5.6412085
290,256,10.534917,5.2674585
291,256,10.672291,5.3361455
292,256,10.833792,5.416896
293,256,11.069,5.5345
294,256,10.515,5.2575
295,256,13.316583,6.6582915
296,256,16.32875,8.164375
297,256,11.039458,5.519729
298,256,15.379,7.6895
299,256,10.09075,5.045375
