logical_time_ns,logical_time_ms,steer_present,accelerator_present,brake_present,steer,accelerator,brake
7000000000,7000.0,1,1,1,1,0.796078431372549,0.0156862745098039
7100000000,7100.0,1,1,1,1,0.7686274509803922,0.0274509803921568
7200000000,7200.0,1,1,1,1,0.7647058823529411,0.0196078431372549
7300000000,7300.0,1,1,1,1,0.7764705882352941,0.0196078431372549
7400000000,7400.0,1,1,1,1,0.7725490196078432,0.0196078431372549
7500000000,7500.0,1,1,1,1,0.7372549019607844,0.0196078431372549
7600000000,7600.0,1,1,1,1,0.7372549019607844,0.0196078431372549
7700000000,7700.0,1,1,1,1,0.7411764705882353,0.0156862745098039
7800000000,7800.0,1,1,1,1,0.7372549019607844,0.0196078431372549
7900000000,7900.0,1,1,1,1,0.7411764705882353,0.0156862745098039
8000000000,8000.0,1,1,1,1,0.7450980392156863,0.0156862745098039
8100000000,8100.0,1,1,1,1,0.7490196078431373,0.0196078431372549
8200000000,8200.0,1,1,1,1,0.7490196078431373,0.0156862745098039
8300000000,8300.0,1,1,1,1,0.7529411764705882,0.0196078431372549
8400000000,8400.0,1,1,1,1,0.7490196078431373,0.0156862745098039
8500000000,8500.0,1,1,1,1,0.7529411764705882,0.0156862745098039
8600000000,8600.0,1,1,1,1,0.7686274509803922,0.0156862745098039
8700000000,8700.0,1,1,1,1,0.8235294117647058,0.0196078431372549
8800000000,8800.0,1,1,1,1,0.8745098039215686,0.0156862745098039
8900000000,8900.0,1,1,1,1,0.8745098039215686,0.0156862745098039
9000000000,9000.0,1,1,1,1,0.8745098039215686,0.0156862745098039
9100000000,9100.0,1,1,1,1,0.8745098039215686,0.0196078431372549
9200000000,9200.0,1,1,1,1,0.8745098039215686,0.0156862745098039
9300000000,9300.0,1,1,1,1,0.8745098039215686,0.0196078431372549
9400000000,9400.0,1,1,1,1,0.8666666666666667,0.0156862745098039
9500000000,9500.0,1,1,1,1,0.8549019607843137,0.0156862745098039
9600000000,9600.0,1,1,1,1,0.8470588235294118,0.0156862745098039
9700000000,9700.0,1,1,1,1,0.8470588235294118,0.0196078431372549
9800000000,9800.0,1,1,1,1,0.8431372549019608,0.0156862745098039
9900000000,9900.0,1,1,1,1,0.8431372549019608,0.0156862745098039
10000000000,10000.0,1,1,1,1,0.8470588235294118,0.0156862745098039
10100000000,10100.0,1,1,1,1,0.8509803921568627,0.0156862745098039
10200000000,10200.0,1,1,1,1,0.8431372549019608,0.0156862745098039
10300000000,10300.0,1,1,1,1,0.8470588235294118,0.0196078431372549
10400000000,10400.0,1,1,1,1,0.8588235294117647,0.0196078431372549
10500000000,10500.0,1,1,1,1,0.8627450980392157,0.0156862745098039
10600000000,10600.0,1,1,1,1,0.8509803921568627,0.0196078431372549
10700000000,10700.0,1,1,1,1,0.8549019607843137,0.0196078431372549
10800000000,10800.0,1,1,1,1,0.8549019607843137,0.0156862745098039
10900000000,10900.0,1,1,1,1,0.8549019607843137,0.0196078431372549
11000000000,11000.0,1,1,1,1,0.8549019607843137,0.0196078431372549
11100000000,11100.0,1,1,1,1,0.8627450980392157,0.0196078431372549
11200000000,11200.0,1,1,1,1,0.8392156862745098,0.0196078431372549
11300000000,11300.0,1,1,1,1,0.8549019607843137,0.0196078431372549
11400000000,11400.0,1,1,1,1,0.8627450980392157,0.0156862745098039
11500000000,11500.0,1,1,1,1,0.8588235294117647,0.0196078431372549
11600000000,11600.0,1,1,1,1,0.8627450980392157,0.0196078431372549
11700000000,11700.0,1,1,1,1,0.8666666666666667,0.0196078431372549
11800000000,11800.0,1,1,1,1,0.8666666666666667,0.0196078431372549
11900000000,11900.0,1,1,1,1,0.8666666666666667,0.0156862745098039
12000000000,12000.0,1,1,1,1,0.8705882352941177,0.0196078431372549
12100000000,12100.0,1,1,1,1,0.8627450980392157,0.0156862745098039
12200000000,12200.0,1,1,1,1,0.8627450980392157,0.0156862745098039
12300000000,12300.0,1,1,1,1,0.8627450980392157,0.0156862745098039
12400000000,12400.0,1,1,1,1,0.8627450980392157,0.0196078431372549
12500000000,12500.0,1,1,1,1,0.8666666666666667,0.0156862745098039
12600000000,12600.0,1,1,1,1,0.8627450980392157,0.0196078431372549
12700000000,12700.0,1,1,1,1,0.8666666666666667,0.0156862745098039
12800000000,12800.0,1,1,1,1,0.8666666666666667,0.0196078431372549
12900000000,12900.0,1,1,1,1,0.8627450980392157,0.0196078431372549
13000000000,13000.0,1,1,1,1,0.8666666666666667,0.0156862745098039
13100000000,13100.0,1,1,1,1,0.8666666666666667,0.0196078431372549
13200000000,13200.0,1,1,1,1,0.8666666666666667,0.0196078431372549
13300000000,13300.0,1,1,1,1,0.8666666666666667,0.0196078431372549
13400000000,13400.0,1,1,1,1,0.8666666666666667,0.0156862745098039
13500000000,13500.0,1,1,1,1,0.8666666666666667,0.0196078431372549
13600000000,13600.0,1,1,1,1,0.8666666666666667,0.0156862745098039
13700000000,13700.0,1,1,1,1,0.8666666666666667,0.0196078431372549
13800000000,13800.0,1,1,1,1,0.8666666666666667,0.0156862745098039
13900000000,13900.0,1,1,1,1,0.8666666666666667,0.0156862745098039
14000000000,14000.0,1,1,1,1,0.8666666666666667,0.0196078431372549
14100000000,14100.0,1,1,1,1,0.8666666666666667,0.0196078431372549
14200000000,14200.0,1,1,1,1,0.8666666666666667,0.0156862745098039
14300000000,14300.0,1,1,1,1,0.8627450980392157,0.0156862745098039
14400000000,14400.0,1,1,1,1,0.8666666666666667,0.0235294117647058
14500000000,14500.0,1,1,1,1,0.8666666666666667,0.0196078431372549
14600000000,14600.0,1,1,1,1,0.8666666666666667,0.0196078431372549
14700000000,14700.0,1,1,1,1,0.8627450980392157,0.0196078431372549
14800000000,14800.0,1,1,1,1,0.8666666666666667,0.0196078431372549
14900000000,14900.0,1,1,1,1,0.8666666666666667,0.0156862745098039
15000000000,15000.0,1,1,1,1,0.8627450980392157,0.0156862745098039
15100000000,15100.0,1,1,1,1,0.8627450980392157,0.0156862745098039
15200000000,15200.0,1,1,1,1,0.8627450980392157,0.0156862745098039
15300000000,15300.0,1,1,1,1,0.8627450980392157,0.0196078431372549
15400000000,15400.0,1,1,1,1,0.8627450980392157,0.0156862745098039
15500000000,15500.0,1,1,1,1,0.8666666666666667,0.0156862745098039
15600000000,15600.0,1,1,1,1,0.8627450980392157,0.0156862745098039
15700000000,15700.0,1,1,1,1,0.8666666666666667,0.0196078431372549
15800000000,15800.0,1,1,1,1,0.8627450980392157,0.0156862745098039
15900000000,15900.0,1,1,1,1,0.8627450980392157,0.0156862745098039
16000000000,16000.0,1,1,1,1,0.8627450980392157,0.0196078431372549
16100000000,16100.0,1,1,1,1,0.8666666666666667,0.0156862745098039
16200000000,16200.0,1,1,1,1,0.8666666666666667,0.0156862745098039
16300000000,16300.0,1,1,1,1,0.8666666666666667,0.0196078431372549
16400000000,16400.0,1,1,1,1,0.8666666666666667,0.0156862745098039
16500000000,16500.0,1,1,1,1,0.8666666666666667,0.0156862745098039
16600000000,16600.0,1,1,1,1,0.8666666666666667,0.0156862745098039
16700000000,16700.0,1,1,1,1,0.8627450980392157,0.0156862745098039
16800000000,16800.0,1,1,1,1,0.8666666666666667,0.0156862745098039
16900000000,16900.0,1,1,1,1,0.8666666666666667,0.0156862745098039
17000000000,17000.0,1,1,1,1,0.8666666666666667,0.0156862745098039
17100000000,17100.0,1,1,1,1,0.8666666666666667,0.0196078431372549
17200000000,17200.0,1,1,1,1,0.8705882352941177,0.0156862745098039
17300000000,17300.0,1,1,1,1,0.8705882352941177,0.0156862745098039
17400000000,17400.0,1,1,1,1,0.8705882352941177,0.0156862745098039
17500000000,17500.0,1,1,1,1,0.8705882352941177,0.0196078431372549
17600000000,17600.0,1,1,1,1,0.8705882352941177,0.0156862745098039
17700000000,17700.0,1,1,1,1,0.8705882352941177,0.0196078431372549
17800000000,17800.0,1,1,1,1,0.8705882352941177,0.0196078431372549
17900000000,17900.0,1,1,1,1,0.8705882352941177,0.0196078431372549
18000000000,18000.0,1,1,1,1,0.8745098039215686,0.0196078431372549
18100000000,18100.0,1,1,1,1,0.8745098039215686,0.0196078431372549
18200000000,18200.0,1,1,1,1,0.8666666666666667,0.0196078431372549
18300000000,18300.0,1,1,1,1,0.8666666666666667,0.0156862745098039
18400000000,18400.0,1,1,1,1,0.8666666666666667,0.0156862745098039
18500000000,18500.0,1,1,1,1,0.7647058823529411,0.0196078431372549
18600000000,18600.0,1,1,1,1,0.6470588235294118,0.0196078431372549
18700000000,18700.0,1,1,1,1,0.0,0.0196078431372549
18800000000,18800.0,1,1,1,1,0.0,0.0196078431372549
18900000000,18900.0,1,1,1,1,0.0,0.0196078431372549
19000000000,19000.0,1,1,1,1,0.0,0.0196078431372549
19100000000,19100.0,1,1,1,1,0.0,0.0196078431372549
19200000000,19200.0,1,1,1,1,0.0,0.0196078431372549
19300000000,19300.0,1,1,1,1,0.0,0.0196078431372549
19400000000,19400.0,1,1,1,1,0.0,0.0196078431372549
19500000000,19500.0,1,1,1,1,0.0,0.0196078431372549
19600000000,19600.0,1,1,1,1,0.0,0.0196078431372549
19700000000,19700.0,1,1,1,1,0.0,0.0196078431372549
19800000000,19800.0,1,1,1,1,0.0,0.0196078431372549
19900000000,19900.0,1,1,1,1,0.0,0.0196078431372549
20000000000,20000.0,1,1,1,1,0.0,0.0196078431372549
20100000000,20100.0,1,1,1,1,0.0,0.0196078431372549
20200000000,20200.0,1,1,1,1,0.0,0.0392156862745098
20300000000,20300.0,1,1,1,1,0.0,0.0745098039215686
20400000000,20400.0,1,1,1,1,0.0,0.1411764705882353
20500000000,20500.0,1,1,1,1,0.0,0.0627450980392156
20600000000,20600.0,1,1,1,1,0.0,0.0549019607843137
20700000000,20700.0,1,1,1,1,0.0,0.0509803921568627
20800000000,20800.0,1,1,1,1,0.0,0.0666666666666666
20900000000,20900.0,1,1,1,1,0.0,0.5058823529411764
21000000000,21000.0,1,1,1,1,0.0,0.7333333333333333
21100000000,21100.0,1,1,1,1,0.0,0.403921568627451
21200000000,21200.0,1,1,1,1,0.0,0.0784313725490196
21300000000,21300.0,1,1,1,1,0.0,0.0235294117647058
21400000000,21400.0,1,1,1,1,0.0,0.0196078431372549
21500000000,21500.0,1,1,1,1,0.0,0.0196078431372549
21600000000,21600.0,1,1,1,1,0.0,0.0196078431372549
21700000000,21700.0,1,1,1,1,0.0,0.0196078431372549
21800000000,21800.0,1,1,1,1,0.0,0.0313725490196078
21900000000,21900.0,1,1,1,1,0.0,0.0196078431372549
22000000000,22000.0,1,1,1,1,0.0,0.0196078431372549
22100000000,22100.0,1,1,1,1,0.2862745098039215,0.0196078431372549
22200000000,22200.0,1,1,1,1,0.0,0.0196078431372549
22300000000,22300.0,1,1,1,1,0.0,0.0196078431372549
22400000000,22400.0,1,1,1,1,0.0,0.0156862745098039
22500000000,22500.0,1,1,1,1,0.0,0.0196078431372549
22600000000,22600.0,1,1,1,1,0.0,0.0196078431372549
22700000000,22700.0,1,1,1,1,0.0,0.0156862745098039
22800000000,22800.0,1,1,1,1,0.0,0.0156862745098039
22900000000,22900.0,1,1,1,1,0.0,0.0156862745098039
23000000000,23000.0,1,1,1,1,0.0,0.0235294117647058
23100000000,23100.0,1,1,1,1,0.0,0.0745098039215686
23200000000,23200.0,1,1,1,1,0.0,0.0784313725490196
23300000000,23300.0,1,1,1,1,0.0,0.0784313725490196
23400000000,23400.0,1,1,1,1,0.0,0.0941176470588235
23500000000,23500.0,1,1,1,1,0.0,0.2470588235294117
23600000000,23600.0,1,1,1,1,0.0,0.2509803921568627
23700000000,23700.0,1,1,1,1,0.0,0.0392156862745098
23800000000,23800.0,1,1,1,1,0.0431372549019607,0.0235294117647058
23900000000,23900.0,1,1,1,1,0.0666666666666666,0.0235294117647058
24000000000,24000.0,1,1,1,1,0.0431372549019607,0.0196078431372549
24100000000,24100.0,1,1,1,1,0.0392156862745098,0.0196078431372549
24200000000,24200.0,1,1,1,1,0.0588235294117647,0.0196078431372549
24300000000,24300.0,1,1,1,1,0.0470588235294117,0.0196078431372549
24400000000,24400.0,1,1,1,1,0.0235294117647058,0.0196078431372549
24500000000,24500.0,1,1,1,1,0.0745098039215686,0.0196078431372549
24600000000,24600.0,1,1,1,1,0.1098039215686274,0.0196078431372549
24700000000,24700.0,1,1,1,1,0.0588235294117647,0.0196078431372549
24800000000,24800.0,1,1,1,1,0.0,0.0196078431372549
24900000000,24900.0,1,1,1,1,0.0039215686274509,0.0196078431372549
25000000000,25000.0,1,1,1,1,0.0823529411764705,0.0196078431372549
25100000000,25100.0,1,1,1,1,0.0705882352941176,0.0196078431372549
25200000000,25200.0,1,1,1,1,0.0,0.0196078431372549
25300000000,25300.0,1,1,1,1,0.0509803921568627,0.0196078431372549
25400000000,25400.0,1,1,1,1,0.0705882352941176,0.0196078431372549
25500000000,25500.0,1,1,1,1,0.0509803921568627,0.0196078431372549
25600000000,25600.0,1,1,1,1,0.0,0.0196078431372549
25700000000,25700.0,1,1,1,1,0.0039215686274509,0.0196078431372549
25800000000,25800.0,1,1,1,1,0.1372549019607843,0.0196078431372549
25900000000,25900.0,1,1,1,1,0.1607843137254902,0.0196078431372549
26000000000,26000.0,1,1,1,1,0.2470588235294117,0.0196078431372549
26100000000,26100.0,1,1,1,1,0.592156862745098,0.0196078431372549
26200000000,26200.0,1,1,1,1,0.6745098039215687,0.0196078431372549
26300000000,26300.0,1,1,1,1,0.6705882352941176,0.0196078431372549
26400000000,26400.0,1,1,1,1,0.6745098039215687,0.0196078431372549
26500000000,26500.0,1,1,1,1,0.6823529411764706,0.0196078431372549
26600000000,26600.0,1,1,1,1,0.6823529411764706,0.0196078431372549
26700000000,26700.0,1,1,1,1,0.6784313725490196,0.0196078431372549
26800000000,26800.0,1,1,1,1,0.6784313725490196,0.0196078431372549
26900000000,26900.0,1,1,1,1,0.6745098039215687,0.0196078431372549
27000000000,27000.0,1,1,1,1,0.6705882352941176,0.0196078431372549
27100000000,27100.0,1,1,1,1,0.6823529411764706,0.0196078431372549
27200000000,27200.0,1,1,1,1,0.6705882352941176,0.0196078431372549
27300000000,27300.0,1,1,1,1,0.6823529411764706,0.0196078431372549
27400000000,27400.0,1,1,1,1,0.6823529411764706,0.0196078431372549
27500000000,27500.0,1,1,1,1,0.6941176470588235,0.0196078431372549
27600000000,27600.0,1,1,1,1,0.7098039215686275,0.0196078431372549
27700000000,27700.0,1,1,1,1,0.7176470588235294,0.0196078431372549
27800000000,27800.0,1,1,1,1,0.6941176470588235,0.0196078431372549
27900000000,27900.0,1,1,1,1,0.6745098039215687,0.0196078431372549
28000000000,28000.0,1,1,1,1,0.6823529411764706,0.0196078431372549
28100000000,28100.0,1,1,1,1,0.6862745098039216,0.0196078431372549
28200000000,28200.0,1,1,1,1,0.6901960784313725,0.0196078431372549
28300000000,28300.0,1,1,1,1,0.7098039215686275,0.0196078431372549
28400000000,28400.0,1,1,1,1,0.7450980392156863,0.0196078431372549
28500000000,28500.0,1,1,1,1,0.7647058823529411,0.0196078431372549
28600000000,28600.0,1,1,1,1,0.7411764705882353,0.0196078431372549
28700000000,28700.0,1,1,1,1,0.6470588235294118,0.0196078431372549
28800000000,28800.0,1,1,1,1,0.6470588235294118,0.0196078431372549
28900000000,28900.0,1,1,1,1,0.6980392156862745,0.0196078431372549
29000000000,29000.0,1,1,1,1,0.7215686274509804,0.0196078431372549
29100000000,29100.0,1,1,1,1,0.7294117647058823,0.0196078431372549
29200000000,29200.0,1,1,1,1,0.8352941176470589,0.0196078431372549
29300000000,29300.0,1,1,1,1,0.8901960784313725,0.0196078431372549
29400000000,29400.0,1,1,1,1,0.8980392156862745,0.0196078431372549
29500000000,29500.0,1,1,1,1,0.9137254901960784,0.0196078431372549
29600000000,29600.0,1,1,1,1,0.9686274509803922,0.0196078431372549
29700000000,29700.0,1,1,1,1,0.992156862745098,0.0235294117647058
29800000000,29800.0,1,1,1,1,0.992156862745098,0.0196078431372549
29900000000,29900.0,1,1,1,1,0.9882352941176472,0.0196078431372549
30000000000,30000.0,1,1,1,1,0.9882352941176472,0.0196078431372549
30100000000,30100.0,1,1,1,1,0.984313725490196,0.0196078431372549
30200000000,30200.0,1,1,1,1,0.9803921568627452,0.0196078431372549
30300000000,30300.0,1,1,1,1,0.9647058823529412,0.0196078431372549
30400000000,30400.0,1,1,1,1,0.9607843137254902,0.0196078431372549
30500000000,30500.0,1,1,1,1,0.9450980392156862,0.0235294117647058
30600000000,30600.0,1,1,1,1,0.9333333333333332,0.0235294117647058
30700000000,30700.0,1,1,1,1,0.9294117647058824,0.0235294117647058
30800000000,30800.0,1,1,1,1,0.9294117647058824,0.0235294117647058
30900000000,30900.0,1,1,1,1,0.9294117647058824,0.0235294117647058
31000000000,31000.0,1,1,1,1,0.9294117647058824,0.0235294117647058
31100000000,31100.0,1,1,1,1,0.9294117647058824,0.0235294117647058
31200000000,31200.0,1,1,1,1,0.9294117647058824,0.0235294117647058
31300000000,31300.0,1,1,1,1,0.9254901960784314,0.0196078431372549
31400000000,31400.0,1,1,1,1,0.9098039215686274,0.0196078431372549
31500000000,31500.0,1,1,1,1,0.8117647058823529,0.0235294117647058
31600000000,31600.0,1,1,1,1,0.7019607843137254,0.0235294117647058
31700000000,31700.0,1,1,1,1,0.4431372549019607,0.0235294117647058
31800000000,31800.0,1,1,1,1,0.1450980392156863,0.0235294117647058
31900000000,31900.0,1,1,1,1,0.0705882352941176,0.0274509803921568
32000000000,32000.0,1,1,1,1,0.0,0.0313725490196078
32100000000,32100.0,1,1,1,1,0.0,0.0352941176470588
32200000000,32200.0,1,1,1,1,0.0,0.0823529411764705
32300000000,32300.0,1,1,1,1,0.0,0.2039215686274509
32400000000,32400.0,1,1,1,1,0.0,0.392156862745098
32500000000,32500.0,1,1,1,1,0.0,0.5215686274509804
32600000000,32600.0,1,1,1,1,0.0,0.5215686274509804
32700000000,32700.0,1,1,1,1,0.0,0.4627450980392157
32800000000,32800.0,1,1,1,1,0.0,0.4156862745098039
32900000000,32900.0,1,1,1,1,0.0,0.4156862745098039
33000000000,33000.0,1,1,1,1,0.0,0.4156862745098039
33100000000,33100.0,1,1,1,1,0.0,0.4156862745098039
33200000000,33200.0,1,1,1,1,0.0,0.4156862745098039
33300000000,33300.0,1,1,1,1,0.0,0.4078431372549019
33400000000,33400.0,1,1,1,1,0.0,0.3725490196078431
33500000000,33500.0,1,1,1,1,0.0078431372549019,0.3450980392156862
33600000000,33600.0,1,1,1,1,0.0,0.3411764705882353
33700000000,33700.0,1,1,1,1,0.0,0.3607843137254902
33800000000,33800.0,1,1,1,1,0.0,0.3568627450980392
33900000000,33900.0,1,1,1,1,0.0,0.3411764705882353
34000000000,34000.0,1,1,1,1,0.3607843137254902,0.1215686274509803
34100000000,34100.0,1,1,1,1,0.5607843137254902,0.0352941176470588
34200000000,34200.0,1,1,1,1,0.5647058823529412,0.0313725490196078
34300000000,34300.0,1,1,1,1,0.5607843137254902,0.0313725490196078
34400000000,34400.0,1,1,1,1,0.5607843137254902,0.0313725490196078
34500000000,34500.0,1,1,1,1,0.5568627450980392,0.0313725490196078
34600000000,34600.0,1,1,1,1,0.5529411764705883,0.0313725490196078
34700000000,34700.0,1,1,1,1,0.5490196078431373,0.0313725490196078
34800000000,34800.0,1,1,1,1,0.5450980392156862,0.0313725490196078
34900000000,34900.0,1,1,1,1,0.5372549019607843,0.0313725490196078
35000000000,35000.0,1,1,1,1,0.4901960784313725,0.0313725490196078
35100000000,35100.0,1,1,1,1,0.4274509803921568,0.0313725490196078
35200000000,35200.0,1,1,1,1,0.4392156862745098,0.0313725490196078
35300000000,35300.0,1,1,1,1,0.5058823529411764,0.0313725490196078
35400000000,35400.0,1,1,1,1,0.5176470588235295,0.0313725490196078
35500000000,35500.0,1,1,1,1,0.4941176470588235,0.0313725490196078
35600000000,35600.0,1,1,1,1,0.5098039215686274,0.0313725490196078
35700000000,35700.0,1,1,1,1,0.5058823529411764,0.0313725490196078
35800000000,35800.0,1,1,1,1,0.5843137254901961,0.0313725490196078
35900000000,35900.0,1,1,1,1,0.6705882352941176,0.0313725490196078
36000000000,36000.0,1,1,1,1,0.7450980392156863,0.0313725490196078
36100000000,36100.0,1,1,1,1,0.7294117647058823,0.0313725490196078
36200000000,36200.0,1,1,1,1,0.7333333333333333,0.0313725490196078
36300000000,36300.0,1,1,1,1,0.7254901960784313,0.0313725490196078
36400000000,36400.0,1,1,1,1,0.7098039215686275,0.0313725490196078
36500000000,36500.0,1,1,1,1,0.7294117647058823,0.0313725490196078
36600000000,36600.0,1,1,1,1,0.7254901960784313,0.0313725490196078
36700000000,36700.0,1,1,1,1,0.7254901960784313,0.0313725490196078
36800000000,36800.0,1,1,1,1,0.7215686274509804,0.0313725490196078
36900000000,36900.0,1,1,1,1,0.7215686274509804,0.0313725490196078
37000000000,37000.0,1,1,1,1,0.7215686274509804,0.0313725490196078
37100000000,37100.0,1,1,1,1,0.7215686274509804,0.0313725490196078
37200000000,37200.0,1,1,1,1,0.7215686274509804,0.0313725490196078
37300000000,37300.0,1,1,1,2,0.7215686274509804,0.0313725490196078
37400000000,37400.0,1,1,1,2,0.7215686274509804,0.0313725490196078
37500000000,37500.0,1,1,1,2,0.7215686274509804,0.0313725490196078
37600000000,37600.0,1,1,1,2,0.7176470588235294,0.0313725490196078
37700000000,37700.0,1,1,1,2,0.7215686274509804,0.0313725490196078
37800000000,37800.0,1,1,1,2,0.7176470588235294,0.0313725490196078
37900000000,37900.0,1,1,1,2,0.7176470588235294,0.0313725490196078
38000000000,38000.0,1,1,1,2,0.6941176470588235,0.0313725490196078
38100000000,38100.0,1,1,1,1,0.6784313725490196,0.0313725490196078
38200000000,38200.0,1,1,1,1,0.6666666666666666,0.0313725490196078
38300000000,38300.0,1,1,1,1,0.6431372549019608,0.0313725490196078
38400000000,38400.0,1,1,1,1,0.6352941176470588,0.0313725490196078
38500000000,38500.0,1,1,1,1,0.6352941176470588,0.0313725490196078
38600000000,38600.0,1,1,1,0,0.6352941176470588,0.0313725490196078
38700000000,38700.0,1,1,1,0,0.6352941176470588,0.0274509803921568
38800000000,38800.0,1,1,1,1,0.6352941176470588,0.0313725490196078
38900000000,38900.0,1,1,1,1,0.6352941176470588,0.0313725490196078
39000000000,39000.0,1,1,1,1,0.6352941176470588,0.0313725490196078
39100000000,39100.0,1,1,1,1,0.6352941176470588,0.0313725490196078
39200000000,39200.0,1,1,1,1,0.6313725490196078,0.0313725490196078
39300000000,39300.0,1,1,1,1,0.6196078431372549,0.0313725490196078
39400000000,39400.0,1,1,1,1,0.6,0.0274509803921568
39500000000,39500.0,1,1,1,1,0.596078431372549,0.0313725490196078
39600000000,39600.0,1,1,1,1,0.592156862745098,0.0274509803921568
39700000000,39700.0,1,1,1,0,0.5803921568627451,0.0313725490196078
39800000000,39800.0,1,1,1,0,0.5411764705882353,0.0274509803921568
39900000000,39900.0,1,1,1,0,0.5058823529411764,0.0313725490196078
40000000000,40000.0,1,1,1,0,0.3372549019607843,0.0274509803921568
40100000000,40100.0,1,1,1,0,0.1490196078431372,0.0196078431372549
40200000000,40200.0,1,1,1,0,0.1725490196078431,0.0196078431372549
40300000000,40300.0,1,1,1,0,0.1725490196078431,0.0196078431372549
40400000000,40400.0,1,1,1,0,0.0,0.0196078431372549
40500000000,40500.0,1,1,1,0,0.0,0.0196078431372549
40600000000,40600.0,1,1,1,0,0.0,0.0196078431372549
40700000000,40700.0,1,1,1,0,0.0,0.0196078431372549
40800000000,40800.0,1,1,1,1,0.0,0.0196078431372549
40900000000,40900.0,1,1,1,1,0.0,0.0196078431372549
41000000000,41000.0,1,1,1,1,0.0,0.0156862745098039
41100000000,41100.0,1,1,1,2,0.0313725490196078,0.0156862745098039
41200000000,41200.0,1,1,1,2,0.0823529411764705,0.0196078431372549
41300000000,41300.0,1,1,1,2,0.2196078431372549,0.0196078431372549
41400000000,41400.0,1,1,1,2,0.2431372549019607,0.0156862745098039
41500000000,41500.0,1,1,1,2,0.2431372549019607,0.0156862745098039
41600000000,41600.0,1,1,1,2,0.2431372549019607,0.0196078431372549
41700000000,41700.0,1,1,1,2,0.2431372549019607,0.0196078431372549
41800000000,41800.0,1,1,1,2,0.2274509803921568,0.0196078431372549
41900000000,41900.0,1,1,1,1,0.2039215686274509,0.0196078431372549
42000000000,42000.0,1,1,1,1,0.0588235294117647,0.0196078431372549
42100000000,42100.0,1,1,1,1,0.0117647058823529,0.0196078431372549
42200000000,42200.0,1,1,1,1,0.0117647058823529,0.0196078431372549
42300000000,42300.0,1,1,1,1,0.0117647058823529,0.0196078431372549
42400000000,42400.0,1,1,1,1,0.0078431372549019,0.0196078431372549
42500000000,42500.0,1,1,1,1,0.0078431372549019,0.0196078431372549
42600000000,42600.0,1,1,1,1,0.0078431372549019,0.0196078431372549
42700000000,42700.0,1,1,1,1,0.0078431372549019,0.0196078431372549
42800000000,42800.0,1,1,1,1,0.0117647058823529,0.0196078431372549
42900000000,42900.0,1,1,1,1,0.0274509803921568,0.0196078431372549
43000000000,43000.0,1,1,1,1,0.0352941176470588,0.0156862745098039
43100000000,43100.0,1,1,1,1,0.0431372549019607,0.0196078431372549
43200000000,43200.0,1,1,1,1,0.0392156862745098,0.0196078431372549
43300000000,43300.0,1,1,1,1,0.0392156862745098,0.0196078431372549
43400000000,43400.0,1,1,1,1,0.0392156862745098,0.0196078431372549
43500000000,43500.0,1,1,1,0,0.0431372549019607,0.0156862745098039
43600000000,43600.0,1,1,1,0,0.0666666666666666,0.0196078431372549
43700000000,43700.0,1,1,1,0,0.0823529411764705,0.0156862745098039
43800000000,43800.0,1,1,1,0,0.1294117647058823,0.0156862745098039
43900000000,43900.0,1,1,1,0,0.2549019607843137,0.0156862745098039
44000000000,44000.0,1,1,1,0,0.4313725490196078,0.0156862745098039
44100000000,44100.0,1,1,1,0,0.5450980392156862,0.0156862745098039
44200000000,44200.0,1,1,1,0,0.5450980392156862,0.0156862745098039
44300000000,44300.0,1,1,1,1,0.5333333333333333,0.0156862745098039
44400000000,44400.0,1,1,1,1,0.5137254901960784,0.0156862745098039
44500000000,44500.0,1,1,1,1,0.6313725490196078,0.0156862745098039
44600000000,44600.0,1,1,1,1,0.6784313725490196,0.0156862745098039
44700000000,44700.0,1,1,1,1,0.6784313725490196,0.0196078431372549
44800000000,44800.0,1,1,1,1,0.6784313725490196,0.0196078431372549
44900000000,44900.0,1,1,1,1,0.6784313725490196,0.0156862745098039
45000000000,45000.0,1,1,1,1,0.6745098039215687,0.0156862745098039
45100000000,45100.0,1,1,1,2,0.6784313725490196,0.0156862745098039
45200000000,45200.0,1,1,1,2,0.6941176470588235,0.0156862745098039
45300000000,45300.0,1,1,1,2,0.7098039215686275,0.0156862745098039
45400000000,45400.0,1,1,1,2,0.7372549019607844,0.0156862745098039
45500000000,45500.0,1,1,1,2,0.7725490196078432,0.0156862745098039
45600000000,45600.0,1,1,1,2,0.7803921568627451,0.0156862745098039
45700000000,45700.0,1,1,1,2,0.7803921568627451,0.0156862745098039
45800000000,45800.0,1,1,1,2,0.7803921568627451,0.0156862745098039
45900000000,45900.0,1,1,1,1,0.7843137254901961,0.0196078431372549
46000000000,46000.0,1,1,1,1,0.7843137254901961,0.0196078431372549
46100000000,46100.0,1,1,1,1,0.7843137254901961,0.0196078431372549
46200000000,46200.0,1,1,1,1,0.7803921568627451,0.0156862745098039
46300000000,46300.0,1,1,1,1,0.7803921568627451,0.0156862745098039
46400000000,46400.0,1,1,1,1,0.7764705882352941,0.0156862745098039
46500000000,46500.0,1,1,1,0,0.7764705882352941,0.0156862745098039
46600000000,46600.0,1,1,1,1,0.7686274509803922,0.0156862745098039
46700000000,46700.0,1,1,1,1,0.7647058823529411,0.0156862745098039
46800000000,46800.0,1,1,1,1,0.7647058823529411,0.0156862745098039
46900000000,46900.0,1,1,1,1,0.7647058823529411,0.0156862745098039
47000000000,47000.0,1,1,1,1,0.7686274509803922,0.0196078431372549
47100000000,47100.0,1,1,1,1,0.7686274509803922,0.0196078431372549
47200000000,47200.0,1,1,1,1,0.7647058823529411,0.0156862745098039
47300000000,47300.0,1,1,1,1,0.7686274509803922,0.0156862745098039
47400000000,47400.0,1,1,1,1,0.7607843137254902,0.0156862745098039
47500000000,47500.0,1,1,1,1,0.7607843137254902,0.0156862745098039
47600000000,47600.0,1,1,1,1,0.7607843137254902,0.0156862745098039
47700000000,47700.0,1,1,1,1,0.7647058823529411,0.0156862745098039
47800000000,47800.0,1,1,1,1,0.7607843137254902,0.0156862745098039
47900000000,47900.0,1,1,1,1,0.7607843137254902,0.0156862745098039
48000000000,48000.0,1,1,1,1,0.7647058823529411,0.0156862745098039
48100000000,48100.0,1,1,1,1,0.7647058823529411,0.0196078431372549
48200000000,48200.0,1,1,1,1,0.7647058823529411,0.0156862745098039
48300000000,48300.0,1,1,1,1,0.7607843137254902,0.0156862745098039
48400000000,48400.0,1,1,1,1,0.7647058823529411,0.0235294117647058
48500000000,48500.0,1,1,1,1,0.7607843137254902,0.0156862745098039
48600000000,48600.0,1,1,1,1,0.7607843137254902,0.0156862745098039
48700000000,48700.0,1,1,1,1,0.7843137254901961,0.0156862745098039
48800000000,48800.0,1,1,1,1,0.7803921568627451,0.0156862745098039
48900000000,48900.0,1,1,1,1,0.6352941176470588,0.0196078431372549
49000000000,49000.0,1,1,1,1,0.4313725490196078,0.0156862745098039
49100000000,49100.0,1,1,1,1,0.3176470588235294,0.0156862745098039
49200000000,49200.0,1,1,1,1,0.0,0.0156862745098039
49300000000,49300.0,1,1,1,1,0.0,0.0196078431372549
49400000000,49400.0,1,1,1,1,0.0,0.0235294117647058
49500000000,49500.0,1,1,1,1,0.0,0.0274509803921568
49600000000,49600.0,1,1,1,1,0.0,0.0235294117647058
49700000000,49700.0,1,1,1,1,0.0,0.0235294117647058
49800000000,49800.0,1,1,1,1,0.0,0.0352941176470588
49900000000,49900.0,1,1,1,1,0.0,0.0352941176470588
50000000000,50000.0,1,1,1,1,0.0,0.0352941176470588
50100000000,50100.0,1,1,1,1,0.0,0.0352941176470588
50200000000,50200.0,1,1,1,2,0.0,0.0352941176470588
50300000000,50300.0,1,1,1,2,0.0,0.0352941176470588
50400000000,50400.0,1,1,1,2,0.0,0.0431372549019607
50500000000,50500.0,1,1,1,2,0.0,0.0431372549019607
50600000000,50600.0,1,1,1,2,0.0,0.0470588235294117
50700000000,50700.0,1,1,1,2,0.0,0.0588235294117647
50800000000,50800.0,1,1,1,2,0.0,0.0666666666666666
50900000000,50900.0,1,1,1,2,0.0,0.0862745098039215
51000000000,51000.0,1,1,1,2,0.0,0.1607843137254902
51100000000,51100.0,1,1,1,2,0.0,0.1647058823529411
51200000000,51200.0,1,1,1,2,0.0,0.1647058823529411
51300000000,51300.0,1,1,1,2,0.0,0.1647058823529411
51400000000,51400.0,1,1,1,2,0.0,0.1647058823529411
51500000000,51500.0,1,1,1,2,0.0,0.1647058823529411
51600000000,51600.0,1,1,1,2,0.0,0.1843137254901961
51700000000,51700.0,1,1,1,2,0.0,0.2745098039215686
51800000000,51800.0,1,1,1,2,0.0,0.2941176470588235
51900000000,51900.0,1,1,1,2,0.0,0.2784313725490196
52000000000,52000.0,1,1,1,2,0.0,0.2509803921568627
52100000000,52100.0,1,1,1,2,0.0,0.1450980392156863
52200000000,52200.0,1,1,1,2,0.0,0.1176470588235294
52300000000,52300.0,1,1,1,2,0.0,0.2313725490196078
52400000000,52400.0,1,1,1,2,0.0,0.2313725490196078
52500000000,52500.0,1,1,1,2,0.0,0.2313725490196078
52600000000,52600.0,1,1,1,2,0.0,0.2431372549019607
52700000000,52700.0,1,1,1,2,0.0,0.5607843137254902
52800000000,52800.0,1,1,1,1,0.0,0.5882352941176471
52900000000,52900.0,1,1,1,1,0.0,0.5450980392156862
53000000000,53000.0,1,1,1,1,0.0,0.4666666666666667
53100000000,53100.0,1,1,1,0,0.0,0.4156862745098039
53200000000,53200.0,1,1,1,0,0.0,0.4078431372549019
53300000000,53300.0,1,1,1,0,0.0,0.403921568627451
53400000000,53400.0,1,1,1,0,0.0,0.3686274509803922
53500000000,53500.0,1,1,1,0,0.0,0.2117647058823529
53600000000,53600.0,1,1,1,0,0.0,0.0196078431372549
53700000000,53700.0,1,1,1,0,0.0,0.0196078431372549
53800000000,53800.0,1,1,1,0,0.0,0.0196078431372549
53900000000,53900.0,1,1,1,1,0.0,0.0196078431372549
54000000000,54000.0,1,1,1,1,0.0,0.0196078431372549
54100000000,54100.0,1,1,1,1,0.0,0.0196078431372549
54200000000,54200.0,1,1,1,1,0.0,0.0196078431372549
54300000000,54300.0,1,1,1,1,0.0,0.0156862745098039
54400000000,54400.0,1,1,1,1,0.0,0.0156862745098039
54500000000,54500.0,1,1,1,1,0.0,0.0156862745098039
54600000000,54600.0,1,1,1,1,0.0,0.0156862745098039
54700000000,54700.0,1,1,1,1,0.0,0.0156862745098039
54800000000,54800.0,1,1,1,1,0.0,0.0156862745098039
54900000000,54900.0,1,1,1,1,0.0,0.0156862745098039
55000000000,55000.0,1,1,1,1,0.0,0.0156862745098039
55100000000,55100.0,1,1,1,1,0.0,0.0156862745098039
55200000000,55200.0,1,1,1,0,0.0,0.0156862745098039
55300000000,55300.0,1,1,1,0,0.0,0.0156862745098039
55400000000,55400.0,1,1,1,0,0.0,0.0156862745098039
55500000000,55500.0,1,1,1,0,0.0,0.0156862745098039
55600000000,55600.0,1,1,1,0,0.0,0.0156862745098039
55700000000,55700.0,1,1,1,0,0.0,0.0156862745098039
55800000000,55800.0,1,1,1,0,0.0,0.0156862745098039
55900000000,55900.0,1,1,1,1,0.0,0.0156862745098039
56000000000,56000.0,1,1,1,1,0.0,0.0156862745098039
56100000000,56100.0,1,1,1,1,0.0,0.0156862745098039
56200000000,56200.0,1,1,1,2,0.0,0.0156862745098039
56300000000,56300.0,1,1,1,2,0.0,0.0156862745098039
56400000000,56400.0,1,1,1,2,0.0,0.0156862745098039
56500000000,56500.0,1,1,1,2,0.0,0.0156862745098039
56600000000,56600.0,1,1,1,2,0.0,0.0156862745098039
56700000000,56700.0,1,1,1,2,0.0,0.0156862745098039
56800000000,56800.0,1,1,1,2,0.0,0.0156862745098039
56900000000,56900.0,1,1,1,1,0.0,0.0156862745098039
57000000000,57000.0,1,1,1,1,0.0,0.0156862745098039
57100000000,57100.0,1,1,1,1,0.0,0.0156862745098039
57200000000,57200.0,1,1,1,1,0.0,0.0156862745098039
57300000000,57300.0,1,1,1,1,0.0,0.0156862745098039
57400000000,57400.0,1,1,1,1,0.0,0.0156862745098039
57500000000,57500.0,1,1,1,1,0.0,0.0117647058823529
57600000000,57600.0,1,1,1,1,0.0,0.0156862745098039
57700000000,57700.0,1,1,1,1,0.0,0.0156862745098039
57800000000,57800.0,1,1,1,1,0.0,0.0156862745098039
57900000000,57900.0,1,1,1,1,0.0,0.0156862745098039
58000000000,58000.0,1,1,1,1,0.0,0.0156862745098039
58100000000,58100.0,1,1,1,1,0.0,0.0156862745098039
58200000000,58200.0,1,1,1,1,0.0,0.0156862745098039
58300000000,58300.0,1,1,1,1,0.0,0.0156862745098039
58400000000,58400.0,1,1,1,1,0.0,0.0156862745098039
58500000000,58500.0,1,1,1,1,0.0,0.0156862745098039
58600000000,58600.0,1,1,1,1,0.0,0.0156862745098039
58700000000,58700.0,1,1,1,1,0.0,0.0156862745098039
58800000000,58800.0,1,1,1,1,0.0,0.0156862745098039
58900000000,58900.0,1,1,1,1,0.0,0.0156862745098039
59000000000,59000.0,1,1,1,1,0.0,0.0156862745098039
59100000000,59100.0,1,1,1,1,0.0,0.0156862745098039
59200000000,59200.0,1,1,1,1,0.0,0.0156862745098039
59300000000,59300.0,1,1,1,1,0.0,0.0156862745098039
59400000000,59400.0,1,1,1,1,0.0,0.0156862745098039
59500000000,59500.0,1,1,1,1,0.0,0.0156862745098039
59600000000,59600.0,1,1,1,1,0.0,0.0156862745098039
59700000000,59700.0,1,1,1,1,0.0,0.0156862745098039
59800000000,59800.0,1,1,1,1,0.0,0.0156862745098039
59900000000,59900.0,1,1,1,1,0.0,0.0156862745098039
60000000000,60000.0,1,1,1,1,0.0,0.0196078431372549
60100000000,60100.0,1,1,1,1,0.0,0.0156862745098039
60200000000,60200.0,1,1,1,1,0.0,0.0117647058823529
60300000000,60300.0,1,1,1,1,0.0,0.0117647058823529
60400000000,60400.0,1,1,1,1,0.0,0.0117647058823529
60500000000,60500.0,1,1,1,1,0.0,0.0117647058823529
60600000000,60600.0,1,1,1,1,0.0,0.0117647058823529
60700000000,60700.0,1,1,1,1,0.0,0.0117647058823529
60800000000,60800.0,1,1,1,1,0.0,0.0117647058823529
60900000000,60900.0,1,1,1,1,0.0,0.0117647058823529
61000000000,61000.0,1,1,1,1,0.1372549019607843,0.0117647058823529
61100000000,61100.0,1,1,1,1,0.1686274509803921,0.0117647058823529
61200000000,61200.0,1,1,1,1,0.1647058823529411,0.0117647058823529
61300000000,61300.0,1,1,1,1,0.1686274509803921,0.0117647058823529
61400000000,61400.0,1,1,1,1,0.1372549019607843,0.0117647058823529
61500000000,61500.0,1,1,1,1,0.1137254901960784,0.0117647058823529
61600000000,61600.0,1,1,1,1,0.0196078431372549,0.0117647058823529
61700000000,61700.0,1,1,1,1,0.0,0.0117647058823529
61800000000,61800.0,1,1,1,1,0.0,0.0352941176470588
61900000000,61900.0,1,1,1,1,0.0,0.1254901960784313
62000000000,62000.0,1,1,1,1,0.0,0.1529411764705882
62100000000,62100.0,1,1,1,1,0.0,0.188235294117647
62200000000,62200.0,1,1,1,1,0.0,0.2078431372549019
62300000000,62300.0,1,1,1,1,0.0,0.2196078431372549
62400000000,62400.0,1,1,1,1,0.0,0.2980392156862745
62500000000,62500.0,1,1,1,1,0.0,0.3411764705882353
62600000000,62600.0,1,1,1,1,0.0,0.3411764705882353
62700000000,62700.0,1,1,1,1,0.0,0.3411764705882353
62800000000,62800.0,1,1,1,1,0.0,0.3372549019607843
62900000000,62900.0,1,1,1,1,0.0,0.3372549019607843
63000000000,63000.0,1,1,1,1,0.0,0.3372549019607843
63100000000,63100.0,1,1,1,1,0.0,0.3450980392156862
63200000000,63200.0,1,1,1,1,0.0,0.5254901960784314
63300000000,63300.0,1,1,1,1,0.0,0.6666666666666666
63400000000,63400.0,1,1,1,1,0.0,0.6666666666666666
63500000000,63500.0,1,1,1,1,0.0,0.6509803921568628
63600000000,63600.0,1,1,1,1,0.0,0.6509803921568628
63700000000,63700.0,1,1,1,1,0.0,0.6666666666666666
63800000000,63800.0,1,1,1,1,0.0,0.6784313725490196
63900000000,63900.0,1,1,1,1,0.0,0.6980392156862745
64000000000,64000.0,1,1,1,1,0.0,0.8705882352941177
64100000000,64100.0,1,1,1,1,0.0,0.8
64200000000,64200.0,1,1,1,1,0.0,0.7490196078431373
64300000000,64300.0,1,1,1,1,0.0,0.7372549019607844
64400000000,64400.0,1,1,1,1,0.0,0.7411764705882353
64500000000,64500.0,1,1,1,1,0.0,0.7529411764705882
64600000000,64600.0,1,1,1,1,0.0,0.7529411764705882
64700000000,64700.0,1,1,1,1,0.0,0.7607843137254902
64800000000,64800.0,1,1,1,1,0.0,0.8784313725490196
64900000000,64900.0,1,1,1,1,0.0,0.9647058823529412
65000000000,65000.0,1,1,1,1,0.0,0.9882352941176472
65100000000,65100.0,1,1,1,1,0.0,0.992156862745098
65200000000,65200.0,1,1,1,1,0.0,0.992156862745098
65300000000,65300.0,1,1,1,1,0.0,0.992156862745098
65400000000,65400.0,1,1,1,1,0.0,0.996078431372549
65500000000,65500.0,1,1,1,1,0.0,0.992156862745098
65600000000,65600.0,1,1,1,1,0.0,0.996078431372549
65700000000,65700.0,1,1,1,1,0.0,0.996078431372549
65800000000,65800.0,1,1,1,1,0.0,1.0
65900000000,65900.0,1,1,1,1,0.0,1.0
66000000000,66000.0,1,1,1,1,0.0,1.0
66100000000,66100.0,1,1,1,1,0.0,1.0
66200000000,66200.0,1,1,1,1,0.0,1.0
66300000000,66300.0,1,1,1,1,0.0,1.0
66400000000,66400.0,1,1,1,1,0.0,1.0
66500000000,66500.0,1,1,1,1,0.0,1.0
66600000000,66600.0,1,1,1,1,0.0,1.0
66700000000,66700.0,1,1,1,1,0.0,1.0
66800000000,66800.0,1,1,1,1,0.0,1.0
66900000000,66900.0,1,1,1,1,0.0,1.0
67000000000,67000.0,1,1,1,1,0.0,1.0
67100000000,67100.0,1,1,1,1,0.0,1.0
67200000000,67200.0,1,1,1,1,0.0,1.0
67300000000,67300.0,1,1,1,1,0.0,1.0
67400000000,67400.0,1,1,1,1,0.0,1.0
67500000000,67500.0,1,1,1,1,0.0,1.0
67600000000,67600.0,1,1,1,1,0.0,1.0
67700000000,67700.0,1,1,1,1,0.0,1.0
67800000000,67800.0,1,1,1,1,0.0,1.0
67900000000,67900.0,1,1,1,1,0.0,1.0
68000000000,68000.0,1,1,1,1,0.0,1.0
68100000000,68100.0,1,1,1,1,0.0,1.0
68200000000,68200.0,1,1,1,1,0.0,1.0
68300000000,68300.0,1,1,1,1,0.0,1.0
68400000000,68400.0,1,1,1,1,0.0,1.0
68500000000,68500.0,1,1,1,1,0.0,1.0
68600000000,68600.0,1,1,1,1,0.0,1.0
68700000000,68700.0,1,1,1,1,0.0,1.0
68800000000,68800.0,1,1,1,1,0.0,1.0
68900000000,68900.0,1,1,1,1,0.0,1.0
69000000000,69000.0,1,1,1,1,0.0,1.0
69100000000,69100.0,1,1,1,1,0.0,1.0
69200000000,69200.0,1,1,1,1,0.0,1.0
69300000000,69300.0,1,1,1,1,0.0,1.0
69400000000,69400.0,1,1,1,1,0.0,1.0
69500000000,69500.0,1,1,1,1,0.0,1.0
69600000000,69600.0,1,1,1,1,0.0,1.0
69700000000,69700.0,1,1,1,1,0.0,1.0
69800000000,69800.0,1,1,1,1,0.0,1.0
69900000000,69900.0,1,1,1,1,0.0,1.0
70000000000,70000.0,1,1,1,1,0.0,1.0
70100000000,70100.0,1,1,1,1,0.0,1.0
70200000000,70200.0,1,1,1,1,0.0,1.0
70300000000,70300.0,1,1,1,1,0.0,1.0
70400000000,70400.0,1,1,1,1,0.0,1.0
70500000000,70500.0,1,1,1,1,0.0,1.0
70600000000,70600.0,1,1,1,1,0.0,1.0
70700000000,70700.0,1,1,1,1,0.0,1.0
70800000000,70800.0,1,1,1,1,0.0,1.0
70900000000,70900.0,1,1,1,1,0.0,1.0
71000000000,71000.0,1,1,1,1,0.0,1.0
71100000000,71100.0,1,1,1,1,0.0,1.0
71200000000,71200.0,1,1,1,1,0.0,1.0
71300000000,71300.0,1,1,1,1,0.0,1.0
71400000000,71400.0,1,1,1,1,0.0,1.0
71500000000,71500.0,1,1,1,1,0.0,1.0
71600000000,71600.0,1,1,1,1,0.0,1.0
71700000000,71700.0,1,1,1,1,0.0,1.0
71800000000,71800.0,1,1,1,1,0.0,1.0
71900000000,71900.0,1,1,1,1,0.0,1.0
72000000000,72000.0,1,1,1,1,0.0,1.0
72100000000,72100.0,1,1,1,1,0.0,1.0
72200000000,72200.0,1,1,1,1,0.0,1.0
72300000000,72300.0,1,1,1,1,0.0,1.0
72400000000,72400.0,1,1,1,1,0.0,1.0
72500000000,72500.0,1,1,1,1,0.0,1.0
72600000000,72600.0,1,1,1,1,0.0,1.0
72700000000,72700.0,1,1,1,1,0.0,1.0
72800000000,72800.0,1,1,1,1,0.0,1.0
72900000000,72900.0,1,1,1,1,0.0,1.0
73000000000,73000.0,1,1,1,1,0.0,1.0
73100000000,73100.0,1,1,1,1,0.0,1.0
73200000000,73200.0,1,1,1,1,0.0,1.0
73300000000,73300.0,1,1,1,1,0.0,1.0
73400000000,73400.0,1,1,1,1,0.0,1.0
73500000000,73500.0,1,1,1,1,0.0,1.0
73600000000,73600.0,1,1,1,1,0.0,1.0
73700000000,73700.0,1,1,1,1,0.0,1.0
73800000000,73800.0,1,1,1,1,0.0,1.0
73900000000,73900.0,1,1,1,1,0.0,1.0
74000000000,74000.0,1,1,1,1,0.0,0.1803921568627451
74100000000,74100.0,1,1,1,1,0.4235294117647059,0.0078431372549019
74200000000,74200.0,1,1,1,1,0.7843137254901961,0.0117647058823529
74300000000,74300.0,1,1,1,1,0.9529411764705882,0.0117647058823529
74400000000,74400.0,1,1,1,1,0.9098039215686274,0.0117647058823529
74500000000,74500.0,1,1,1,1,0.9019607843137256,0.0117647058823529
74600000000,74600.0,1,1,1,1,0.8980392156862745,0.0117647058823529
74700000000,74700.0,1,1,1,1,0.8941176470588236,0.0117647058823529
74800000000,74800.0,1,1,1,1,0.8901960784313725,0.0117647058823529
74900000000,74900.0,1,1,1,1,0.9137254901960784,0.0117647058823529
75000000000,75000.0,1,1,1,1,0.9137254901960784,0.0117647058823529
75100000000,75100.0,1,1,1,1,0.8862745098039215,0.0117647058823529
75200000000,75200.0,1,1,1,1,0.7686274509803922,0.0117647058823529
75300000000,75300.0,1,1,1,1,0.5647058823529412,0.0078431372549019
75400000000,75400.0,1,1,1,1,0.5058823529411764,0.0117647058823529
75500000000,75500.0,1,1,1,1,0.4549019607843137,0.0117647058823529
75600000000,75600.0,1,1,1,1,0.4509803921568627,0.0117647058823529
75700000000,75700.0,1,1,1,1,0.4666666666666667,0.0117647058823529
75800000000,75800.0,1,1,1,1,0.4705882352941176,0.0117647058823529
75900000000,75900.0,1,1,1,1,0.1294117647058823,0.0117647058823529
76000000000,76000.0,1,1,1,1,0.0,0.0117647058823529
76100000000,76100.0,1,1,1,1,0.0,0.0117647058823529
76200000000,76200.0,1,1,1,1,0.0,0.0117647058823529
76300000000,76300.0,1,1,1,1,0.0,0.0196078431372549
76400000000,76400.0,1,1,1,1,0.0,0.0235294117647058
76500000000,76500.0,1,1,1,1,0.0,0.0235294117647058
76600000000,76600.0,1,1,1,1,0.0,0.0235294117647058
76700000000,76700.0,1,1,1,1,0.0,0.0235294117647058
76800000000,76800.0,1,1,1,1,0.0,0.0235294117647058
76900000000,76900.0,1,1,1,1,0.0,0.0196078431372549
77000000000,77000.0,1,1,1,1,0.0,0.0235294117647058
77100000000,77100.0,1,1,1,1,0.0,0.0196078431372549
77200000000,77200.0,1,1,1,1,0.0,0.0196078431372549
77300000000,77300.0,1,1,1,1,0.0,0.0196078431372549
77400000000,77400.0,1,1,1,1,0.0,0.0156862745098039
77500000000,77500.0,1,1,1,1,0.0,0.0196078431372549
77600000000,77600.0,1,1,1,1,0.0,0.0156862745098039
77700000000,77700.0,1,1,1,1,0.0,0.0196078431372549
77800000000,77800.0,1,1,1,1,0.0274509803921568,0.0156862745098039
77900000000,77900.0,1,1,1,1,0.0352941176470588,0.0156862745098039
78000000000,78000.0,1,1,1,1,0.0509803921568627,0.0196078431372549
78100000000,78100.0,1,1,1,1,0.0588235294117647,0.0196078431372549
78200000000,78200.0,1,1,1,1,0.0392156862745098,0.0156862745098039
78300000000,78300.0,1,1,1,1,0.0,0.0274509803921568
78400000000,78400.0,1,1,1,1,0.0,0.0666666666666666
78500000000,78500.0,1,1,1,1,0.0,0.5803921568627451
78600000000,78600.0,1,1,1,1,0.0,0.9725490196078432
78700000000,78700.0,1,1,1,1,0.0,0.976470588235294
78800000000,78800.0,1,1,1,1,0.0,0.9882352941176472
78900000000,78900.0,1,1,1,1,0.0,1.0
79000000000,79000.0,1,1,1,1,0.0,1.0
79100000000,79100.0,1,1,1,1,0.0,1.0
79200000000,79200.0,1,1,1,1,0.0,1.0
79300000000,79300.0,1,1,1,1,0.0,1.0
79400000000,79400.0,1,1,1,1,0.0,1.0
79500000000,79500.0,1,1,1,1,0.0,1.0
79600000000,79600.0,1,1,1,1,0.0,1.0
79700000000,79700.0,1,1,1,1,0.0,1.0
79800000000,79800.0,1,1,1,1,0.0,1.0
79900000000,79900.0,1,1,1,1,0.0,1.0
80000000000,80000.0,1,1,1,1,0.0,1.0
80100000000,80100.0,1,1,1,1,0.0,1.0
80200000000,80200.0,1,1,1,1,0.0,1.0
80300000000,80300.0,1,1,1,1,0.0,1.0
80400000000,80400.0,1,1,1,1,0.0,1.0
80500000000,80500.0,1,1,1,1,0.0,1.0
80600000000,80600.0,1,1,1,1,0.0,1.0
80700000000,80700.0,1,1,1,1,0.0,1.0
80800000000,80800.0,1,1,1,1,0.0,1.0
80900000000,80900.0,1,1,1,1,0.0,1.0
81000000000,81000.0,1,1,1,1,0.0,1.0
81100000000,81100.0,1,1,1,1,0.0,1.0
81200000000,81200.0,1,1,1,1,0.0,1.0
81300000000,81300.0,1,1,1,1,0.0,1.0
81400000000,81400.0,1,1,1,1,0.0,1.0
81500000000,81500.0,1,1,1,1,0.0,1.0
81600000000,81600.0,1,1,1,1,0.0,1.0
81700000000,81700.0,1,1,1,1,0.0,1.0
81800000000,81800.0,1,1,1,1,0.0,1.0
81900000000,81900.0,1,1,1,1,0.0,1.0
82000000000,82000.0,1,1,1,1,0.0,1.0
82100000000,82100.0,1,1,1,1,0.0,1.0
82200000000,82200.0,1,1,1,1,0.0,1.0
82300000000,82300.0,1,1,1,1,0.0,1.0
82400000000,82400.0,1,1,1,1,0.0,1.0
82500000000,82500.0,1,1,1,1,0.0,1.0
82600000000,82600.0,1,1,1,1,0.0,1.0
82700000000,82700.0,1,1,1,1,0.0,1.0
82800000000,82800.0,1,1,1,1,0.0,1.0
82900000000,82900.0,1,1,1,1,0.0,1.0
83000000000,83000.0,1,1,1,1,0.0,1.0
83100000000,83100.0,1,1,1,1,0.0,1.0
83200000000,83200.0,1,1,1,1,0.0,1.0
83300000000,83300.0,1,1,1,1,0.0,0.996078431372549
83400000000,83400.0,1,1,1,1,0.0,0.992156862745098
83500000000,83500.0,1,1,1,1,0.0,0.992156862745098
83600000000,83600.0,1,1,1,1,0.0,0.992156862745098
83700000000,83700.0,1,1,1,1,0.0,0.992156862745098
83800000000,83800.0,1,1,1,1,0.0,0.992156862745098
83900000000,83900.0,1,1,1,1,0.0,0.992156862745098
84000000000,84000.0,1,1,1,1,0.0,0.992156862745098
84100000000,84100.0,1,1,1,1,0.0,0.992156862745098
84200000000,84200.0,1,1,1,1,0.0,0.992156862745098
84300000000,84300.0,1,1,1,1,0.0,0.984313725490196
84400000000,84400.0,1,1,1,1,0.0,0.8470588235294118
84500000000,84500.0,1,1,1,1,0.0,0.3411764705882353
84600000000,84600.0,1,1,1,1,0.0,0.2
84700000000,84700.0,1,1,1,1,0.0,0.2901960784313726
84800000000,84800.0,1,1,1,1,0.0,0.2901960784313726
84900000000,84900.0,1,1,1,1,0.0,0.2862745098039215
85000000000,85000.0,1,1,1,1,0.0,0.2823529411764706
85100000000,85100.0,1,1,1,1,0.0,0.2823529411764706
85200000000,85200.0,1,1,1,1,0.0,0.2823529411764706
85300000000,85300.0,1,1,1,1,0.0,0.2823529411764706
85400000000,85400.0,1,1,1,1,0.0,0.2745098039215686
85500000000,85500.0,1,1,1,1,0.0,0.2