control,run,raw_value,normalized_value,processing_ms
steer,1,129,0.0117647058823529,0.030259019695222378
steer,2,130,0.019607843137254832,0.039536040276288986
steer,3,131,0.027450980392156765,0.0654800096526742
steer,4,132,0.03529411764705892,0.08564704330638051
steer,5,133,0.04313725490196085,0.027462025173008442
steer,6,134,0.050980392156862786,0.023406988475471735
steer,7,135,0.05882352941176472,0.02518499968573451
steer,8,136,0.06666666666666665,0.055962009355425835
steer,9,137,0.07450980392156858,0.022073974832892418
steer,10,138,0.08235294117647052,0.04974001785740256
steer,11,139,0.09019607843137245,0.02209196100011468
steer,12,140,0.0980392156862746,0.05883199628442526
steer,13,141,0.10588235294117654,0.022739986889064312
steer,14,142,0.11372549019607847,0.025778019335120916
steer,15,143,0.1215686274509804,0.021332991309463978
steer,16,144,0.12941176470588234,0.026573019567877054
steer,17,145,0.13725490196078427,0.0218150089494884
steer,18,146,0.1450980392156862,0.023555010557174683
steer,19,147,0.15294117647058814,0.02042599953711033
steer,20,148,0.1607843137254903,0.025407003704458475
steer,21,149,0.16862745098039222,0.027500034775584936
steer,22,150,0.17647058823529416,0.028925016522407532
steer,23,151,0.1843137254901961,0.026202993467450142
steer,24,152,0.19215686274509802,0.018647988326847553
steer,25,151,0.1843137254901961,0.021314015612006187
steer,26,150,0.17647058823529416,0.029647955670952797
steer,27,149,0.16862745098039222,0.01742597669363022
steer,28,148,0.1607843137254903,0.01588900340721011
throttle,1,20,0.0784313725490196,0.06107304943725467
throttle,2,59,0.23137254901960785,0.057981000281870365
throttle,3,74,0.2901960784313726,0.04548003198578954
throttle,4,87,0.3411764705882353,0.0515360152348876
throttle,5,86,0.33725490196078434,0.06786902667954564
throttle,6,85,0.3333333333333333,0.07888698019087315
throttle,7,79,0.30980392156862746,0.060461985412985086
throttle,8,77,0.30196078431372547,0.04570296732708812
throttle,9,72,0.2823529411764706,0.04390696994960308
throttle,10,71,0.2784313725490196,0.04068401176482439
throttle,11,69,0.27058823529411763,0.04303600871935487
throttle,12,64,0.25098039215686274,0.04294404061511159
throttle,13,60,0.23529411764705882,0.0411659711971879
throttle,14,47,0.1843137254901961,0.043016974814236164
throttle,15,28,0.10980392156862745,0.045313965529203415
throttle,16,14,0.054901960784313725,0.046944012865424156
throttle,17,0,0.0,0.04762900061905384
brake,1,4,0.01568627450980392,0.05581398727372289
brake,2,5,0.0196078431372549,0.04972098395228386
brake,3,6,0.023529411764705882,0.0416660332120955
steer,29,149,0.16862745098039222,0.020387989934533834
steer,30,150,0.17647058823529416,0.01596298534423113
brake,4,7,0.027450980392156862,0.04335097037255764
steer,31,151,0.1843137254901961,0.017573998775333166
steer,32,152,0.19215686274509802,0.014944002032279968
brake,5,6,0.023529411764705882,0.0385739840567112
steer,33,153,0.19999999999999996,0.015388999599963427
steer,34,154,0.2078431372549019,0.015628989785909653
steer,35,153,0.19999999999999996,0.015370023902505636
throttle,18,57,0.2235294117647059,0.03420299617573619
throttle,19,85,0.3333333333333333,0.04068500129505992
throttle,20,132,0.5176470588235295,0.0405919854529202
brake,6,7,0.027450980392156862,0.02209196100011468
throttle,21,176,0.6901960784313725,0.07357302820309997
throttle,22,196,0.7686274509803922,0.04038901533931494
throttle,23,228,0.8941176470588236,0.05690701073035598
steer,36,152,0.19215686274509802,0.02022203989326954
throttle,24,237,0.9294117647058824,0.047313980758190155
throttle,25,246,0.9647058823529412,0.09981397306546569
steer,37,151,0.1843137254901961,0.019055965822190046
brake,7,6,0.023529411764705882,0.04083302337676287
brake,8,7,0.027450980392156862,0.04268501652404666
steer,38,150,0.17647058823529416,0.016685051377862692
throttle,26,243,0.9529411764705882,0.05086994497105479
brake,9,6,0.023529411764705882,0.04905503010377288
steer,39,149,0.16862745098039222,0.01544394763186574
throttle,27,239,0.9372549019607843,0.03977696178480983
throttle,28,233,0.9137254901960784,0.04072196315973997
brake,10,7,0.027450980392156862,0.026313995476812124
throttle,29,226,0.8862745098039215,0.039906997699290514
brake,11,6,0.023529411764705882,0.023333006538450718
throttle,30,212,0.8313725490196079,0.03959197783842683
steer,40,148,0.1607843137254903,0.021185027435421944
throttle,31,195,0.7647058823529411,0.05373999010771513
brake,12,7,0.027450980392156862,0.03501801984384656
throttle,32,184,0.7215686274509804,0.06138801109045744
brake,13,6,0.023529411764705882,0.06203603697940707
throttle,33,158,0.6196078431372549,0.055517011787742376
brake,14,7,0.027450980392156862,0.03792502684518695
throttle,34,145,0.5686274509803921,0.046406988985836506
throttle,35,116,0.4549019607843137,0.03855401882901788
brake,15,6,0.023529411764705882,0.02153700916096568
throttle,36,92,0.3607843137254902,0.04196201916784048
throttle,37,81,0.3176470588235294,0.04357402212917805
throttle,38,58,0.22745098039215686,0.04387000808492303
throttle,39,48,0.18823529411764706,0.04323996836319566
throttle,40,29,0.11372549019607843,0.043832988012582064
throttle,41,9,0.03529411764705882,0.041925988625735044
throttle,42,0,0.0,0.04042498767375946
brake,16,7,0.027450980392156862,0.025666027795523405
brake,17,6,0.023529411764705882,0.04355498822405934
brake,18,7,0.027450980392156862,0.04142499528825283
brake,19,6,0.023529411764705882,0.04461000207811594
throttle,43,9,0.03529411764705882,0.07327698403969407
throttle,44,50,0.19607843137254902,0.07647997699677944
throttle,45,74,0.2901960784313726,0.047388020902872086
throttle,46,124,0.48627450980392156,0.050665985327214
throttle,47,159,0.6235294117647059,0.04005496157333255
throttle,48,172,0.6745098039215687,0.03999896580353379
brake,20,7,0.027450980392156862,0.02181396121159196
throttle,49,187,0.7333333333333333,0.041000021155923605
throttle,50,189,0.7411764705882353,0.041907012928277254
brake,21,8,0.03137254901960784,0.02316600875928998
throttle,51,191,0.7490196078431373,0.04179595271125436
brake,22,7,0.027450980392156862,0.039277016185224056
steer,41,149,0.16862745098039222,0.016295991372317076
throttle,52,188,0.7372549019607844,0.03805500455200672
throttle,53,183,0.7176470588235294,0.0410540378652513
throttle,54,168,0.6588235294117647,0.03998097963631153
throttle,55,157,0.615686274509804,0.06248097633942962
throttle,56,133,0.5215686274509804,0.09744300041347742
throttle,57,107,0.4196078431372549,0.05799898644909263
throttle,58,96,0.3764705882352941,0.043387990444898605
throttle,59,73,0.28627450980392155,0.04599901149049401
throttle,60,62,0.24313725490196078,0.04055496538057923
steer,42,150,0.17647058823529416,0.019018014427274466
throttle,61,43,0.16862745098039217,0.043109990656375885
throttle,62,29,0.11372549019607843,0.042387982830405235
throttle,63,21,0.08235294117647059,0.04277704283595085
throttle,64,11,0.043137254901960784,0.03985100192949176
throttle,65,8,0.03137254901960784,0.04360999446362257
steer,43,151,0.1843137254901961,0.019943981897085905
throttle,66,0,0.0,0.04912802251055837
steer,44,152,0.19215686274509802,0.021870015189051628
steer,45,153,0.19999999999999996,0.015704019460827112
throttle,67,2,0.00784313725490196,0.040924991481006145
throttle,68,16,0.06274509803921569,0.04244397860020399
throttle,69,23,0.09019607843137255,0.04616595106199384
steer,46,154,0.2078431372549019,0.018407998140901327
throttle,70,42,0.16470588235294117,0.050942995585501194
throttle,71,53,0.20784313725490197,0.04892499418929219
throttle,72,75,0.29411764705882354,0.09520200546830893
throttle,73,101,0.396078431372549,0.051295035518705845
throttle,74,114,0.4470588235294118,0.048110028728842735
throttle,75,143,0.5607843137254902,0.046666013076901436
throttle,76,153,0.6,0.03875902621075511
throttle,77,169,0.6627450980392157,0.03977701999247074
throttle,78,175,0.6862745098039216,0.08279498433694243
brake,23,6,0.023529411764705882,0.022961990907788277
throttle,79,174,0.6823529411764706,0.056905962992459536
brake,24,7,0.027450980392156862,0.03764702705666423
throttle,80,173,0.6784313725490196,0.04727696068584919
throttle,81,170,0.6666666666666666,0.040184007957577705
throttle,82,159,0.6235294117647059,0.0468880170956254
throttle,83,147,0.5764705882352941,0.042479950934648514
throttle,84,140,0.5490196078431373,0.07399899186566472
throttle,85,126,0.49411764705882355,0.06294302875176072
throttle,86,119,0.4666666666666667,0.049591995775699615
throttle,87,107,0.4196078431372549,0.04661100683733821
throttle,88,96,0.3764705882352941,0.038443016819655895
brake,25,8,0.03137254901960784,0.019036990124732256
throttle,89,90,0.35294117647058826,0.040740997064858675
brake,26,7,0.027450980392156862,0.022592954337596893
throttle,90,77,0.30196078431372547,0.04068500129505992
throttle,91,72,0.2823529411764706,0.04181399708613753
throttle,92,60,0.23529411764705882,0.04387000808492303
throttle,93,52,0.20392156862745098,0.03931403625756502
throttle,94,48,0.18823529411764706,0.04135200288146734
throttle,95,43,0.16862745098039217,0.05018402589485049
brake,27,6,0.023529411764705882,0.027481000870466232
throttle,96,41,0.1607843137254902,0.04977703792974353
brake,28,7,0.027450980392156862,0.026702997274696827
throttle,97,38,0.14901960784313725,0.11290604015812278
throttle,98,37,0.1450980392156863,0.0643320381641388
brake,29,6,0.023529411764705882,0.07344299228861928
steer,47,153,0.19999999999999996,0.015295983757823706
brake,30,7,0.027450980392156862,0.0351850176230073
throttle,99,38,0.14901960784313725,0.0420360011048615
steer,48,152,0.19215686274509802,0.01568498555570841
throttle,100,42,0.16470588235294117,0.03922096220776439
steer,49,151,0.1843137254901961,0.015074037946760654
throttle,101,46,0.1803921568627451,0.04057399928569794
brake,31,6,0.023529411764705882,0.01751899253576994
throttle,102,51,0.2,0.040907005313783884
brake,32,7,0.027450980392156862,0.029296032153069973
steer,50,150,0.17647058823529416,0.015350989997386932
throttle,103,59,0.23137254901960785,0.03896199632436037
brake,33,6,0.023529411764705882,0.019869999960064888
throttle,104,65,0.2549019607843137,0.04042597720399499
throttle,105,86,0.33725490196078434,0.04099996294826269
brake,34,7,0.027450980392156862,0.020389037672430277
steer,51,149,0.16862745098039222,0.022592023015022278
throttle,106,118,0.4627450980392157,0.06223999662324786
throttle,107,137,0.5372549019607843,0.06668397691100836
steer,52,148,0.1607843137254903,0.03166700480505824
throttle,108,174,0.6823529411764706,0.07331400411203504
brake,35,6,0.023529411764705882,0.033998978324234486
throttle,109,187,0.7333333333333333,0.04427798558026552
steer,53,147,0.15294117647058814,0.015203026123344898
throttle,110,203,0.796078431372549,0.04151801113039255
throttle,111,205,0.803921568627451,0.040277023799717426
brake,36,8,0.03137254901960784,0.019850966054946184
steer,54,146,0.1450980392156862,0.015555007848888636
throttle,112,200,0.7843137254901961,0.035165983717888594
brake,37,7,0.027450980392156862,0.01698196865618229
throttle,113,195,0.7647058823529411,0.043109990656375885
throttle,114,178,0.6980392156862745,0.04327698843553662
steer,55,145,0.13725490196078427,0.017036974895745516
throttle,115,155,0.6078431372549019,0.04007399547845125
throttle,116,143,0.5607843137254902,0.041740015149116516
throttle,117,116,0.4549019607843137,0.05218404112383723
throttle,118,104,0.40784313725490196,0.06964703788980842
throttle,119,82,0.3215686274509804,0.0832210062071681
throttle,120,63,0.24705882352941178,0.05105504533275962
throttle,121,56,0.2196078431372549,0.040462007746100426
throttle,122,43,0.16862745098039217,0.04303600871935487
throttle,123,39,0.15294117647058825,0.04055496538057923
throttle,124,32,0.12549019607843137,0.04272197838872671
throttle,125,30,0.11764705882352941,0.04262896254658699
throttle,126,29,0.11372549019607843,0.04725903272628784
throttle,127,28,0.10980392156862745,0.04177703522145748
throttle,128,29,0.11372549019607843,0.04362897016108036
throttle,129,30,0.11764705882352941,0.04170299507677555
brake,38,6,0.023529411764705882,0.020870007574558258
throttle,130,32,0.12549019607843137,0.0622029765509069
brake,39,7,0.027450980392156862,0.04475802415981889
steer,56,144,0.12941176470588234,0.024204025976359844
throttle,131,34,0.13333333333333333,0.0749800237827003
throttle,132,40,0.1568627450980392,0.06179598858579993
throttle,133,43,0.16862745098039217,0.04616595106199384
throttle,134,53,0.20784313725490197,0.04455499583855271
steer,57,143,0.1215686274509804,0.018444028683006763
throttle,135,61,0.23921568627450981,0.03886997001245618
throttle,136,64,0.25098039215686274,0.04059204366058111
brake,40,6,0.023529411764705882,0.029833056032657623
steer,58,142,0.11372549019607847,0.01914799213409424
throttle,137,73,0.28627450980392155,0.060591031797230244
brake,41,7,0.027450980392156862,0.032518000807613134
throttle,138,76,0.2980392156862745,0.04085100954398513
steer,59,141,0.10588235294117654,0.01661101123318076
throttle,139,78,0.3058823529411765,0.05779502680525184
steer,60,140,0.0980392156862746,0.017036974895745516
steer,61,139,0.09019607843137245,0.01440802589058876
throttle,140,77,0.30196078431372547,0.07003603968769312
steer,62,138,0.08235294117647052,0.035814009606838226
throttle,141,72,0.2823529411764706,0.07546099368482828
steer,63,137,0.07450980392156858,0.024555018171668053
throttle,142,66,0.25882352941176473,0.06272102473303676
throttle,143,62,0.24313725490196078,0.04177697701379657
brake,42,8,0.03137254901960784,0.03175798337906599
steer,64,136,0.06666666666666665,0.014963035937398672
throttle,144,57,0.2235294117647059,0.036536017432808876
brake,43,7,0.027450980392156862,0.016388017684221268
steer,65,135,0.05882352941176472,0.019555038306862116
throttle,145,54,0.21176470588235294,0.03879598807543516
steer,66,134,0.050980392156862786,0.01498096389696002
throttle,146,49,0.19215686274509805,0.03857305273413658
throttle,147,45,0.17647058823529413,0.0418700510635972
steer,67,133,0.04313725490196085,0.02144399331882596
throttle,148,44,0.17254901960784313,0.04607299342751503
brake,44,8,0.03137254901960784,0.022035965230315924
steer,68,132,0.03529411764705892,0.015740981325507164
throttle,149,43,0.16862745098039217,0.03851798828691244
brake,45,7,0.027450980392156862,0.03122194902971387
steer,69,131,0.027450980392156765,0.015017983969300985
brake,46,6,0.023529411764705882,0.037888006772845984
steer,70,130,0.019607843137254832,0.017111015040427446
brake,47,7,0.027450980392156862,0.040462007746100426
throttle,150,44,0.17254901960784313,0.06257300265133381
brake,48,8,0.03137254901960784,0.04605500726029277
steer,71,129,0.0117647058823529,0.03985100192949176
throttle,151,46,0.1803921568627451,0.10125798871740699
brake,49,7,0.027450980392156862,0.04151801113039255
throttle,152,48,0.18823529411764706,0.053424970246851444
steer,72,128,0.0039215686274509665,0.015260011423379183
throttle,153,51,0.2,0.03583298530429602
throttle,154,55,0.21568627450980393,0.039703038055449724
throttle,155,57,0.2235294117647059,0.03990705590695143
brake,50,8,0.03137254901960784,0.026833033189177513
throttle,156,64,0.25098039215686274,0.03977696178480983
brake,51,7,0.027450980392156862,0.026609981432557106
throttle,157,69,0.27058823529411763,0.0407769693993032
throttle,158,86,0.33725490196078434,0.04066602559760213
throttle,159,105,0.4117647058823529,0.04151801113039255
throttle,160,115,0.45098039215686275,0.04942604573443532
brake,52,8,0.03137254901960784,0.037906982470303774
throttle,161,132,0.5176470588235295,0.05292502464726567
brake,53,7,0.027450980392156862,0.028443988412618637
throttle,162,137,0.5372549019607843,0.05879497621208429
throttle,163,142,0.5568627450980392,0.09140599286183715
throttle,164,141,0.5529411764705883,0.04694395465776324
brake,54,6,0.023529411764705882,0.03564800135791302
throttle,165,142,0.5568627450980392,0.046555011067539454
brake,55,7,0.027450980392156862,0.08294300641864538
throttle,166,137,0.5372549019607843,0.04279601853340864
throttle,167,133,0.5215686274509804,0.04229601472616196
brake,56,6,0.023529411764705882,0.022425956558436155
throttle,168,125,0.49019607843137253,0.04051800351589918
brake,57,7,0.027450980392156862,0.028499984182417393
throttle,169,116,0.4549019607843137,0.039831968024373055
brake,58,6,0.023529411764705882,0.021851039491593838
throttle,170,112,0.4392156862745098,0.04559202352538705
brake,59,7,0.027450980392156862,0.03620301140472293
throttle,171,104,0.40784313725490196,0.047388020902872086
throttle,172,100,0.39215686274509803,0.04375900607556105
brake,60,6,0.023529411764705882,0.026703986804932356
throttle,173,92,0.3607843137254902,0.042832980398088694
brake,61,7,0.027450980392156862,0.0329249887727201
throttle,174,85,0.3333333333333333,0.05520303966477513
brake,62,6,0.023529411764705882,0.047406996600329876
throttle,175,83,0.3254901960784314,0.05929602775722742
brake,63,7,0.027450980392156862,0.057609984651207924
throttle,176,79,0.30980392156862746,0.04223996074870229
throttle,177,76,0.2980392156862745,0.04227797035127878
brake,64,6,0.023529411764705882,0.03577698953449726
brake,65,7,0.027450980392156862,0.04201795672997832
brake,66,6,0.023529411764705882,0.039444013964384794
brake,67,7,0.027450980392156862,0.05301699275150895
brake,68,6,0.023529411764705882,0.0779990223236382
brake,69,7,0.027450980392156862,0.054777017794549465
throttle,178,77,0.30196078431372547,0.05514704389497638
throttle,179,78,0.3058823529411765,0.0551099656149745
brake,70,6,0.023529411764705882,0.030518043786287308
throttle,180,81,0.3176470588235294,0.03988796379417181
brake,71,7,0.027450980392156862,0.031889008823782206
throttle,181,83,0.3254901960784314,0.06272102473303676
throttle,182,88,0.34509803921568627,0.07953599561005831
brake,72,6,0.023529411764705882,0.09633199078962207
throttle,183,96,0.3764705882352941,0.05586998304352164
brake,73,7,0.027450980392156862,0.036721990909427404
steer,73,127,-0.0039215686274509665,0.015813973732292652
throttle,184,102,0.4,0.03637000918388367
throttle,185,118,0.4627450980392157,0.042665982618927956
brake,74,6,0.023529411764705882,0.026240013539791107
steer,74,126,-0.0117647058823529,0.015110999811440706
throttle,186,131,0.5137254901960784,0.03823998849838972
brake,75,7,0.027450980392156862,0.01633301144465804
throttle,187,153,0.6,0.04383304622024298
steer,75,125,-0.019607843137254943,0.017184996977448463
throttle,188,168,0.6588235294117647,0.04155503120273352
brake,76,6,0.023529411764705882,0.23305200738832355
steer,76,124,-0.027450980392156876,0.01477700425311923
throttle,189,173,0.6784313725490196,0.037906982470303774
throttle,190,178,0.6980392156862745,0.041462015360593796
steer,77,123,-0.03529411764705881,0.01496198819950223
throttle,191,179,0.7019607843137254,0.03803602885454893
brake,77,7,0.027450980392156862,0.01598097151145339
steer,78,122,-0.04313725490196074,0.016480975318700075
steer,79,121,-0.050980392156862786,0.01725897891446948
throttle,192,176,0.6901960784313725,0.041924999095499516
steer,80,120,-0.05882352941176472,0.022610998712480068
throttle,193,175,0.6862745098039216,0.07336901035159826
brake,78,6,0.023529411764705882,0.053979980293661356
steer,81,119,-0.06666666666666665,0.01981499372050166
throttle,194,168,0.6588235294117647,0.059813959524035454
steer,82,118,-0.07450980392156858,0.021092011593282223
throttle,195,165,0.6470588235294118,0.06436998955905437
brake,79,7,0.027450980392156862,0.039202976040542126
steer,83,116,-0.09019607843137256,0.01635198714211583
throttle,196,159,0.6235294117647059,0.04186900332570076
steer,84,115,-0.0980392156862745,0.015982019249349833
throttle,197,155,0.6078431372549019,0.041981053072959185
brake,80,6,0.023529411764705882,0.020795967429876328
steer,85,114,-0.10588235294117643,0.014833000022917986
throttle,198,153,0.6,0.03549898974597454
steer,86,113,-0.11372549019607847,0.017110956832766533
throttle,199,149,0.5843137254901961,0.04768400685861707
brake,81,7,0.027450980392156862,0.03403698792681098
steer,87,112,-0.1215686274509804,0.014813966117799282
throttle,200,148,0.5803921568627451,0.03937003202736378
steer,88,110,-0.13725490196078427,0.016943959053605795
throttle,201,146,0.5725490196078431,0.039925973396748304
steer,89,109,-0.14509803921568631,0.015277997590601444
steer,90,108,-0.15294117647058825,0.014833000022917986
brake,82,6,0.023529411764705882,0.035906967241317034
steer,91,106,-0.1686274509803921,0.0182220246642828
throttle,202,145,0.5686274509803921,0.0434260000474751
steer,92,105,-0.17647058823529416,0.018665974494069815
steer,93,104,-0.1843137254901961,0.03268499858677387
brake,83,7,0.027450980392156862,0.10946200927719474
steer,94,102,-0.19999999999999996,0.01835095463320613
throttle,203,146,0.5725490196078431,0.05173997487872839
brake,84,6,0.023529411764705882,0.03801804268732667
steer,95,100,-0.21568627450980393,0.01477700425311923
throttle,204,147,0.5764705882352941,0.03601802745833993
steer,96,99,-0.22352941176470587,0.015184981748461723
throttle,205,148,0.5803921568627451,0.042202998884022236
steer,97,98,-0.2313725490196078,0.014925957657396793
throttle,206,149,0.5843137254901961,0.03696297062560916
steer,98,96,-0.24705882352941178,0.014999008271843195
throttle,207,151,0.592156862745098,0.03661098890006542
brake,85,7,0.027450980392156862,0.01577800139784813
throttle,208,153,0.6,0.043591950088739395
brake,86,6,0.023529411764705882,0.027425005100667477
steer,99,94,-0.26274509803921564,0.016776961274445057
throttle,209,157,0.615686274509804,0.0409809872508049
brake,87,7,0.027450980392156862,0.0201669754460454
throttle,210,159,0.6235294117647059,0.043128966353833675
steer,100,92,-0.2784313725490196,0.017389014828950167
throttle,211,168,0.6588235294117647,0.045832013711333275
brake,88,6,0.023529411764705882,0.021406973246484995
steer,101,91,-0.28627450980392155,0.019221974071115255
throttle,212,177,0.6941176470588235,0.046554021537303925
brake,89,7,0.027450980392156862,0.11933100176975131
throttle,213,182,0.7137254901960784,0.052332994528114796
brake,90,6,0.023529411764705882,0.04585104761645198
steer,102,89,-0.3019607843137255,0.016295991372317076
throttle,214,187,0.7333333333333333,0.040537037421017885
brake,91,7,0.027450980392156862,0.028296024538576603
throttle,215,189,0.7411764705882353,0.04424003418534994
brake,92,6,0.023529411764705882,0.02792599843814969
steer,103,88,-0.30980392156862746,0.015166006051003933
throttle,216,191,0.7490196078431373,0.035258999560028315
steer,104,87,-0.3176470588235294,0.014833000022917986
throttle,217,190,0.7450980392156863,0.03761000698432326
steer,105,86,-0.3254901960784313,0.016704027075320482
throttle,218,191,0.7490196078431373,0.05057395901530981
brake,93,5,0.0196078431372549,0.1522940001450479
steer,106,85,-0.33333333333333337,0.016628997400403023
throttle,219,190,0.7450980392156863,0.041277031414210796
brake,94,6,0.023529411764705882,0.01579598756507039
throttle,220,189,0.7411764705882353,0.04083302337676287
brake,95,7,0.027450980392156862,0.024370034225285053
steer,107,84,-0.3411764705882353,0.012036995030939579
throttle,221,187,0.7333333333333333,0.034999975468963385
brake,96,6,0.023529411764705882,0.01648103352636099
steer,108,82,-0.35686274509803917,0.014888995792716742
throttle,222,185,0.7254901960784313,0.03742496483027935
throttle,223,184,0.7215686274509804,0.04070298746228218
brake,97,7,0.027450980392156862,0.022944004740566015
steer,109,81,-0.3647058823529412,0.015461992006748915
throttle,224,183,0.7176470588235294,0.04368502413854003
steer,110,80,-0.37254901960784315,0.018630002159625292
throttle,225,182,0.7137254901960784,0.04862900823354721
brake,98,6,0.023529411764705882,0.018665974494069815
steer,111,79,-0.3803921568627451,0.02590700751170516
throttle,226,181,0.7098039215686275,0.09849801426753402
steer,112,78,-0.388235294117647,0.015833007637411356
throttle,227,178,0.6980392156862745,0.10681297862902284
brake,99,7,0.027450980392156862,0.026130001060664654
steer,113,77,-0.39607843137254906,0.017017999198287725
throttle,228,177,0.6941176470588235,0.04662899300456047
brake,100,9,0.03529411764705882,0.09007297921925783
steer,114,76,-0.403921568627451,0.015629047993570566
throttle,229,175,0.6862745098039216,0.04653597716242075
brake,101,7,0.027450980392156862,0.037443998735398054
throttle,230,173,0.6784313725490196,0.06416602991521358
brake,102,6,0.023529411764705882,0.025035988073796034
steer,115,75,-0.4117647058823529,0.016462989151477814
throttle,231,169,0.6627450980392157,0.0422400189563632
steer,116,74,-0.41960784313725485,0.01159199746325612
throttle,232,166,0.6509803921568628,0.08607300696894526
steer,117,73,-0.4274509803921569,0.015240046195685863
throttle,233,163,0.6392156862745098,0.03822200233116746
steer,118,72,-0.43529411764705883,0.015350989997386932
throttle,234,158,0.6196078431372549,0.03301800461485982
throttle,235,156,0.611764705882353,0.05074002547189593
steer,119,71,-0.44313725490196076,0.019463011994957924
throttle,236,149,0.5843137254901961,0.061461993027478456
brake,103,7,0.027450980392156862,0.04011101555079222
throttle,237,142,0.5568627450980392,0.0627030385658145
brake,104,6,0.023529411764705882,0.07874000584706664
throttle,238,138,0.5411764705882353,0.06512895924970508
brake,105,7,0.027450980392156862,0.07018400356173515
steer,120,70,-0.4509803921568627,0.019000028260052204
throttle,239,129,0.5058823529411764,0.061368977185338736
throttle,240,125,0.49019607843137253,0.04451698623597622
brake,106,6,0.023529411764705882,0.027129019144922495
throttle,241,117,0.4588235294117647,0.039758975617587566
throttle,242,109,0.42745098039215684,0.03988796379417181
throttle,243,104,0.40784313725490196,0.04022096982225776
brake,107,7,0.027450980392156862,0.023092026822268963
throttle,244,98,0.3843137254901961,0.04307302879169583
brake,108,6,0.023529411764705882,0.03164797089993954
throttle,245,94,0.3686274509803922,0.04522100789472461
brake,109,7,0.027450980392156862,0.02692500129342079
steer,121,69,-0.45882352941176474,0.016666948795318604
throttle,246,89,0.34901960784313724,0.046313973143696785
throttle,247,84,0.32941176470588235,0.04024000372737646
brake,110,6,0.023529411764705882,0.018480990547686815
throttle,248,83,0.3254901960784314,0.04690699279308319
brake,111,7,0.027450980392156862,0.024017994292080402
throttle,249,81,0.3176470588235294,0.0642400118522346
brake,112,6,0.023529411764705882,0.04377699224278331
steer,122,68,-0.4666666666666667,0.026333029381930828
throttle,250,80,0.3137254901960784,0.07085100514814258
brake,113,7,0.027450980392156862,0.03898097202181816
brake,114,6,0.023529411764705882,0.09423895971849561
throttle,251,82,0.3215686274509804,0.04168396117165685
brake,115,7,0.027450980392156862,0.022351974621415138
throttle,252,85,0.3333333333333333,0.04066602559760213
throttle,253,89,0.34901960784313724,0.042110972572118044
throttle,254,92,0.3607843137254902,0.03983295755460858
brake,116,6,0.023529411764705882,0.01942500239238143
throttle,255,96,0.3764705882352941,0.042166037019342184
brake,117,7,0.027450980392156862,0.04107301356270909
throttle,256,101,0.396078431372549,0.04142598481848836
brake,118,6,0.023529411764705882,0.03462895983830094
throttle,257,111,0.43529411764705883,0.055146985687315464
brake,119,7,0.027450980392156862,0.044942949898540974
throttle,258,130,0.5098039215686274,0.060832011513412
brake,120,6,0.023529411764705882,0.08985103340819478
throttle,259,140,0.5490196078431373,0.06987003143876791
throttle,260,156,0.611764705882353,0.06677600322291255
throttle,261,161,0.6313725490196078,0.045388005673885345
throttle,262,172,0.6745098039215687,0.042221974581480026
brake,121,7,0.027450980392156862,0.026054971385747194
throttle,263,179,0.7019607843137254,0.041758990846574306
brake,122,6,0.023529411764705882,0.03838801058009267
throttle,264,182,0.7137254901960784,0.041888037230819464
throttle,265,183,0.7176470588235294,0.07238797843456268
throttle,266,182,0.7137254901960784,0.04194403300061822
throttle,267,183,0.7176470588235294,0.04401704063639045
throttle,268,182,0.7137254901960784,0.0422400189563632
throttle,269,181,0.7098039215686275,0.06040598964318633
throttle,270,180,0.7058823529411765,0.06423896411433816
throttle,271,179,0.7019607843137254,0.08566497126594186
throttle,272,177,0.6941176470588235,0.05540699930861592
brake,123,7,0.027450980392156862,0.041444029193371534
brake,124,6,0.023529411764705882,0.04755496047437191
throttle,273,176,0.6901960784313725,0.04349899245426059
throttle,274,177,0.6941176470588235,0.04531402373686433
brake,125,7,0.027450980392156862,0.030906987376511097
brake,126,6,0.023529411764705882,0.043221982195973396
throttle,275,176,0.6901960784313725,0.04872196586802602
throttle,276,175,0.6862745098039216,0.07146102143451571
brake,127,8,0.03137254901960784,0.07096200715750456
brake,128,7,0.027450980392156862,0.06272102473303676
brake,129,6,0.023529411764705882,0.05212897667661309
throttle,277,174,0.6823529411764706,0.05338800838217139
brake,130,7,0.027450980392156862,0.04133197944611311
brake,131,6,0.023529411764705882,0.046647037379443645
brake,132,7,0.027450980392156862,0.040202983655035496
throttle,278,175,0.6862745098039216,0.057609984651207924
throttle,279,174,0.6823529411764706,0.05923997377976775
brake,133,6,0.023529411764705882,0.09396200766786933
brake,134,7,0.027450980392156862,0.056072953157126904
throttle,280,172,0.6745098039215687,0.1046090037561953
throttle,281,170,0.6666666666666666,0.06583199137821794
brake,135,6,0.023529411764705882,0.05199899896979332
throttle,282,168,0.6588235294117647,0.043925014324486256
throttle,283,165,0.6470588235294118,0.041831983253359795
throttle,284,159,0.6235294117647059,0.04005496157333255
throttle,285,155,0.6078431372549019,0.040758983232080936
brake,136,7,0.027450980392156862,0.027221976779401302
throttle,286,149,0.5843137254901961,0.04185200668871403
brake,137,6,0.023529411764705882,0.023869972210377455
throttle,287,144,0.5647058823529412,0.042740022763609886
brake,138,7,0.027450980392156862,0.03077695146203041
steer,123,69,-0.45882352941176474,0.015924975741654634
throttle,288,133,0.5215686274509804,0.04250003257766366
brake,139,6,0.023529411764705882,0.024702982045710087
throttle,289,123,0.4823529411764706,0.04253600491210818
throttle,290,119,0.4666666666666667,0.05573901580646634
throttle,291,110,0.43137254901960786,0.0686649582348764
brake,140,7,0.027450980392156862,0.05688803503289819
steer,124,70,-0.4509803921568627,0.023204018361866474
throttle,292,106,0.41568627450980394,0.07451802957803011
brake,141,6,0.023529411764705882,0.06249896250665188
throttle,293,99,0.38823529411764707,0.05788804264739156
brake,142,8,0.03137254901960784,0.036647950764745474
throttle,294,94,0.3686274509803922,0.05772203439846635
brake,143,6,0.023529411764705882,0.06818503607064486
throttle,295,91,0.3568627450980392,0.042925006709992886
steer,125,71,-0.44313725490196076,0.015222001820802689
throttle,296,86,0.33725490196078434,0.036537006963044405
brake,144,7,0.027450980392156862,0.015573983546346426
throttle,297,84,0.32941176470588235,0.03885099431499839
steer,126,72,-0.43529411764705883,0.015981029719114304
throttle,298,82,0.3215686274509804,0.03749999450519681
brake,145,6,0.023529411764705882,0.01640705158933997
steer,127,73,-0.4274509803921569,0.016739999409765005
throttle,299,81,0.3176470588235294,0.0595729798078537
steer,128,74,-0.41960784313725485,0.012906966730952263
throttle,300,80,0.3137254901960784,0.03362901043146849
brake,146,7,0.027450980392156862,0.022315012756735086
brake,147,6,0.023529411764705882,0.043203006498515606
steer,129,75,-0.4117647058823529,0.016834004782140255
steer,130,76,-0.403921568627451,0.021943997126072645
brake,148,7,0.027450980392156862,0.06846198812127113
steer,131,77,-0.39607843137254906,0.09374000364914536
steer,132,78,-0.388235294117647,0.017480982933193445
brake,149,6,0.023529411764705882,0.05046202568337321
steer,133,79,-0.3803921568627451,0.015017983969300985
steer,134,81,-0.3647058823529412,0.015259021893143654
steer,135,83,-0.34901960784313724,0.015351979527622461
brake,150,7,0.027450980392156862,0.0385359744541347
steer,136,85,-0.33333333333333337,0.0157039612531662
brake,151,6,0.023529411764705882,0.03959197783842683
steer,137,86,-0.3254901960784313,0.01505500404164195
steer,138,87,-0.3176470588235294,0.015628989785909653
steer,139,89,-0.3019607843137255,0.015444005839526653
steer,140,90,-0.2941176470588235,0.024055014364421368
steer,141,92,-0.2784313725490196,0.05016598151996732
steer,142,94,-0.26274509803921564,0.01459300983697176
brake,152,7,0.027450980392156862,0.03492500400170684
steer,143,95,-0.2549019607843137,0.015740981325507164
brake,153,8,0.03137254901960784,0.04068395355716348
steer,144,96,-0.24705882352941178,0.01651799539104104
brake,154,6,0.023529411764705882,0.042202998884022236
steer,145,97,-0.23921568627450984,0.01607398735359311
steer,146,98,-0.2313725490196078,0.01599895767867565
steer,147,99,-0.22352941176470587,0.04473997978493571
brake,155,7,0.027450980392156862,0.03751699114218354
steer,148,100,-0.21568627450980393,0.01868500839918852
brake,156,6,0.023529411764705882,0.06640603533014655
steer,149,101,-0.207843137254902,0.015350989997386932
brake,157,7,0.027450980392156862,0.04425796214491129
brake,158,6,0.023529411764705882,0.06990600377321243
brake,159,7,0.027450980392156862,0.07192499469965696
brake,160,6,0.023529411764705882,0.04090595757588744
brake,161,7,0.027450980392156862,0.07238797843456268
brake,162,6,0.023529411764705882,0.07186998846009374
steer,150,102,-0.19999999999999996,0.014537014067173004
brake,163,7,0.027450980392156862,0.0394630478695035
steer,151,103,-0.19215686274509802,0.015092024113982916
brake,164,6,0.023529411764705882,0.03472104435786605
steer,152,104,-0.1843137254901961,0.013148004654794931
steer,153,105,-0.17647058823529416,0.022037012968212366
steer,154,106,-0.1686274509803921,0.020221981685608625
steer,155,107,-0.16078431372549018,0.01505599357187748
steer,156,108,-0.15294117647058825,0.015555007848888636
steer,157,109,-0.14509803921568631,0.014796038158237934
brake,165,7,0.027450980392156862,0.061721017118543386
steer,158,110,-0.13725490196078427,0.019204046111553907
brake,166,6,0.023529411764705882,0.08353602606803179
brake,167,7,0.027450980392156862,0.04075799370184541
brake,168,6,0.023529411764705882,0.03885099431499839
steer,159,109,-0.14509803921568631,0.016906997188925743
brake,169,7,0.027450980392156862,0.03942498005926609
brake,170,6,0.023529411764705882,0.04085100954398513
steer,160,110,-0.13725490196078427,0.014388991985470057
steer,161,111,-0.12941176470588234,0.02838898217305541
steer,162,112,-0.1215686274509804,0.015388999599963427
brake,171,7,0.027450980392156862,0.03607396502047777
steer,163,113,-0.11372549019607847,0.016166013665497303
brake,172,6,0.023529411764705882,0.0388510525226593
steer,164,114,-0.10588235294117643,0.017295998986810446
steer,165,117,-0.08235294117647063,0.01505500404164195
steer,166,118,-0.07450980392156858,0.017147976905107498
steer,167,120,-0.05882352941176472,0.01675903331488371
steer,168,122,-0.04313725490196074,0.02314802259206772
steer,169,123,-0.03529411764705881,0.03531400579959154
brake,173,7,0.027450980392156862,0.11740496847778559
steer,170,125,-0.019607843137254943,0.021185027435421944
brake,174,6,0.023529411764705882,0.05262799095362425
steer,171,126,-0.0117647058823529,0.014721998013556004
steer,172,127,-0.0039215686274509665,0.015666009858250618
brake,175,7,0.027450980392156862,0.03772095078602433
steer,173,128,0.0039215686274509665,0.016925972886383533
brake,176,6,0.023529411764705882,0.037407036870718
brake,177,7,0.027450980392156862,0.04125799750909209
brake,178,6,0.023529411764705882,0.047389010433107615
brake,179,7,0.027450980392156862,0.04027696559205651
brake,180,6,0.023529411764705882,0.04214799264445901
brake,181,7,0.027450980392156862,0.04340597661212087
steer,174,129,0.0117647058823529,0.015241035725921392
steer,175,130,0.019607843137254832,0.016111007425934076
steer,176,131,0.027450980392156765,0.02279604086652398
brake,182,6,0.023529411764705882,0.0634620082564652
steer,177,132,0.03529411764705892,0.020389037672430277
brake,183,7,0.027450980392156862,0.06692501483485103
steer,178,134,0.050980392156862786,0.016926031094044447
brake,184,6,0.023529411764705882,0.04423997597768903
steer,179,136,0.06666666666666665,0.015370023902505636
steer,180,137,0.07450980392156858,0.05727697862312198
brake,185,7,0.027450980392156862,0.03540696343407035
steer,181,138,0.08235294117647052,0.015222001820802689
brake,186,6,0.023529411764705882,0.03327702870592475
steer,182,140,0.0980392156862746,0.015128985978662968
steer,183,141,0.10588235294117654,0.01531402813270688
steer,184,143,0.1215686274509804,0.019665982108563185
brake,187,7,0.027450980392156862,0.03803597064688802
steer,185,144,0.12941176470588234,0.01588900340721011
steer,186,145,0.13725490196078427,0.016128993593156338
brake,188,6,0.023529411764705882,0.06029597716405988
steer,187,147,0.15294117647058814,0.024017994292080402
brake,189,7,0.027450980392156862,0.0630730064585805
steer,188,148,0.1607843137254903,0.024147971998900175
brake,190,6,0.023529411764705882,0.10490597924217582
steer,189,150,0.17647058823529416,0.01927796984091401
brake,191,7,0.027450980392156862,0.05485099973157048
brake,192,6,0.023529411764705882,0.04060997162014246
steer,190,152,0.19215686274509802,0.018296006601303816
brake,193,7,0.027450980392156862,0.046850997023284435
steer,191,153,0.19999999999999996,0.026685011107474566
brake,194,6,0.023529411764705882,0.06264698458835483
steer,192,154,0.2078431372549019,0.01679599517956376
brake,195,7,0.027450980392156862,0.05720200715586543
steer,193,156,0.22352941176470598,0.01577800139784813
steer,194,157,0.2313725490196079,0.013981014490127563
brake,196,6,0.023529411764705882,0.04312902456149459
steer,195,158,0.23921568627450984,0.015648023691028357
steer,196,160,0.2549019607843137,0.016019039321690798
brake,197,7,0.027450980392156862,0.0409809872508049
brake,198,6,0.023529411764705882,0.04188902676105499
steer,197,162,0.2705882352941176,0.01914799213409424
steer,198,163,0.2784313725490195,0.019592000171542168
brake,199,7,0.027450980392156862,0.06846198812127113
steer,199,164,0.28627450980392166,0.019036990124732256
steer,200,166,0.3019607843137255,0.01768500078469515
brake,200,6,0.023529411764705882,0.048407004214823246
steer,201,168,0.3176470588235294,0.015277997590601444
brake,201,7,0.027450980392156862,0.060259015299379826
steer,202,169,0.3254901960784313,0.015722005628049374
brake,202,6,0.023529411764705882,0.04014803562313318
steer,203,170,0.33333333333333326,0.017907004803419113
brake,203,7,0.027450980392156862,0.047573004849255085
steer,204,172,0.34901960784313735,0.019202998373657465
steer,205,173,0.3568627450980393,0.01599994720891118
brake,204,6,0.023529411764705882,0.0398330157622695
steer,206,174,0.3647058823529412,0.016314967069774866
steer,207,175,0.37254901960784315,0.016741047147661448
brake,205,7,0.027450980392156862,0.041202991269528866
steer,208,176,0.3803921568627451,0.021943997126072645
steer,209,178,0.39607843137254894,0.023092026822268963
brake,206,6,0.023529411764705882,0.06559101166203618
steer,210,179,0.4039215686274509,0.039259030018001795
brake,207,7,0.027450980392156862,0.07620296673849225
steer,211,180,0.41176470588235303,0.01694401726126671
steer,212,181,0.41960784313725497,0.016833015251904726
steer,213,182,0.4274509803921569,0.016926031094044447
steer,214,183,0.43529411764705883,0.01661101123318076
steer,215,184,0.44313725490196076,0.01699896529316902
brake,208,6,0.023529411764705882,0.0426099868491292
steer,216,186,0.45882352941176463,0.016925041563808918
brake,209,7,0.027450980392156862,0.03914698027074337
brake,210,6,0.023529411764705882,0.0407769693993032
steer,217,188,0.4745098039215687,0.016665959265083075
brake,211,7,0.027450980392156862,0.043943990021944046
steer,218,189,0.48235294117647065,0.017036974895745516
steer,219,190,0.4901960784313726,0.018498976714909077
steer,220,191,0.4980392156862745,0.02224004128947854
brake,212,6,0.023529411764705882,0.059240031987428665
steer,221,192,0.5058823529411764,0.025055021978914738
steer,222,193,0.5137254901960784,0.021499989088624716
steer,223,195,0.5294117647058822,0.016389007214456797
brake,213,7,0.027450980392156862,0.03933202242478728
steer,224,197,0.5450980392156863,0.01605501165613532
brake,214,6,0.023529411764705882,0.0426099868491292
steer,225,199,0.5607843137254902,0.016184989362955093
steer,226,200,0.5686274509803921,0.01848104875534773
steer,227,201,0.5764705882352941,0.01598097151145339
brake,215,7,0.027450980392156862,0.04060997162014246
steer,228,202,0.584313725490196,0.0175369787029922
brake,216,6,0.023529411764705882,0.03729498712345958
steer,229,204,0.6000000000000001,0.018018996343016624
steer,230,205,0.607843137254902,0.022332998923957348
steer,231,207,0.6235294117647059,0.021092011593282223
brake,217,7,0.027450980392156862,0.04475802415981889
steer,232,208,0.6313725490196078,0.017204030882567167
steer,233,209,0.6392156862745098,0.01581496326252818
brake,218,6,0.023529411764705882,0.04005501978099346
steer,234,210,0.6470588235294117,0.017869984731078148
steer,235,211,0.6549019607843136,0.016573001630604267
brake,219,7,0.027450980392156862,0.039147038478404284
brake,220,6,0.023529411764705882,0.04218495450913906
steer,236,212,0.6627450980392158,0.017277023289352655
steer,237,213,0.6705882352941177,0.01607398735359311
brake,221,7,0.027450980392156862,0.036443991120904684
steer,238,214,0.6784313725490196,0.01787004293873906
brake,222,6,0.023529411764705882,0.04038802580907941
steer,239,215,0.6862745098039216,0.020481005776673555
brake,223,7,0.027450980392156862,0.049054971896111965
brake,224,6,0.023529411764705882,0.060184975154697895
steer,240,216,0.6941176470588235,0.023296044673770666
steer,241,217,0.7019607843137254,0.019369996152818203
brake,225,7,0.027450980392156862,0.039943959563970566
steer,242,218,0.7098039215686274,0.016296980902552605
brake,226,6,0.023529411764705882,0.09322102414444089
steer,243,219,0.7176470588235293,0.017925049178302288
brake,227,7,0.027450980392156862,0.05857297219336033
brake,228,6,0.023529411764705882,0.044110987801104784
steer,244,220,0.7254901960784315,0.023814965970814228
brake,229,7,0.027450980392156862,0.05501799751073122
steer,245,221,0.7333333333333334,0.018332968465983868
brake,230,6,0.023529411764705882,0.044479966163635254
steer,246,222,0.7411764705882353,0.014684977941215038
brake,231,7,0.027450980392156862,0.04135101335123181
steer,247,223,0.7490196078431373,0.023962988052517176
steer,248,224,0.7568627450980392,0.04044396337121725
steer,249,225,0.7647058823529411,0.01551798777654767
steer,250,226,0.7725490196078431,0.015426019672304392
steer,251,227,0.780392156862745,0.014741031918674707
steer,252,228,0.7882352941176471,0.014869961887598038
steer,253,229,0.7960784313725491,0.013610988389700651
brake,232,6,0.023529411764705882,0.04396302392706275
steer,254,230,0.803921568627451,0.02114800736308098
brake,233,7,0.027450980392156862,0.04798098234459758
steer,255,231,0.8117647058823529,0.025962945073843002
steer,256,232,0.8196078431372549,0.017018988728523254
steer,257,233,0.8274509803921568,0.016444013454020023
brake,234,6,0.023529411764705882,0.04149897722527385
steer,258,234,0.8352941176470587,0.016573991160839796
brake,235,7,0.027450980392156862,0.03796303644776344
steer,259,235,0.8431372549019607,0.016906997188925743
steer,260,236,0.8509803921568628,0.015630037523806095
steer,261,237,0.8588235294117648,0.016851001419126987
steer,262,238,0.8666666666666667,0.017666025087237358
steer,263,239,0.8745098039215686,0.06351800402626395
steer,264,240,0.8823529411764706,0.02487003803253174
steer,265,241,0.8901960784313725,0.015500001609325409
brake,236,6,0.023529411764705882,0.03457296406850219
steer,266,242,0.8980392156862744,0.014888006262481213
brake,237,7,0.027450980392156862,0.03988901153206825
steer,267,243,0.9058823529411764,0.01625897129997611
steer,268,244,0.9137254901960785,0.014537014067173004
steer,269,245,0.9215686274509804,0.024462002329528332
brake,238,6,0.023529411764705882,0.06510998355224729
brake,239,7,0.027450980392156862,0.06768404273316264
steer,270,246,0.9294117647058824,0.060813967138528824
brake,240,6,0.023529411764705882,0.06964703788980842
steer,271,247,0.9372549019607843,0.014426012057811022
brake,241,7,0.027450980392156862,0.034425000194460154
steer,272,248,0.9450980392156862,0.015204015653580427
steer,273,249,0.9529411764705882,0.027072965167462826
brake,242,6,0.023529411764705882,0.07340603042393923
brake,243,7,0.027450980392156862,0.04531402373686433
steer,274,250,0.9607843137254901,0.01699995482340455
steer,275,251,0.968627450980392,0.017629994545131922
steer,276,252,0.9764705882352942,0.05401798989623785
brake,244,6,0.023529411764705882,0.11577596887946129
steer,277,253,0.9843137254901961,0.02525799209252
brake,245,7,0.027450980392156862,0.059183978009968996
steer,278,254,0.9921568627450981,0.014962977729737759
brake,246,6,0.023529411764705882,0.036165991332381964
brake,247,7,0.027450980392156862,0.03923999611288309
steer,279,255,1.0,0.015925965271890163
brake,248,6,0.023529411764705882,0.04225899465382099
brake,249,7,0.027450980392156862,0.12922094902023673
brake,250,6,0.023529411764705882,0.09068404324352741
brake,251,7,0.027450980392156862,0.040722021367400885
brake,252,6,0.023529411764705882,0.04005501978099346
brake,253,7,0.027450980392156862,0.037703022826462984
brake,254,6,0.023529411764705882,0.043481006287038326
brake,255,7,0.027450980392156862,0.038981030229479074
brake,256,6,0.023529411764705882,0.04162895493209362
brake,257,7,0.027450980392156862,0.039017992094159126
brake,258,6,0.023529411764705882,0.04168500890955329
brake,259,7,0.027450980392156862,0.10531296720728278
brake,260,6,0.023529411764705882,0.11736899614334106
brake,261,7,0.027450980392156862,0.06322097033262253
brake,262,6,0.023529411764705882,0.04348094807937741
brake,263,7,0.027450980392156862,0.037387944757938385
brake,264,6,0.023529411764705882,0.0405919854529202
brake,265,7,0.027450980392156862,0.039906997699290514
brake,266,6,0.023529411764705882,0.038628990296274424
brake,267,7,0.027450980392156862,0.03877701237797737
brake,268,6,0.023529411764705882,0.041924999095499516
steer,280,254,0.9921568627450981,0.016406993381679058
brake,269,7,0.027450980392156862,0.03875902621075511
steer,281,253,0.9843137254901961,0.022814027033746243
brake,270,6,0.023529411764705882,0.04053598968312144
steer,282,252,0.9764705882352942,0.018555030692368746
steer,283,251,0.968627450980392,0.018185004591941833
steer,284,250,0.9607843137254901,0.036739977076649666
brake,271,7,0.027450980392156862,0.09022001177072525
steer,285,249,0.9529411764705882,0.017184996977448463
brake,272,6,0.023529411764705882,0.04203699063509703
steer,286,247,0.9372549019607843,0.01761101884767413
brake,273,7,0.027450980392156862,0.03857299452647567
steer,287,246,0.9294117647058824,0.015018973499536514
brake,274,6,0.023529411764705882,0.037074030842632055
steer,288,245,0.9215686274509804,0.015166006051003933
brake,275,7,0.027450980392156862,0.03438798012211919
steer,289,244,0.9137254901960785,0.015666999388486147
brake,276,6,0.023529411764705882,0.03466597991064191
steer,290,243,0.9058823529411764,0.016387959476560354
steer,291,241,0.8901960784313725,0.017036974895745516
steer,292,240,0.8823529411764706,0.01544394763186574
steer,293,239,0.8745098039215686,0.01266703475266695
steer,294,238,0.8666666666666667,0.018776976503431797
brake,277,7,0.027450980392156862,0.04409195389598608
steer,295,237,0.8588235294117648,0.04662899300456047
brake,278,6,0.023529411764705882,0.07536896737292409
steer,296,235,0.8431372549019607,0.0268329749815166
steer,297,233,0.8274509803921568,0.015611003618687391
steer,298,232,0.8196078431372549,0.01709297066554427
brake,279,7,0.027450980392156862,0.04170299507677555
steer,299,231,0.8117647058823529,0.016610021702945232
brake,280,6,0.023529411764705882,0.04614802310243249
steer,300,230,0.803921568627451,0.01881498610600829
brake,281,7,0.027450980392156862,0.03968499368056655
brake,282,6,0.023529411764705882,0.06748101441189647
brake,283,7,0.027450980392156862,0.05766598042100668
brake,284,6,0.023529411764705882,0.041480991058051586
brake,285,7,0.027450980392156862,0.06642501102760434
brake,286,6,0.023529411764705882,0.06972101982682943
brake,287,7,0.027450980392156862,0.06301800021901727
brake,288,6,0.023529411764705882,0.06342498818412423
brake,289,7,0.027450980392156862,0.058703008107841015
brake,290,6,0.023529411764705882,0.04029599949717522
brake,291,7,0.027450980392156862,0.0668509746901691
brake,292,6,0.023529411764705882,0.05840702215209603
brake,293,7,0.027450980392156862,0.0666279811412096
brake,294,6,0.023529411764705882,0.03977800952270627
brake,295,7,0.027450980392156862,0.06301800021901727
brake,296,6,0.023529411764705882,0.039924983866512775
brake,297,7,0.027450980392156862,0.05138799315318465
brake,298,6,0.023529411764705882,0.06005499744787812
brake,299,7,0.027450980392156862,0.05538802361115813
brake,300,6,0.023529411764705882,0.0650910078547895
