timestamp,run_id,model_file,mode,status,model_load_ms,data_create_ms,mj_forward_ms,renderer_or_viewer_create_ms,first_render_or_sync_ms,startup_total_ms,close_ms,image_width,image_height,error
2026-06-22T13:56:10.895660,0,/Users/deekshaprahlad/Documents/TCRS-2026/test/deterministic-prototyping-agenticCPS/src/HardwareIntegration/models/car.xml,passive-viewer,ok,40.83725018426776,0.9519578889012337,0.20866701379418373,888.7379160150886,0.13950001448392868,931.041999720037,0.0061248429119586945,2940,1652,
2026-06-22T13:56:12.043919,1,/Users/deekshaprahlad/Documents/TCRS-2026/test/deterministic-prototyping-agenticCPS/src/HardwareIntegration/models/car.xml,passive-viewer,ok,12.166082859039307,0.7724170573055744,0.08950009942054749,352.70337481051683,0.05512498319149017,365.9477080218494,0.002874992787837982,2940,1652,
2026-06-22T13:56:12.562578,2,/Users/deekshaprahlad/Documents/TCRS-2026/test/deterministic-prototyping-agenticCPS/src/HardwareIntegration/models/car.xml,passive-viewer,ok,11.435207910835743,0.6781253032386303,0.062416307628154755,289.57291692495346,0.04754122346639633,301.89966736361384,0.0024158507585525513,2940,1652,
2026-06-22T13:56:13.100815,3,/Users/deekshaprahlad/Documents/TCRS-2026/test/deterministic-prototyping-agenticCPS/src/HardwareIntegration/models/car.xml,passive-viewer,ok,11.774708982557058,0.6807497702538967,0.05470821633934975,311.68258283287287,0.03866665065288544,324.39595786854625,0.0011669471859931946,2940,1652,
2026-06-22T13:56:13.625924,4,/Users/deekshaprahlad/Documents/TCRS-2026/test/deterministic-prototyping-agenticCPS/src/HardwareIntegration/models/car.xml,passive-viewer,ok,11.124541983008385,0.6610839627683163,0.0627497211098671,305.1077090203762,0.051042065024375916,317.1116248704493,0.0014998950064182281,2940,1652,
2026-06-22T13:56:14.164550,5,/Users/deekshaprahlad/Documents/TCRS-2026/test/deterministic-prototyping-agenticCPS/src/HardwareIntegration/models/car.xml,passive-viewer,ok,10.784790851175785,0.6753751076757908,0.06333412602543831,295.0240829959512,0.06900029256939888,306.80833384394646,0.010291114449501038,2940,1652,
2026-06-22T13:56:14.714324,6,/Users/deekshaprahlad/Documents/TCRS-2026/test/deterministic-prototyping-agenticCPS/src/HardwareIntegration/models/car.xml,passive-viewer,ok,11.433625128120184,0.7347497157752514,0.06487499922513962,312.0827078819275,0.04337495192885399,324.5135420002043,0.0017909333109855652,2940,1652,
2026-06-22T13:56:15.235013,7,/Users/deekshaprahlad/Documents/TCRS-2026/test/deterministic-prototyping-agenticCPS/src/HardwareIntegration/models/car.xml,passive-viewer,ok,10.923875030130148,0.6751250475645065,0.05333404988050461,304.5757496729493,0.04062522202730179,316.3676247932017,0.0013331882655620575,2940,1652,
2026-06-22T13:56:15.749413,8,/Users/deekshaprahlad/Documents/TCRS-2026/test/deterministic-prototyping-agenticCPS/src/HardwareIntegration/models/car.xml,passive-viewer,ok,10.7658333145082,0.6705410778522491,0.054040923714637756,290.27958400547504,0.06416719406843185,301.9710839726031,0.00200001522898674,2940,1652,
2026-06-22T13:56:16.249399,9,/Users/deekshaprahlad/Documents/TCRS-2026/test/deterministic-prototyping-agenticCPS/src/HardwareIntegration/models/car.xml,passive-viewer,ok,10.889790952205658,0.6392910145223141,0.04841713234782219,291.87754169106483,0.04091672599315643,303.59045788645744,0.00162515789270401,2940,1652,
2026-06-22T13:56:16.798774,10,/Users/deekshaprahlad/Documents/TCRS-2026/test/deterministic-prototyping-agenticCPS/src/HardwareIntegration/models/car.xml,passive-viewer,ok,10.685000102967024,0.6470419466495514,0.05450006574392319,308.8039578869939,0.061166007071733475,320.39324985817075,0.007458031177520752,2940,1652,
2026-06-22T13:56:17.351239,11,/Users/deekshaprahlad/Documents/TCRS-2026/test/deterministic-prototyping-agenticCPS/src/HardwareIntegration/models/car.xml,passive-viewer,ok,10.709708090871572,0.7637501694262028,0.05899975076317787,322.0687499269843,0.03949971869587898,333.8062921538949,0.0012079253792762756,2940,1652,
2026-06-22T13:56:17.883524,12,/Users/deekshaprahlad/Documents/TCRS-2026/test/deterministic-prototyping-agenticCPS/src/HardwareIntegration/models/car.xml,passive-viewer,ok,11.224417015910149,0.9632091969251633,0.06545893847942352,302.4653750471771,0.055416952818632126,314.8751249536872,0.0017918646335601807,2940,1652,
2026-06-22T13:56:18.434004,13,/Users/deekshaprahlad/Documents/TCRS-2026/test/deterministic-prototyping-agenticCPS/src/HardwareIntegration/models/car.xml,passive-viewer,ok,14.8887918330729,0.7192911580204964,0.053250230848789215,315.56862499564886,0.04970794543623924,331.5034592524171,0.0034580007195472717,2940,1652,
2026-06-22T13:56:19.017447,14,/Users/deekshaprahlad/Documents/TCRS-2026/test/deterministic-prototyping-agenticCPS/src/HardwareIntegration/models/car.xml,passive-viewer,ok,11.257375124841928,0.7268330082297325,0.07287506014108658,348.5800828784704,0.03904104232788086,360.8611673116684,0.0012917444109916687,2940,1652,
2026-06-22T13:56:19.569419,15,/Users/deekshaprahlad/Documents/TCRS-2026/test/deterministic-prototyping-agenticCPS/src/HardwareIntegration/models/car.xml,passive-viewer,ok,11.161459144204855,0.6588748656213284,0.05412474274635315,320.9516671486199,0.04245806485414505,333.0128751695156,0.0016246922314167023,2940,1652,
2026-06-22T13:56:20.085903,16,/Users/deekshaprahlad/Documents/TCRS-2026/test/deterministic-prototyping-agenticCPS/src/HardwareIntegration/models/car.xml,passive-viewer,ok,10.961709078401327,0.6923750042915344,0.0688750296831131,289.1190839000046,0.06516603752970695,301.0232918895781,0.002459157258272171,2940,1652,
2026-06-22T13:56:20.635237,17,/Users/deekshaprahlad/Documents/TCRS-2026/test/deterministic-prototyping-agenticCPS/src/HardwareIntegration/models/car.xml,passive-viewer,ok,10.705458000302315,0.7128752768039703,0.05574990063905716,316.2823338061571,0.061125028878450394,327.9944579117,0.003875233232975006,2940,1652,
2026-06-22T13:56:21.168555,18,/Users/deekshaprahlad/Documents/TCRS-2026/test/deterministic-prototyping-agenticCPS/src/HardwareIntegration/models/car.xml,passive-viewer,ok,11.81454211473465,0.7921671494841576,0.06787478923797607,305.50912488251925,0.04150019958615303,318.3919577859342,0.0018328428268432617,2940,1652,
2026-06-22T13:56:21.687262,19,/Users/deekshaprahlad/Documents/TCRS-2026/test/deterministic-prototyping-agenticCPS/src/HardwareIntegration/models/car.xml,passive-viewer,ok,10.778333060443401,0.7294998504221439,0.06741564720869064,303.7565411068499,0.04095816984772682,315.485917031765,0.0015832483768463135,2940,1652,
2026-06-22T13:56:22.238823,20,/Users/deekshaprahlad/Documents/TCRS-2026/test/deterministic-prototyping-agenticCPS/src/HardwareIntegration/models/car.xml,passive-viewer,ok,10.912999976426363,0.7306663319468498,0.05708402022719383,324.23866679891944,0.04216702654957771,336.10287541523576,0.0017094425857067108,2940,1652,
2026-06-22T13:56:22.787345,21,/Users/deekshaprahlad/Documents/TCRS-2026/test/deterministic-prototyping-agenticCPS/src/HardwareIntegration/models/car.xml,passive-viewer,ok,10.992459021508694,0.6995843723416328,0.06574997678399086,305.62670808285475,0.061874743551015854,317.62695824727416,0.00966666266322136,2940,1652,
2026-06-22T13:56:23.413141,22,/Users/deekshaprahlad/Documents/TCRS-2026/test/deterministic-prototyping-agenticCPS/src/HardwareIntegration/models/car.xml,passive-viewer,ok,12.833707965910435,0.7763751782476902,0.07004197686910629,387.36116606742144,0.08670799434185028,401.4414590783417,0.024834182113409042,2940,1652,
2026-06-22T13:56:24.265587,23,/Users/deekshaprahlad/Documents/TCRS-2026/test/deterministic-prototyping-agenticCPS/src/HardwareIntegration/models/car.xml,passive-viewer,ok,12.882750015705824,0.8077500388026237,0.06541609764099121,509.0727498754859,0.15408266335725784,523.7312922254205,0.012083910405635834,2940,1652,
2026-06-22T13:56:24.877420,24,/Users/deekshaprahlad/Documents/TCRS-2026/test/deterministic-prototyping-agenticCPS/src/HardwareIntegration/models/car.xml,passive-viewer,ok,12.557999696582556,0.7474161684513092,0.06733415648341179,354.0412918664515,0.3349161706864834,368.2165420614183,0.0031245872378349304,2940,1652,
2026-06-22T13:56:25.084306,25,/Users/deekshaprahlad/Documents/TCRS-2026/test/deterministic-prototyping-agenticCPS/src/HardwareIntegration/models/car.xml,passive-viewer,error,91.11391706392169,0.96549978479743,0.934874638915062,-1.0,-1.0,93.39562524110079,-1.0,0,0,another MuJoCo viewer is already open
2026-06-22T13:56:25.723389,26,/Users/deekshaprahlad/Documents/TCRS-2026/test/deterministic-prototyping-agenticCPS/src/HardwareIntegration/models/car.xml,passive-viewer,ok,26.150499936193228,2.255166880786419,0.19004195928573608,504.8877908848226,0.09845802560448647,533.8081251829863,0.02045789733529091,2940,1652,
2026-06-22T13:56:26.937517,27,/Users/deekshaprahlad/Documents/TCRS-2026/test/deterministic-prototyping-agenticCPS/src/HardwareIntegration/models/car.xml,passive-viewer,ok,31.444333028048277,3.186834044754505,0.47174980863928795,705.6241668760777,0.09558303281664848,741.6813750751317,0.016042031347751617,2940,1652,
2026-06-22T13:56:28.009426,28,/Users/deekshaprahlad/Documents/TCRS-2026/test/deterministic-prototyping-agenticCPS/src/HardwareIntegration/models/car.xml,passive-viewer,ok,243.4758748859167,8.336375001817942,0.17420807853341103,701.2590421363711,0.5645002238452435,960.4828748852015,0.04516681656241417,2940,1652,
2026-06-22T13:56:28.304602,29,/Users/deekshaprahlad/Documents/TCRS-2026/test/deterministic-prototyping-agenticCPS/src/HardwareIntegration/models/car.xml,passive-viewer,error,164.4752500578761,1.6604168340563774,0.36516692489385605,-1.0,-1.0,167.3293341882527,-1.0,0,0,another MuJoCo viewer is already open
2026-06-22T13:56:28.883958,30,/Users/deekshaprahlad/Documents/TCRS-2026/test/deterministic-prototyping-agenticCPS/src/HardwareIntegration/models/car.xml,passive-viewer,ok,25.64004110172391,2.447832841426134,0.09945826604962349,446.87170907855034,0.122124794870615,475.52220802754164,0.04720780998468399,2940,1652,
2026-06-22T13:56:29.631964,31,/Users/deekshaprahlad/Documents/TCRS-2026/test/deterministic-prototyping-agenticCPS/src/HardwareIntegration/models/car.xml,passive-viewer,ok,20.241166930645704,1.3781250454485416,0.13083405792713165,411.3948750309646,0.07404200732707977,433.6987501010299,0.0036670826375484467,2940,1652,
2026-06-22T13:56:30.335294,32,/Users/deekshaprahlad/Documents/TCRS-2026/test/deterministic-prototyping-agenticCPS/src/HardwareIntegration/models/car.xml,passive-viewer,ok,19.299000035971403,0.9455829858779907,0.09154202416539192,393.29045778140426,0.12362515553832054,413.9902079477906,0.0032498501241207123,2940,1652,
2026-06-22T13:56:30.964447,33,/Users/deekshaprahlad/Documents/TCRS-2026/test/deterministic-prototyping-agenticCPS/src/HardwareIntegration/models/car.xml,passive-viewer,ok,19.60220793262124,1.057916320860386,0.07979199290275574,349.5744583196938,0.06379187107086182,370.5865410156548,0.013082753866910934,2940,1652,
2026-06-22T13:56:31.530521,34,/Users/deekshaprahlad/Documents/TCRS-2026/test/deterministic-prototyping-agenticCPS/src/HardwareIntegration/models/car.xml,passive-viewer,ok,13.093666173517704,0.8170413784682751,0.06541702896356583,309.3208339996636,0.07600011304020882,323.5668330453336,0.0028330832719802856,2940,1652,
2026-06-22T13:56:32.094794,35,/Users/deekshaprahlad/Documents/TCRS-2026/test/deterministic-prototyping-agenticCPS/src/HardwareIntegration/models/car.xml,passive-viewer,ok,13.010458089411259,0.9871670044958591,0.06366707384586334,327.2773749195039,0.040582846850156784,341.5440418757498,0.0017080456018447876,2940,1652,
2026-06-22T13:56:32.612760,36,/Users/deekshaprahlad/Documents/TCRS-2026/test/deterministic-prototyping-agenticCPS/src/HardwareIntegration/models/car.xml,passive-viewer,ok,10.848958976566792,0.7281671278178692,0.0616246834397316,295.03741627559066,0.053042080253362656,306.86941696330905,0.0035408884286880493,2940,1652,
2026-06-22T13:56:33.130734,37,/Users/deekshaprahlad/Documents/TCRS-2026/test/deterministic-prototyping-agenticCPS/src/HardwareIntegration/models/car.xml,passive-viewer,ok,11.507541872560978,0.6704581901431084,0.06558280438184738,294.3148333579302,0.05608377978205681,306.7402080632746,0.0016656704246997833,2940,1652,
2026-06-22T13:56:33.682595,38,/Users/deekshaprahlad/Documents/TCRS-2026/test/deterministic-prototyping-agenticCPS/src/HardwareIntegration/models/car.xml,passive-viewer,ok,11.583583895117044,0.7091667503118515,0.056374818086624146,309.86349983140826,0.03958400338888168,322.41575000807643,0.00125030055642128,2940,1652,
2026-06-22T13:56:34.252488,39,/Users/deekshaprahlad/Documents/TCRS-2026/test/deterministic-prototyping-agenticCPS/src/HardwareIntegration/models/car.xml,passive-viewer,ok,12.392041273415089,0.7973751053214073,0.05745887756347656,323.9829591475427,0.07208343595266342,337.4507501721382,0.004791188985109329,2940,1652,
2026-06-22T13:56:34.832938,40,/Users/deekshaprahlad/Documents/TCRS-2026/test/deterministic-prototyping-agenticCPS/src/HardwareIntegration/models/car.xml,passive-viewer,ok,13.29387491568923,0.8215000852942467,0.06629200652241707,323.6620840616524,0.03958400338888168,338.043165858835,0.0017080456018447876,2940,1652,
2026-06-22T13:56:35.382522,41,/Users/deekshaprahlad/Documents/TCRS-2026/test/deterministic-prototyping-agenticCPS/src/HardwareIntegration/models/car.xml,passive-viewer,ok,11.114958208054304,0.6993338465690613,0.0550001859664917,317.9672500118613,0.03845803439617157,330.04337502643466,0.0012079253792762756,2940,1652,
2026-06-22T13:56:35.914409,42,/Users/deekshaprahlad/Documents/TCRS-2026/test/deterministic-prototyping-agenticCPS/src/HardwareIntegration/models/car.xml,passive-viewer,ok,11.37758418917656,0.7416252046823502,0.05016708746552467,307.64662474393845,0.04629092290997505,319.9771665968001,0.001708976924419403,2940,1652,
2026-06-22T13:56:36.487176,43,/Users/deekshaprahlad/Documents/TCRS-2026/test/deterministic-prototyping-agenticCPS/src/HardwareIntegration/models/car.xml,passive-viewer,ok,10.725541040301323,0.7421672344207764,0.04779081791639328,320.0973332859576,0.7274998351931572,332.5697500258684,0.14091609045863152,2940,1652,
2026-06-22T13:56:37.072592,44,/Users/deekshaprahlad/Documents/TCRS-2026/test/deterministic-prototyping-agenticCPS/src/HardwareIntegration/models/car.xml,passive-viewer,ok,15.148749575018883,0.9557502344250679,0.10300008580088615,326.57233299687505,0.052582938224077225,343.1234168820083,0.0018328428268432617,2940,1652,
2026-06-22T13:56:37.617827,45,/Users/deekshaprahlad/Documents/TCRS-2026/test/deterministic-prototyping-agenticCPS/src/HardwareIntegration/models/car.xml,passive-viewer,ok,10.82558324560523,0.7213749922811985,0.05675014108419418,308.31062514334917,0.044582877308130264,320.1232496649027,0.0012498348951339722,2940,1652,
2026-06-22T13:56:38.137789,46,/Users/deekshaprahlad/Documents/TCRS-2026/test/deterministic-prototyping-agenticCPS/src/HardwareIntegration/models/car.xml,passive-viewer,ok,10.688750073313713,0.7614158093929291,0.0632917508482933,299.66524988412857,0.07058260962367058,311.43983313813806,0.0042496249079704285,2940,1652,
2026-06-22T13:56:38.665943,47,/Users/deekshaprahlad/Documents/TCRS-2026/test/deterministic-prototyping-agenticCPS/src/HardwareIntegration/models/car.xml,passive-viewer,ok,10.98074996843934,0.7127081044018269,0.0539170578122139,310.37916615605354,0.04462478682398796,322.2746253013611,0.00200001522898674,2940,1652,
2026-06-22T13:56:39.217376,48,/Users/deekshaprahlad/Documents/TCRS-2026/test/deterministic-prototyping-agenticCPS/src/HardwareIntegration/models/car.xml,passive-viewer,ok,11.796666774898767,0.7211668416857719,0.07287506014108658,314.7026249207556,0.04833424463868141,327.5715410709381,0.0017923302948474884,2940,1652,
2026-06-22T13:56:39.751673,49,/Users/deekshaprahlad/Documents/TCRS-2026/test/deterministic-prototyping-agenticCPS/src/HardwareIntegration/models/car.xml,passive-viewer,ok,12.19420786947012,0.6765411235392094,0.05058338865637779,289.8610830307007,0.05433289334177971,302.9844160191715,0.002500135451555252,2940,1652,
2026-06-22T13:56:40.283320,50,/Users/deekshaprahlad/Documents/TCRS-2026/test/deterministic-prototyping-agenticCPS/src/HardwareIntegration/models/car.xml,passive-viewer,ok,10.623082984238863,0.7160832174122334,0.054915901273489,308.56566736474633,0.04120776429772377,320.164458360523,0.0012922100722789764,2940,1652,
2026-06-22T13:56:40.835400,51,/Users/deekshaprahlad/Documents/TCRS-2026/test/deterministic-prototyping-agenticCPS/src/HardwareIntegration/models/car.xml,passive-viewer,ok,11.94891706109047,0.7117912173271179,0.05945796146988869,315.57950004935265,0.06216578185558319,328.5463750362396,0.012250151485204697,2940,1652,
2026-06-22T13:56:41.370262,52,/Users/deekshaprahlad/Documents/TCRS-2026/test/deterministic-prototyping-agenticCPS/src/HardwareIntegration/models/car.xml,passive-viewer,ok,11.542415712028742,0.7353341206908226,0.07020775228738785,299.55199966207147,0.03900006413459778,312.1708342805505,0.0015418045222759247,2940,1652,
2026-06-22T13:56:41.920227,53,/Users/deekshaprahlad/Documents/TCRS-2026/test/deterministic-prototyping-agenticCPS/src/HardwareIntegration/models/car.xml,passive-viewer,ok,11.796999722719193,0.7035001181066036,0.05583418533205986,315.141832921654,0.047791749238967896,327.890292275697,0.0015408731997013092,2940,1652,
2026-06-22T13:56:42.487976,54,/Users/deekshaprahlad/Documents/TCRS-2026/test/deterministic-prototyping-agenticCPS/src/HardwareIntegration/models/car.xml,passive-viewer,ok,11.848791968077421,0.7307920604944229,0.07633306086063385,319.12120897322893,0.04633422940969467,332.0057080127299,0.0036247074604034424,2940,1652,
2026-06-22T13:56:42.681638,55,/Users/deekshaprahlad/Documents/TCRS-2026/test/deterministic-prototyping-agenticCPS/src/HardwareIntegration/models/car.xml,passive-viewer,error,82.49079203233123,0.7962500676512718,0.15479186549782753,-1.0,-1.0,83.82529206573963,-1.0,0,0,another MuJoCo viewer is already open
2026-06-22T13:56:43.139730,56,/Users/deekshaprahlad/Documents/TCRS-2026/test/deterministic-prototyping-agenticCPS/src/HardwareIntegration/models/car.xml,passive-viewer,ok,14.886833261698484,1.4335829764604568,0.08020782843232155,333.6431668139994,0.11604186147451401,350.31470842659473,0.002624932676553726,2940,1652,
2026-06-22T13:56:43.687228,57,/Users/deekshaprahlad/Documents/TCRS-2026/test/deterministic-prototyping-agenticCPS/src/HardwareIntegration/models/car.xml,passive-viewer,ok,11.205208022147417,0.7831668481230736,0.06708409637212753,310.46320823952556,0.04295818507671356,322.71395809948444,0.0016670674085617065,2940,1652,
2026-06-22T13:56:44.205494,58,/Users/deekshaprahlad/Documents/TCRS-2026/test/deterministic-prototyping-agenticCPS/src/HardwareIntegration/models/car.xml,passive-viewer,ok,10.980292223393917,0.7689581252634525,0.07037492468953133,305.3608746267855,0.04858337342739105,317.37045804038644,0.0037080608308315277,2940,1652,
2026-06-22T13:56:44.770690,59,/Users/deekshaprahlad/Documents/TCRS-2026/test/deterministic-prototyping-agenticCPS/src/HardwareIntegration/models/car.xml,passive-viewer,ok,12.502749916166067,0.805417075753212,0.05787517875432968,321.79358415305614,0.0437907874584198,335.3857910260558,0.001584179699420929,2940,1652,
2026-06-22T13:56:45.273810,60,/Users/deekshaprahlad/Documents/TCRS-2026/test/deterministic-prototyping-agenticCPS/src/HardwareIntegration/models/car.xml,passive-viewer,ok,10.843292344361544,0.6920420564711094,0.05112495273351669,292.5837500952184,0.07420871406793594,304.34475000947714,0.001875218003988266,2940,1652,
2026-06-22T13:56:45.871245,61,/Users/deekshaprahlad/Documents/TCRS-2026/test/deterministic-prototyping-agenticCPS/src/HardwareIntegration/models/car.xml,passive-viewer,ok,13.897542376071215,1.2632920406758785,0.06674975156784058,333.41891691088676,0.044084154069423676,348.86004216969013,0.003917142748832703,2940,1652,
2026-06-22T13:56:46.471986,62,/Users/deekshaprahlad/Documents/TCRS-2026/test/deterministic-prototyping-agenticCPS/src/HardwareIntegration/models/car.xml,passive-viewer,ok,13.740499969571829,0.8910000324249268,0.0815829262137413,344.161625020206,0.04454236477613449,359.19808270409703,0.0015837140381336212,2940,1652,
2026-06-22T13:56:47.006999,63,/Users/deekshaprahlad/Documents/TCRS-2026/test/deterministic-prototyping-agenticCPS/src/HardwareIntegration/models/car.xml,passive-viewer,ok,11.150000151246786,0.6908751092851162,0.0538751482963562,310.9269589185715,0.042750034481287,323.03491700440645,0.00162515789270401,2940,1652,
2026-06-22T13:56:47.643292,64,/Users/deekshaprahlad/Documents/TCRS-2026/test/deterministic-prototyping-agenticCPS/src/HardwareIntegration/models/car.xml,passive-viewer,ok,15.106999780982733,0.9937500581145287,0.08141621947288513,373.55066696181893,0.07208297029137611,390.02595795318484,0.005083158612251282,2940,1652,
2026-06-22T13:56:47.852522,65,/Users/deekshaprahlad/Documents/TCRS-2026/test/deterministic-prototyping-agenticCPS/src/HardwareIntegration/models/car.xml,passive-viewer,error,96.87479212880135,0.8738329634070396,0.14870893210172653,-1.0,-1.0,98.148999735713,-1.0,0,0,another MuJoCo viewer is already open
2026-06-22T13:56:48.340730,66,/Users/deekshaprahlad/Documents/TCRS-2026/test/deterministic-prototyping-agenticCPS/src/HardwareIntegration/models/car.xml,passive-viewer,ok,21.430666092783213,2.9425001703202724,0.11016707867383957,358.28049993142486,0.04137493669986725,382.95683404430747,0.0015418045222759247,2940,1652,
2026-06-22T13:56:48.890945,67,/Users/deekshaprahlad/Documents/TCRS-2026/test/deterministic-prototyping-agenticCPS/src/HardwareIntegration/models/car.xml,passive-viewer,ok,10.988333728164434,0.7624160498380661,0.05224999040365219,311.8732091970742,0.03979215398430824,323.8522079773247,0.001541338860988617,2940,1652,
2026-06-22T13:56:49.462499,68,/Users/deekshaprahlad/Documents/TCRS-2026/test/deterministic-prototyping-agenticCPS/src/HardwareIntegration/models/car.xml,passive-viewer,ok,16.85633324086666,0.9277919307351112,0.07962482050061226,320.1498328708112,0.043833162635564804,338.2281670346856,0.004792120307683945,2940,1652,
2026-06-22T13:56:49.998068,69,/Users/deekshaprahlad/Documents/TCRS-2026/test/deterministic-prototyping-agenticCPS/src/HardwareIntegration/models/car.xml,passive-viewer,ok,11.673332657665014,0.711292028427124,0.05566701292991638,294.3000830709934,0.043584033846855164,306.93812482059,0.0015003606677055359,2940,1652,
2026-06-22T13:56:50.562847,70,/Users/deekshaprahlad/Documents/TCRS-2026/test/deterministic-prototyping-agenticCPS/src/HardwareIntegration/models/car.xml,passive-viewer,ok,10.908457916229963,0.741833820939064,0.05129212513566017,302.27254098281264,0.041416846215724945,314.13908395916224,0.0014579854905605316,2940,1652,
2026-06-22T13:56:51.113164,71,/Users/deekshaprahlad/Documents/TCRS-2026/test/deterministic-prototyping-agenticCPS/src/HardwareIntegration/models/car.xml,passive-viewer,ok,10.92620799317956,0.715124886482954,0.05262484773993492,303.4966252744198,0.08145906031131744,315.4229591600597,0.004041939973831177,2940,1652,
2026-06-22T13:56:51.663455,72,/Users/deekshaprahlad/Documents/TCRS-2026/test/deterministic-prototyping-agenticCPS/src/HardwareIntegration/models/car.xml,passive-viewer,ok,11.551707983016968,0.7618339732289314,0.057499855756759644,315.114707686007,0.03941589966416359,327.6814999990165,0.0012908130884170532,2940,1652,
2026-06-22T13:56:52.200637,73,/Users/deekshaprahlad/Documents/TCRS-2026/test/deterministic-prototyping-agenticCPS/src/HardwareIntegration/models/car.xml,passive-viewer,ok,10.676083154976368,1.0388330556452274,0.07241684943437576,299.8714577406645,0.048166606575250626,311.8542502634227,0.0052908435463905334,2940,1652,
2026-06-22T13:56:52.732641,74,/Users/deekshaprahlad/Documents/TCRS-2026/test/deterministic-prototyping-agenticCPS/src/HardwareIntegration/models/car.xml,passive-viewer,ok,11.031417176127434,0.6868750788271427,0.048292335122823715,307.24937515333295,0.04645762965083122,319.21824999153614,0.00162515789270401,2940,1652,
2026-06-22T13:56:53.247612,75,/Users/deekshaprahlad/Documents/TCRS-2026/test/deterministic-prototyping-agenticCPS/src/HardwareIntegration/models/car.xml,passive-viewer,ok,10.380666237324476,0.718291848897934,0.05070911720395088,305.70029094815254,0.04987511783838272,317.0010410249233,0.0034170225262641907,2940,1652,
2026-06-22T13:56:53.460710,76,/Users/deekshaprahlad/Documents/TCRS-2026/test/deterministic-prototyping-agenticCPS/src/HardwareIntegration/models/car.xml,passive-viewer,error,110.32400000840425,0.7786247879266739,0.12970808893442154,-1.0,-1.0,111.57816695049405,-1.0,0,0,another MuJoCo viewer is already open
2026-06-22T13:56:53.881587,77,/Users/deekshaprahlad/Documents/TCRS-2026/test/deterministic-prototyping-agenticCPS/src/HardwareIntegration/models/car.xml,passive-viewer,ok,10.870541911572218,1.242833212018013,0.05979137495160103,303.2976249232888,0.04591699689626694,315.70129096508026,0.0037918798625469208,2940,1652,
2026-06-22T13:56:54.417492,78,/Users/deekshaprahlad/Documents/TCRS-2026/test/deterministic-prototyping-agenticCPS/src/HardwareIntegration/models/car.xml,passive-viewer,ok,11.493082623928785,0.7775831036269665,0.05716690793633461,301.33033404126763,0.044333748519420624,313.8722088187933,0.003291759639978409,2940,1652,
2026-06-22T13:56:54.963023,79,/Users/deekshaprahlad/Documents/TCRS-2026/test/deterministic-prototyping-agenticCPS/src/HardwareIntegration/models/car.xml,passive-viewer,ok,10.971041861921549,0.7366668432950974,0.06483308970928192,315.7494170591235,0.04862481728196144,327.7507498860359,0.001708976924419403,2940,1652,
2026-06-22T13:56:55.496111,80,/Users/deekshaprahlad/Documents/TCRS-2026/test/deterministic-prototyping-agenticCPS/src/HardwareIntegration/models/car.xml,passive-viewer,ok,10.772542096674442,1.0005002841353416,0.07420871406793594,316.7102080769837,0.038957688957452774,328.70874973013997,0.0014998950064182281,2940,1652,
2026-06-22T13:56:56.012646,81,/Users/deekshaprahlad/Documents/TCRS-2026/test/deterministic-prototyping-agenticCPS/src/HardwareIntegration/models/car.xml,passive-viewer,ok,10.591832920908928,0.7764589972794056,0.054416246712207794,303.9323752745986,0.04016607999801636,315.4994170181453,0.0015422701835632324,2940,1652,
2026-06-22T13:56:56.548061,82,/Users/deekshaprahlad/Documents/TCRS-2026/test/deterministic-prototyping-agenticCPS/src/HardwareIntegration/models/car.xml,passive-viewer,ok,10.919042397290468,0.7518753409385681,0.06145890802145004,293.8695829361677,0.04195934161543846,305.79787492752075,0.003375113010406494,2940,1652,
2026-06-22T13:56:57.081863,83,/Users/deekshaprahlad/Documents/TCRS-2026/test/deterministic-prototyping-agenticCPS/src/HardwareIntegration/models/car.xml,passive-viewer,ok,11.3731250166893,0.6966660730540752,0.053291209042072296,320.67066663876176,0.03558304160833359,332.95737486332655,0.0014170072972774506,2940,1652,
2026-06-22T13:56:57.600965,84,/Users/deekshaprahlad/Documents/TCRS-2026/test/deterministic-prototyping-agenticCPS/src/HardwareIntegration/models/car.xml,passive-viewer,ok,10.570042300969362,0.8929581381380558,0.05574990063905716,301.7967501655221,0.0389590859413147,313.54183377698064,0.0022496096789836884,2940,1652,
2026-06-22T13:56:58.103232,85,/Users/deekshaprahlad/Documents/TCRS-2026/test/deterministic-prototyping-agenticCPS/src/HardwareIntegration/models/car.xml,passive-viewer,ok,10.755334049463272,0.7370826788246632,0.05191704258322716,303.9537500590086,0.04875008016824722,315.69983437657356,0.0017918646335601807,2940,1652,
2026-06-22T13:56:58.690799,86,/Users/deekshaprahlad/Documents/TCRS-2026/test/deterministic-prototyping-agenticCPS/src/HardwareIntegration/models/car.xml,passive-viewer,ok,12.119082733988762,0.7210411131381989,0.052374787628650665,332.9830840229988,0.055625103414058685,346.0967498831451,0.003666151314973831,2940,1652,
2026-06-22T13:56:59.348371,87,/Users/deekshaprahlad/Documents/TCRS-2026/test/deterministic-prototyping-agenticCPS/src/HardwareIntegration/models/car.xml,passive-viewer,ok,14.100333210080862,1.0046670213341713,0.11366698890924454,368.2613749988377,0.05149981006979942,383.88770911842585,0.001791398972272873,2940,1652,
2026-06-22T13:56:59.920024,88,/Users/deekshaprahlad/Documents/TCRS-2026/test/deterministic-prototyping-agenticCPS/src/HardwareIntegration/models/car.xml,passive-viewer,ok,12.755165807902813,0.9956671856343746,0.0754999928176403,313.7253327295184,0.05216570571064949,327.7973751537502,0.004041008651256561,2940,1652,
2026-06-22T13:57:00.507368,89,/Users/deekshaprahlad/Documents/TCRS-2026/test/deterministic-prototyping-agenticCPS/src/HardwareIntegration/models/car.xml,passive-viewer,ok,11.458958964794874,0.7406249642372131,0.0566667877137661,330.41820814833045,0.059250276535749435,342.9268328472972,0.0015422701835632324,2940,1652,
2026-06-22T13:57:01.038830,90,/Users/deekshaprahlad/Documents/TCRS-2026/test/deterministic-prototyping-agenticCPS/src/HardwareIntegration/models/car.xml,passive-viewer,ok,12.640791945159435,0.8584167808294296,0.08462462574243546,306.22895900160074,0.04062522202730179,319.968500174582,0.0016670674085617065,2940,1652,
2026-06-22T13:57:01.603723,91,/Users/deekshaprahlad/Documents/TCRS-2026/test/deterministic-prototyping-agenticCPS/src/HardwareIntegration/models/car.xml,passive-viewer,ok,13.060458935797215,0.869708601385355,0.06937514990568161,319.260457996279,0.04787510260939598,333.4662914276123,0.003582797944545746,2940,1652,
2026-06-22T13:57:02.272728,92,/Users/deekshaprahlad/Documents/TCRS-2026/test/deterministic-prototyping-agenticCPS/src/HardwareIntegration/models/car.xml,passive-viewer,ok,13.571291696280241,0.8671660907566547,0.06849970668554306,358.9789578691125,0.08745817467570305,373.84337512776256,0.004082918167114258,2940,1652,
2026-06-22T13:57:02.967261,93,/Users/deekshaprahlad/Documents/TCRS-2026/test/deterministic-prototyping-agenticCPS/src/HardwareIntegration/models/car.xml,passive-viewer,ok,14.706291258335114,0.8627921342849731,0.06616674363613129,410.47691693529487,0.12033293023705482,426.73949990421534,0.003875233232975006,2940,1652,
2026-06-22T13:57:04.105708,94,/Users/deekshaprahlad/Documents/TCRS-2026/test/deterministic-prototyping-agenticCPS/src/HardwareIntegration/models/car.xml,passive-viewer,ok,306.37937504798174,5.144875030964613,0.2388753928244114,693.5265408828855,0.21287472918629646,1006.412667222321,0.017832964658737183,2940,1652,
2026-06-22T13:57:04.397230,95,/Users/deekshaprahlad/Documents/TCRS-2026/test/deterministic-prototyping-agenticCPS/src/HardwareIntegration/models/car.xml,passive-viewer,error,180.95433292910457,2.7893339283764362,1.2018331326544285,-1.0,-1.0,185.46729208901525,-1.0,0,0,another MuJoCo viewer is already open
2026-06-22T13:57:05.153264,96,/Users/deekshaprahlad/Documents/TCRS-2026/test/deterministic-prototyping-agenticCPS/src/HardwareIntegration/models/car.xml,passive-viewer,ok,37.87583392113447,7.279417011886835,0.1521250233054161,534.1505422256887,0.07083266973495483,579.7346672043204,0.01237494871020317,2940,1652,
2026-06-22T13:57:05.739742,97,/Users/deekshaprahlad/Documents/TCRS-2026/test/deterministic-prototyping-agenticCPS/src/HardwareIntegration/models/car.xml,passive-viewer,ok,14.230333268642426,0.8426671847701073,0.08795876055955887,330.22566698491573,0.042833853513002396,345.71358282119036,0.0017909333109855652,2940,1652,
2026-06-22T13:57:06.291363,98,/Users/deekshaprahlad/Documents/TCRS-2026/test/deterministic-prototyping-agenticCPS/src/HardwareIntegration/models/car.xml,passive-viewer,ok,13.442208990454674,0.8145002648234367,0.06670830771327019,306.53862515464425,0.040333718061447144,321.04387506842613,0.0017918646335601807,2940,1652,
2026-06-22T13:57:06.531969,99,/Users/deekshaprahlad/Documents/TCRS-2026/test/deterministic-prototyping-agenticCPS/src/HardwareIntegration/models/car.xml,passive-viewer,error,11.584416031837463,0.8464581333100796,0.07445784285664558,-1.0,-1.0,13.066499959677458,-1.0,0,0,another MuJoCo viewer is already open
2026-06-22T13:57:07.038772,100,/Users/deekshaprahlad/Documents/TCRS-2026/test/deterministic-prototyping-agenticCPS/src/HardwareIntegration/models/car.xml,passive-viewer,ok,15.869957860559225,1.4738747850060463,0.07737474516034126,383.7981251999736,0.1243329606950283,401.56687470152974,0.013458076864480972,2940,1652,
2026-06-22T13:57:07.242894,101,/Users/deekshaprahlad/Documents/TCRS-2026/test/deterministic-prototyping-agenticCPS/src/HardwareIntegration/models/car.xml,passive-viewer,error,85.6823748908937,0.7801670581102371,0.17520785331726074,-1.0,-1.0,86.83970896527171,-1.0,0,0,another MuJoCo viewer is already open
2026-06-22T13:57:07.660920,102,/Users/deekshaprahlad/Documents/TCRS-2026/test/deterministic-prototyping-agenticCPS/src/HardwareIntegration/models/car.xml,passive-viewer,ok,11.555917095392942,1.1092922650277615,0.05425000563263893,303.02108405157924,0.03900006413459778,315.90133300051093,0.001375097781419754,2940,1652,
2026-06-22T13:57:07.866390,103,/Users/deekshaprahlad/Documents/TCRS-2026/test/deterministic-prototyping-agenticCPS/src/HardwareIntegration/models/car.xml,passive-viewer,error,99.18033378198743,0.7717907428741455,0.11183321475982666,-1.0,-1.0,100.26774974539876,-1.0,0,0,another MuJoCo viewer is already open
2026-06-22T13:57:08.295849,104,/Users/deekshaprahlad/Documents/TCRS-2026/test/deterministic-prototyping-agenticCPS/src/HardwareIntegration/models/car.xml,passive-viewer,ok,11.136707849800587,1.285832840949297,0.05870778113603592,311.5536249242723,0.11675013229250908,324.27799981087446,0.0023334287106990814,2940,1652,
2026-06-22T13:57:08.875259,105,/Users/deekshaprahlad/Documents/TCRS-2026/test/deterministic-prototyping-agenticCPS/src/HardwareIntegration/models/car.xml,passive-viewer,ok,41.44579079002142,1.7026253044605255,0.08129188790917397,312.929124571383,0.05370844155550003,356.6409167833626,0.004707835614681244,2940,1652,
2026-06-22T13:57:09.446480,106,/Users/deekshaprahlad/Documents/TCRS-2026/test/deterministic-prototyping-agenticCPS/src/HardwareIntegration/models/car.xml,passive-viewer,ok,12.567916885018349,0.8355830796062946,0.06629200652241707,327.4742919020355,0.04224991425871849,341.1427503451705,0.0014170072972774506,2940,1652,
2026-06-22T13:57:09.996312,107,/Users/deekshaprahlad/Documents/TCRS-2026/test/deterministic-prototyping-agenticCPS/src/HardwareIntegration/models/car.xml,passive-viewer,ok,10.935292113572359,0.7091248407959938,0.0516669824719429,320.784583222121,0.036874786019325256,332.66420802101493,0.001334119588136673,2940,1652,
2026-06-22T13:57:10.536061,108,/Users/deekshaprahlad/Documents/TCRS-2026/test/deterministic-prototyping-agenticCPS/src/HardwareIntegration/models/car.xml,passive-viewer,ok,11.635042261332273,0.7719169370830059,0.06150035187602043,304.4027080759406,0.045833177864551544,317.1201250515878,0.0032088719308376312,2940,1652,
2026-06-22T13:57:11.065789,109,/Users/deekshaprahlad/Documents/TCRS-2026/test/deterministic-prototyping-agenticCPS/src/HardwareIntegration/models/car.xml,passive-viewer,ok,12.570874765515327,0.855207908898592,0.06591575220227242,301.487083081156,0.042208004742860794,315.14420779421926,0.0014998950064182281,2940,1652,
2026-06-22T13:57:11.597147,110,/Users/deekshaprahlad/Documents/TCRS-2026/test/deterministic-prototyping-agenticCPS/src/HardwareIntegration/models/car.xml,passive-viewer,ok,11.124791111797094,0.8945413865149021,0.06462493911385536,303.2798748463392,0.03970833495259285,315.5487081967294,0.0011669471859931946,2940,1652,
2026-06-22T13:57:12.145731,111,/Users/deekshaprahlad/Documents/TCRS-2026/test/deterministic-prototyping-agenticCPS/src/HardwareIntegration/models/car.xml,passive-viewer,ok,11.017499957233667,0.712541863322258,0.05320832133293152,318.94291704520583,0.035458244383335114,330.8970001526177,0.0013336539268493652,2940,1652,
2026-06-22T13:57:12.663996,112,/Users/deekshaprahlad/Documents/TCRS-2026/test/deterministic-prototyping-agenticCPS/src/HardwareIntegration/models/car.xml,passive-viewer,ok,11.396500281989574,0.7553328759968281,0.06299978122115135,300.545624922961,0.07487507537007332,312.9718750715256,0.0038747675716876984,2940,1652,
2026-06-22T13:57:13.199785,113,/Users/deekshaprahlad/Documents/TCRS-2026/test/deterministic-prototyping-agenticCPS/src/HardwareIntegration/models/car.xml,passive-viewer,ok,11.19154179468751,0.8015413768589497,0.059125013649463654,299.4708330370486,0.03637513145804405,311.6850000806153,0.0014170072972774506,2940,1652,
2026-06-22T13:57:13.746289,114,/Users/deekshaprahlad/Documents/TCRS-2026/test/deterministic-prototyping-agenticCPS/src/HardwareIntegration/models/car.xml,passive-viewer,ok,12.511749751865864,0.8706669323146343,0.05745794624090195,320.73991699144244,0.04333397373557091,334.3464592471719,0.0014579854905605316,2940,1652,
2026-06-22T13:57:14.261129,115,/Users/deekshaprahlad/Documents/TCRS-2026/test/deterministic-prototyping-agenticCPS/src/HardwareIntegration/models/car.xml,passive-viewer,ok,10.585041251033545,0.7402910850942135,0.05129212513566017,317.4761673435569,0.04287483170628548,329.004917293787,0.0012079253792762756,2940,1652,
2026-06-22T13:57:14.829520,116,/Users/deekshaprahlad/Documents/TCRS-2026/test/deterministic-prototyping-agenticCPS/src/HardwareIntegration/models/car.xml,passive-viewer,ok,12.60037487372756,0.8537503890693188,0.06412528455257416,326.17087475955486,0.051625072956085205,339.86783400177956,0.004292000085115433,2940,1652,
2026-06-22T13:57:15.347249,117,/Users/deekshaprahlad/Documents/TCRS-2026/test/deterministic-prototyping-agenticCPS/src/HardwareIntegration/models/car.xml,passive-viewer,ok,11.163000017404556,0.7043750956654549,0.053165946155786514,307.6997078023851,0.03741635009646416,319.7622080333531,0.001166015863418579,2940,1652,
2026-06-22T13:57:15.903904,118,/Users/deekshaprahlad/Documents/TCRS-2026/test/deterministic-prototyping-agenticCPS/src/HardwareIntegration/models/car.xml,passive-viewer,ok,11.665625032037497,0.7163328118622303,0.057999975979328156,308.681583032012,0.039375387132167816,321.31604105234146,0.0013327226042747498,2940,1652,
2026-06-22T13:57:16.415691,119,/Users/deekshaprahlad/Documents/TCRS-2026/test/deterministic-prototyping-agenticCPS/src/HardwareIntegration/models/car.xml,passive-viewer,ok,10.937583167105913,0.9651249274611473,0.0693746842443943,302.7039999142289,0.05441717803478241,314.8429160937667,0.002083834260702133,2940,1652,
2026-06-22T13:57:16.920813,120,/Users/deekshaprahlad/Documents/TCRS-2026/test/deterministic-prototyping-agenticCPS/src/HardwareIntegration/models/car.xml,passive-viewer,ok,11.064666789025068,0.6816661916673183,0.053625088185071945,305.14887487515807,0.06574997678399086,317.132500000298,0.002040993422269821,2940,1652,
2026-06-22T13:57:17.449597,121,/Users/deekshaprahlad/Documents/TCRS-2026/test/deterministic-prototyping-agenticCPS/src/HardwareIntegration/models/car.xml,passive-viewer,ok,11.115584056824446,0.7823752239346504,0.06983382627367973,305.5163328535855,0.04608277231454849,317.6536252722144,0.003125052899122238,2940,1652,
2026-06-22T13:57:17.999248,122,/Users/deekshaprahlad/Documents/TCRS-2026/test/deterministic-prototyping-agenticCPS/src/HardwareIntegration/models/car.xml,passive-viewer,ok,11.23070903122425,1.1649997904896736,0.06795767694711685,311.32145784795284,0.04312535747885704,324.0131246857345,0.00162515789270401,2940,1652,
2026-06-22T13:57:18.518216,123,/Users/deekshaprahlad/Documents/TCRS-2026/test/deterministic-prototyping-agenticCPS/src/HardwareIntegration/models/car.xml,passive-viewer,ok,11.204457841813564,0.7747500203549862,0.05370890721678734,293.14058320596814,0.046416185796260834,305.32974982634187,0.001375097781419754,2940,1652,
2026-06-22T13:57:19.072638,124,/Users/deekshaprahlad/Documents/TCRS-2026/test/deterministic-prototyping-agenticCPS/src/HardwareIntegration/models/car.xml,passive-viewer,ok,12.325915973633528,0.8611669763922691,0.06300024688243866,301.83783266693354,0.04291720688343048,315.27254171669483,0.0015408731997013092,2940,1652,
2026-06-22T13:57:19.651432,125,/Users/deekshaprahlad/Documents/TCRS-2026/test/deterministic-prototyping-agenticCPS/src/HardwareIntegration/models/car.xml,passive-viewer,ok,13.136166147887707,1.003124751150608,0.06945803761482239,325.6079591810703,0.04645762965083122,340.0799576193094,0.0034999102354049683,2940,1652,
2026-06-22T13:57:20.243995,126,/Users/deekshaprahlad/Documents/TCRS-2026/test/deterministic-prototyping-agenticCPS/src/HardwareIntegration/models/car.xml,passive-viewer,ok,11.042667087167501,0.7391250692307949,0.05445815622806549,341.3755828514695,0.45083416625857353,353.8266662508249,0.002624932676553726,2940,1652,
2026-06-22T13:57:20.787661,127,/Users/deekshaprahlad/Documents/TCRS-2026/test/deterministic-prototyping-agenticCPS/src/HardwareIntegration/models/car.xml,passive-viewer,ok,10.986582841724157,0.7511251606047153,0.0550001859664917,298.99504175409675,0.04233419895172119,310.9734170138836,0.0014579854905605316,2940,1652,
2026-06-22T13:57:21.338610,128,/Users/deekshaprahlad/Documents/TCRS-2026/test/deterministic-prototyping-agenticCPS/src/HardwareIntegration/models/car.xml,passive-viewer,ok,13.80204176530242,0.9427499026060104,0.08183391764760017,302.6840412057936,0.06129220128059387,317.87987519055605,0.014416873455047607,2940,1652,
2026-06-22T13:57:21.883578,129,/Users/deekshaprahlad/Documents/TCRS-2026/test/deterministic-prototyping-agenticCPS/src/HardwareIntegration/models/car.xml,passive-viewer,ok,10.656457860022783,0.7403749041259289,0.05337502807378769,316.9287908822298,0.052541960030794144,328.5695002414286,0.00237487256526947,2940,1652,
2026-06-22T13:57:22.437018,130,/Users/deekshaprahlad/Documents/TCRS-2026/test/deterministic-prototyping-agenticCPS/src/HardwareIntegration/models/car.xml,passive-viewer,ok,12.14545825496316,0.7801246829330921,0.06583286449313164,319.81608318164945,0.03966735675930977,333.0021249130368,0.0015827827155590057,2940,1652,
2026-06-22T13:57:23.060197,131,/Users/deekshaprahlad/Documents/TCRS-2026/test/deterministic-prototyping-agenticCPS/src/HardwareIntegration/models/car.xml,passive-viewer,ok,12.928249780088663,0.8697081357240677,0.06258301436901093,353.62450033426285,0.1543750986456871,367.8803751245141,0.05933316424489021,2940,1652,
2026-06-22T13:57:23.292621,132,/Users/deekshaprahlad/Documents/TCRS-2026/test/deterministic-prototyping-agenticCPS/src/HardwareIntegration/models/car.xml,passive-viewer,error,128.5231662914157,1.160167157649994,0.17362507060170174,-1.0,-1.0,130.30487531796098,-1.0,0,0,another MuJoCo viewer is already open
2026-06-22T13:57:23.838568,133,/Users/deekshaprahlad/Documents/TCRS-2026/test/deterministic-prototyping-agenticCPS/src/HardwareIntegration/models/car.xml,passive-viewer,ok,14.057334046810865,1.5494171530008316,0.09516580030322075,423.9730420522392,0.2711247652769089,440.45912474393845,0.007832888513803482,2940,1652,
2026-06-22T13:57:23.979402,134,/Users/deekshaprahlad/Documents/TCRS-2026/test/deterministic-prototyping-agenticCPS/src/HardwareIntegration/models/car.xml,passive-viewer,error,30.623790808022022,4.384499974548817,0.5332920700311661,-1.0,-1.0,36.84612503275275,-1.0,0,0,another MuJoCo viewer is already open
2026-06-22T13:57:24.152058,135,/Users/deekshaprahlad/Documents/TCRS-2026/test/deterministic-prototyping-agenticCPS/src/HardwareIntegration/models/car.xml,passive-viewer,error,14.111542142927647,2.4276659823954105,0.1054578460752964,-1.0,-1.0,16.910208389163017,-1.0,0,0,another MuJoCo viewer is already open
2026-06-22T13:57:24.677616,136,/Users/deekshaprahlad/Documents/TCRS-2026/test/deterministic-prototyping-agenticCPS/src/HardwareIntegration/models/car.xml,passive-viewer,ok,15.723458025604486,1.6365000046789646,0.08316710591316223,402.67520816996694,0.07483316585421562,420.3380001708865,0.0037080608308315277,2940,1652,
2026-06-22T13:57:25.255943,137,/Users/deekshaprahlad/Documents/TCRS-2026/test/deterministic-prototyping-agenticCPS/src/HardwareIntegration/models/car.xml,passive-viewer,ok,14.58087470382452,1.0741250589489937,0.08845794945955276,314.74695773795247,0.043625012040138245,330.82341589033604,0.001791398972272873,2940,1652,
2026-06-22T13:57:25.790735,138,/Users/deekshaprahlad/Documents/TCRS-2026/test/deterministic-prototyping-agenticCPS/src/HardwareIntegration/models/car.xml,passive-viewer,ok,11.171916965395212,0.749833881855011,0.0539170578122139,312.4650828540325,0.04058424383401871,324.6143329888582,0.00162515789270401,2940,1652,
2026-06-22T13:57:26.439218,139,/Users/deekshaprahlad/Documents/TCRS-2026/test/deterministic-prototyping-agenticCPS/src/HardwareIntegration/models/car.xml,passive-viewer,ok,14.776874799281359,1.5926253981888294,0.07529184222221375,365.97145814448595,0.08570775389671326,382.7419592998922,0.011709053069353104,2940,1652,
2026-06-22T13:57:27.024110,140,/Users/deekshaprahlad/Documents/TCRS-2026/test/deterministic-prototyping-agenticCPS/src/HardwareIntegration/models/car.xml,passive-viewer,ok,13.760250061750412,0.8843340910971165,0.08779112249612808,314.6199998445809,0.044416170567274094,329.68387473374605,0.0024996697902679443,2940,1652,
2026-06-22T13:57:27.573006,141,/Users/deekshaprahlad/Documents/TCRS-2026/test/deterministic-prototyping-agenticCPS/src/HardwareIntegration/models/car.xml,passive-viewer,ok,10.823917109519243,0.8482499979436398,0.06045820191502571,308.5798746906221,0.04237517714500427,320.5006252974272,0.0017080456018447876,2940,1652,
2026-06-22T13:57:28.123813,142,/Users/deekshaprahlad/Documents/TCRS-2026/test/deterministic-prototyping-agenticCPS/src/HardwareIntegration/models/car.xml,passive-viewer,ok,10.825625155121088,0.7690000347793102,0.05316687747836113,312.523334287107,0.049625057727098465,324.3805831298232,0.004250090569257736,2940,1652,
2026-06-22T13:57:28.711058,143,/Users/deekshaprahlad/Documents/TCRS-2026/test/deterministic-prototyping-agenticCPS/src/HardwareIntegration/models/car.xml,passive-viewer,ok,13.20829102769494,0.8772918954491615,0.06400002166628838,309.4350411556661,0.0788327306509018,323.83337477222085,0.001959037035703659,2940,1652,
2026-06-22T13:57:29.262138,144,/Users/deekshaprahlad/Documents/TCRS-2026/test/deterministic-prototyping-agenticCPS/src/HardwareIntegration/models/car.xml,passive-viewer,ok,11.262457817792892,0.8323327638208866,0.07008295506238937,312.67779180780053,0.038833823055028915,325.03229193389416,0.001375097781419754,2940,1652,
2026-06-22T13:57:29.456245,145,/Users/deekshaprahlad/Documents/TCRS-2026/test/deterministic-prototyping-agenticCPS/src/HardwareIntegration/models/car.xml,passive-viewer,error,81.52654115110636,0.7877089083194733,0.1088329590857029,-1.0,-1.0,82.63120800256729,-1.0,0,0,another MuJoCo viewer is already open
2026-06-22T13:57:29.895862,146,/Users/deekshaprahlad/Documents/TCRS-2026/test/deterministic-prototyping-agenticCPS/src/HardwareIntegration/models/car.xml,passive-viewer,ok,10.954124853014946,1.3641668483614922,0.06470782682299614,321.6393329203129,0.04870770499110222,334.1823751106858,0.0034999102354049683,2940,1652,
2026-06-22T13:57:30.447380,147,/Users/deekshaprahlad/Documents/TCRS-2026/test/deterministic-prototyping-agenticCPS/src/HardwareIntegration/models/car.xml,passive-viewer,ok,11.464458890259266,0.7431670092046261,0.05512498319149017,311.1232500523329,0.04445808008313179,323.5892499797046,0.0013327226042747498,2940,1652,
2026-06-22T13:57:30.998691,148,/Users/deekshaprahlad/Documents/TCRS-2026/test/deterministic-prototyping-agenticCPS/src/HardwareIntegration/models/car.xml,passive-viewer,ok,11.354791931807995,0.7481249049305916,0.0527077354490757,313.5395417921245,0.04316680133342743,325.8795836009085,0.0017080456018447876,2940,1652,
2026-06-22T13:57:31.545048,149,/Users/deekshaprahlad/Documents/TCRS-2026/test/deterministic-prototyping-agenticCPS/src/HardwareIntegration/models/car.xml,passive-viewer,ok,10.94808429479599,0.7210839539766312,0.05075009539723396,314.5515420474112,0.04458427429199219,326.46862510591745,0.004709232598543167,2940,1652,
2026-06-22T13:57:32.078353,150,/Users/deekshaprahlad/Documents/TCRS-2026/test/deterministic-prototyping-agenticCPS/src/HardwareIntegration/models/car.xml,passive-viewer,ok,11.19370898231864,0.9209592826664448,0.06512505933642387,307.44649982079864,0.040499959141016006,319.79345763102174,0.0015003606677055359,2940,1652,
2026-06-22T13:57:32.618989,151,/Users/deekshaprahlad/Documents/TCRS-2026/test/deterministic-prototyping-agenticCPS/src/HardwareIntegration/models/car.xml,passive-viewer,ok,10.623499751091003,1.0023750364780426,0.06050011143088341,320.2827498316765,0.04595937207341194,332.1338752284646,0.0017923302948474884,2940,1652,
2026-06-22T13:57:33.130401,152,/Users/deekshaprahlad/Documents/TCRS-2026/test/deterministic-prototyping-agenticCPS/src/HardwareIntegration/models/car.xml,passive-viewer,ok,10.773916728794575,0.8161673322319984,0.052374787628650665,300.11466704308987,0.04337495192885399,311.9040001183748,0.0016656704246997833,2940,1652,
2026-06-22T13:57:33.681279,153,/Users/deekshaprahlad/Documents/TCRS-2026/test/deterministic-prototyping-agenticCPS/src/HardwareIntegration/models/car.xml,passive-viewer,ok,11.243834160268307,0.8599162101745605,0.05641672760248184,309.362749569118,0.045666005462408066,321.71629182994366,0.00325031578540802,2940,1652,
2026-06-22T13:57:33.881334,154,/Users/deekshaprahlad/Documents/TCRS-2026/test/deterministic-prototyping-agenticCPS/src/HardwareIntegration/models/car.xml,passive-viewer,error,88.513458147645,0.7734587416052818,0.16087479889392853,-1.0,-1.0,89.67191632837057,-1.0,0,0,another MuJoCo viewer is already open
2026-06-22T13:57:34.297055,155,/Users/deekshaprahlad/Documents/TCRS-2026/test/deterministic-prototyping-agenticCPS/src/HardwareIntegration/models/car.xml,passive-viewer,ok,10.753834154456854,1.218167133629322,0.056582968682050705,298.4141670167446,0.05241669714450836,310.5948748998344,0.0020829029381275177,2940,1652,
2026-06-22T13:57:34.830560,156,/Users/deekshaprahlad/Documents/TCRS-2026/test/deterministic-prototyping-agenticCPS/src/HardwareIntegration/models/car.xml,passive-viewer,ok,11.107999831438065,0.8408329449594021,0.05220761522650719,294.3718330934644,0.04149973392486572,306.5472496673465,0.0015003606677055359,2940,1652,
2026-06-22T13:57:35.385133,157,/Users/deekshaprahlad/Documents/TCRS-2026/test/deterministic-prototyping-agenticCPS/src/HardwareIntegration/models/car.xml,passive-viewer,ok,11.732832994312048,0.8248751983046532,0.057999975979328156,308.5042922757566,0.043082982301712036,321.3109169155359,0.003125052899122238,2940,1652,
2026-06-22T13:57:35.949915,158,/Users/deekshaprahlad/Documents/TCRS-2026/test/deterministic-prototyping-agenticCPS/src/HardwareIntegration/models/car.xml,passive-viewer,ok,11.472375132143497,0.7896670140326023,0.058582983911037445,314.9390001781285,0.04158308729529381,327.4951661005616,0.0017923302948474884,2940,1652,
2026-06-22T13:57:36.515347,159,/Users/deekshaprahlad/Documents/TCRS-2026/test/deterministic-prototyping-agenticCPS/src/HardwareIntegration/models/car.xml,passive-viewer,ok,11.850500013679266,0.9284159168601036,0.06370805203914642,312.1103751473129,0.12374995276331902,325.2795422449708,0.003875233232975006,2940,1652,
2026-06-22T13:57:37.098290,160,/Users/deekshaprahlad/Documents/TCRS-2026/test/deterministic-prototyping-agenticCPS/src/HardwareIntegration/models/car.xml,passive-viewer,ok,12.941125314682722,0.8390001021325588,0.06562471389770508,300.2813747152686,0.05820905789732933,314.37999987974763,0.0014156103134155273,2940,1652,
2026-06-22T13:57:37.292468,161,/Users/deekshaprahlad/Documents/TCRS-2026/test/deterministic-prototyping-agenticCPS/src/HardwareIntegration/models/car.xml,passive-viewer,error,81.15370804443955,0.8475827053189278,0.09400025010108948,-1.0,-1.0,82.3237500153482,-1.0,0,0,another MuJoCo viewer is already open
2026-06-22T13:57:37.715512,162,/Users/deekshaprahlad/Documents/TCRS-2026/test/deterministic-prototyping-agenticCPS/src/HardwareIntegration/models/car.xml,passive-viewer,ok,11.130708269774914,1.3920841738581657,0.0544167123734951,305.17866695299745,0.04879198968410492,317.9179998114705,0.0015827827155590057,2940,1652,
2026-06-22T13:57:38.252160,163,/Users/deekshaprahlad/Documents/TCRS-2026/test/deterministic-prototyping-agenticCPS/src/HardwareIntegration/models/car.xml,passive-viewer,ok,10.808417107909918,0.8004996925592422,0.055584125220775604,305.09275011718273,0.0466248020529747,316.94937497377396,0.0033332034945487976,2940,1652,
2026-06-22T13:57:38.782940,164,/Users/deekshaprahlad/Documents/TCRS-2026/test/deterministic-prototyping-agenticCPS/src/HardwareIntegration/models/car.xml,passive-viewer,ok,10.952416807413101,0.8194581605494022,0.05595805123448372,296.79658403620124,0.048415735363960266,308.8381253182888,0.0019581057131290436,2940,1652,
2026-06-22T13:57:39.305757,165,/Users/deekshaprahlad/Documents/TCRS-2026/test/deterministic-prototyping-agenticCPS/src/HardwareIntegration/models/car.xml,passive-viewer,ok,10.61683427542448,0.767500139772892,0.04675006493926048,310.2660421282053,0.03787502646446228,321.82208308950067,0.001416075974702835,2940,1652,
2026-06-22T13:57:39.837621,166,/Users/deekshaprahlad/Documents/TCRS-2026/test/deterministic-prototyping-agenticCPS/src/HardwareIntegration/models/car.xml,passive-viewer,ok,10.972416959702969,0.816915649920702,0.06400002166628838,305.04287499934435,0.045416876673698425,317.048333119601,0.0018747523427009583,2940,1652,
2026-06-22T13:57:40.367299,167,/Users/deekshaprahlad/Documents/TCRS-2026/test/deterministic-prototyping-agenticCPS/src/HardwareIntegration/models/car.xml,passive-viewer,ok,10.776333045214415,0.7342076860368252,0.05487492308020592,315.4894169420004,0.04574982449412346,327.20329239964485,0.003125052899122238,2940,1652,
2026-06-22T13:57:40.885190,168,/Users/deekshaprahlad/Documents/TCRS-2026/test/deterministic-prototyping-agenticCPS/src/HardwareIntegration/models/car.xml,passive-viewer,ok,11.244916822761297,0.7937080226838589,0.0577080063521862,314.04287507757545,0.04949979484081268,326.2840420939028,0.0017499551177024841,2940,1652,
2026-06-22T13:57:41.419716,169,/Users/deekshaprahlad/Documents/TCRS-2026/test/deterministic-prototyping-agenticCPS/src/HardwareIntegration/models/car.xml,passive-viewer,ok,11.159333866089582,0.7881247438490391,0.05908310413360596,308.84474981576204,0.04279240965843201,321.0372501052916,0.0015832483768463135,2940,1652,
2026-06-22T13:57:41.939857,170,/Users/deekshaprahlad/Documents/TCRS-2026/test/deterministic-prototyping-agenticCPS/src/HardwareIntegration/models/car.xml,passive-viewer,ok,11.312417220324278,0.7564579136669636,0.05350029096007347,296.959875151515,0.042084138840436935,309.2447081580758,0.0016670674085617065,2940,1652,
2026-06-22T13:57:42.456983,171,/Users/deekshaprahlad/Documents/TCRS-2026/test/deterministic-prototyping-agenticCPS/src/HardwareIntegration/models/car.xml,passive-viewer,ok,11.101915966719389,0.80829206854105,0.06233295425772667,297.75329073891044,0.04841713234782219,309.8821248859167,0.0017499551177024841,2940,1652,
2026-06-22T13:57:42.971000,172,/Users/deekshaprahlad/Documents/TCRS-2026/test/deterministic-prototyping-agenticCPS/src/HardwareIntegration/models/car.xml,passive-viewer,ok,10.619333013892174,0.7940833456814289,0.05374988541007042,305.78195909038186,0.04620896652340889,317.4053751863539,0.003750436007976532,2940,1652,
2026-06-22T13:57:43.520680,173,/Users/deekshaprahlad/Documents/TCRS-2026/test/deterministic-prototyping-agenticCPS/src/HardwareIntegration/models/car.xml,passive-viewer,ok,11.383207980543375,0.9319158270955086,0.07679220288991928,309.56099973991513,0.04229089245200157,322.15620810166,0.00162515789270401,2940,1652,
2026-06-22T13:57:44.057704,174,/Users/deekshaprahlad/Documents/TCRS-2026/test/deterministic-prototyping-agenticCPS/src/HardwareIntegration/models/car.xml,passive-viewer,ok,10.936208069324493,0.6597088649868965,0.05212472751736641,322.3660420626402,0.04791701212525368,334.1635838150978,0.0020829029381275177,2940,1652,
2026-06-22T13:57:44.587958,175,/Users/deekshaprahlad/Documents/TCRS-2026/test/deterministic-prototyping-agenticCPS/src/HardwareIntegration/models/car.xml,passive-viewer,ok,10.58545894920826,0.8182497695088387,0.05545793101191521,314.3733749166131,0.040333252400159836,325.95920795574784,0.0014579854905605316,2940,1652,
2026-06-22T13:57:45.121677,176,/Users/deekshaprahlad/Documents/TCRS-2026/test/deterministic-prototyping-agenticCPS/src/HardwareIntegration/models/car.xml,passive-viewer,ok,10.897208005189896,0.754042062908411,0.05608284845948219,310.63950015231967,0.04291674122214317,322.49420788139105,0.004124827682971954,2940,1652,
2026-06-22T13:57:45.334710,177,/Users/deekshaprahlad/Documents/TCRS-2026/test/deterministic-prototyping-agenticCPS/src/HardwareIntegration/models/car.xml,passive-viewer,error,107.26466728374362,0.8457922376692295,0.1332079991698265,-1.0,-1.0,108.56354096904397,-1.0,0,0,another MuJoCo viewer is already open
2026-06-22T13:57:45.773109,178,/Users/deekshaprahlad/Documents/TCRS-2026/test/deterministic-prototyping-agenticCPS/src/HardwareIntegration/models/car.xml,passive-viewer,ok,10.65204106271267,1.314499881118536,0.05837529897689819,321.086083073169,0.047209206968545914,333.27029179781675,0.0015418045222759247,2940,1652,
2026-06-22T13:57:46.308951,179,/Users/deekshaprahlad/Documents/TCRS-2026/test/deterministic-prototyping-agenticCPS/src/HardwareIntegration/models/car.xml,passive-viewer,ok,10.922292247414589,0.7568332366645336,0.05462532863020897,301.25954234972596,0.03858422860503197,313.18504083901644,0.0014579854905605316,2940,1652,
2026-06-22T13:57:46.840450,180,/Users/deekshaprahlad/Documents/TCRS-2026/test/deterministic-prototyping-agenticCPS/src/HardwareIntegration/models/car.xml,passive-viewer,ok,11.07329223304987,0.88162487372756,0.05970802158117294,297.22091695293784,0.0649583525955677,309.4721669331193,0.027750153094530106,2940,1652,
2026-06-22T13:57:47.372671,181,/Users/deekshaprahlad/Documents/TCRS-2026/test/deterministic-prototyping-agenticCPS/src/HardwareIntegration/models/car.xml,passive-viewer,ok,11.239750310778618,0.7797498255968094,0.05700020119547844,311.9797920808196,0.038333237171173096,324.21945920214057,0.0016246922314167023,2940,1652,
2026-06-22T13:57:47.908400,182,/Users/deekshaprahlad/Documents/TCRS-2026/test/deterministic-prototyping-agenticCPS/src/HardwareIntegration/models/car.xml,passive-viewer,ok,11.208083014935255,0.6714579649269581,0.05483301356434822,310.222459025681,0.03937492147088051,322.34112499281764,0.0017499551177024841,2940,1652,
2026-06-22T13:57:48.477125,183,/Users/deekshaprahlad/Documents/TCRS-2026/test/deterministic-prototyping-agenticCPS/src/HardwareIntegration/models/car.xml,passive-viewer,ok,11.632624547928572,0.8848328143358231,0.058833975344896317,324.6565000154078,0.0689169391989708,337.4437498860061,0.011167023330926895,2940,1652,
2026-06-22T13:57:49.044939,184,/Users/deekshaprahlad/Documents/TCRS-2026/test/deterministic-prototyping-agenticCPS/src/HardwareIntegration/models/car.xml,passive-viewer,ok,11.870999820530415,0.724750105291605,0.05683302879333496,319.0612499602139,0.04516635090112686,331.9248342886567,0.0017080456018447876,2940,1652,
2026-06-22T13:57:49.593684,185,/Users/deekshaprahlad/Documents/TCRS-2026/test/deterministic-prototyping-agenticCPS/src/HardwareIntegration/models/car.xml,passive-viewer,ok,12.349457945674658,0.9279591031372547,0.05675014108419418,311.59445783123374,0.04266668111085892,325.1241249963641,0.0015418045222759247,2940,1652,
2026-06-22T13:57:50.118326,186,/Users/deekshaprahlad/Documents/TCRS-2026/test/deterministic-prototyping-agenticCPS/src/HardwareIntegration/models/car.xml,passive-viewer,ok,10.89708274230361,0.6814165972173214,0.05416572093963623,298.08241594582796,0.049666035920381546,309.9177498370409,0.004415865987539291,2940,1652,
2026-06-22T13:57:50.662111,187,/Users/deekshaprahlad/Documents/TCRS-2026/test/deterministic-prototyping-agenticCPS/src/HardwareIntegration/models/car.xml,passive-viewer,ok,11.2599590793252,0.8034589700400829,0.053999945521354675,319.41104168072343,0.038125086575746536,331.72524999827147,0.0014170072972774506,2940,1652,
2026-06-22T13:57:51.196795,188,/Users/deekshaprahlad/Documents/TCRS-2026/test/deterministic-prototyping-agenticCPS/src/HardwareIntegration/models/car.xml,passive-viewer,ok,10.689416900277138,0.8217082358896732,0.049625057727098465,317.37999990582466,0.07941713556647301,329.1437909938395,0.0021248124539852142,2940,1652,
2026-06-22T13:57:51.737788,189,/Users/deekshaprahlad/Documents/TCRS-2026/test/deterministic-prototyping-agenticCPS/src/HardwareIntegration/models/car.xml,passive-viewer,ok,11.817457620054483,1.0531670413911343,0.06170803681015968,302.9483328573406,0.07237493991851807,316.1504580639303,0.002584420144557953,2940,1652,
2026-06-22T13:57:52.250433,190,/Users/deekshaprahlad/Documents/TCRS-2026/test/deterministic-prototyping-agenticCPS/src/HardwareIntegration/models/car.xml,passive-viewer,ok,10.478583164513111,0.7925829850137234,0.04979083314538002,297.3635829985142,0.049540773034095764,308.84220777079463,0.0037499703466892242,2940,1652,
2026-06-22T13:57:52.820191,191,/Users/deekshaprahlad/Documents/TCRS-2026/test/deterministic-prototyping-agenticCPS/src/HardwareIntegration/models/car.xml,passive-viewer,ok,11.288624722510576,0.6932909600436687,0.05833292379975319,306.9772911258042,0.03966689109802246,319.1855000331998,0.002541113644838333,2940,1652,
2026-06-22T13:57:53.380481,192,/Users/deekshaprahlad/Documents/TCRS-2026/test/deterministic-prototyping-agenticCPS/src/HardwareIntegration/models/car.xml,passive-viewer,ok,11.147750075906515,0.8787498809397221,0.05308305844664574,302.86104092374444,0.06008287891745567,315.17166597768664,0.002207700163125992,2940,1652,
2026-06-22T13:57:53.576045,193,/Users/deekshaprahlad/Documents/TCRS-2026/test/deterministic-prototyping-agenticCPS/src/HardwareIntegration/models/car.xml,passive-viewer,error,84.85033316537738,0.754666980355978,0.13537518680095673,-1.0,-1.0,86.03970799595118,-1.0,0,0,another MuJoCo viewer is already open
2026-06-22T13:57:53.997397,194,/Users/deekshaprahlad/Documents/TCRS-2026/test/deterministic-prototyping-agenticCPS/src/HardwareIntegration/models/car.xml,passive-viewer,ok,10.927542112767696,1.2896251864731312,0.058542005717754364,303.72366588562727,0.04974985495209694,316.17454160004854,0.003375113010406494,2940,1652,
2026-06-22T13:57:54.548410,195,/Users/deekshaprahlad/Documents/TCRS-2026/test/deterministic-prototyping-agenticCPS/src/HardwareIntegration/models/car.xml,passive-viewer,ok,11.144625023007393,0.7829996757209301,0.06266683340072632,307.9793332144618,0.03966689109802246,320.17258321866393,0.0016246922314167023,2940,1652,
2026-06-22T13:57:55.096400,196,/Users/deekshaprahlad/Documents/TCRS-2026/test/deterministic-prototyping-agenticCPS/src/HardwareIntegration/models/car.xml,passive-viewer,ok,11.226166971027851,0.7041250355541706,0.05170796066522598,304.9759999848902,0.04187505692243576,317.14904122054577,0.0018747523427009583,2940,1652,
2026-06-22T13:57:55.629749,197,/Users/deekshaprahlad/Documents/TCRS-2026/test/deterministic-prototyping-agenticCPS/src/HardwareIntegration/models/car.xml,passive-viewer,ok,10.958750266581774,0.7555419579148293,0.055625103414058685,304.0822078473866,0.04358310252428055,316.04741606861353,0.0030831433832645416,2940,1652,
2026-06-22T13:57:56.148749,198,/Users/deekshaprahlad/Documents/TCRS-2026/test/deterministic-prototyping-agenticCPS/src/HardwareIntegration/models/car.xml,passive-viewer,ok,11.192209087312222,0.8362079970538616,0.06879214197397232,310.02566684037447,0.04254188388586044,322.2685004584491,0.0017080456018447876,2940,1652,
2026-06-22T13:57:56.699223,199,/Users/deekshaprahlad/Documents/TCRS-2026/test/deterministic-prototyping-agenticCPS/src/HardwareIntegration/models/car.xml,passive-viewer,ok,11.876000091433525,0.8062501437962055,0.07120892405509949,303.57529083266854,0.04499964416027069,316.59558275714517,0.0014579854905605316,2940,1652,
2026-06-22T13:57:57.248077,200,/Users/deekshaprahlad/Documents/TCRS-2026/test/deterministic-prototyping-agenticCPS/src/HardwareIntegration/models/car.xml,passive-viewer,ok,10.862249881029129,0.7992498576641083,0.05291728302836418,317.2054160386324,0.04350021481513977,329.1172496974468,0.0014170072972774506,2940,1652,
2026-06-22T13:57:57.799216,201,/Users/deekshaprahlad/Documents/TCRS-2026/test/deterministic-prototyping-agenticCPS/src/HardwareIntegration/models/car.xml,passive-viewer,ok,10.836417321115732,0.8439589291810989,0.056333839893341064,306.28316616639495,0.04820898175239563,318.2136663235724,0.004459172487258911,2940,1652,
2026-06-22T13:57:58.349186,202,/Users/deekshaprahlad/Documents/TCRS-2026/test/deterministic-prototyping-agenticCPS/src/HardwareIntegration/models/car.xml,passive-viewer,ok,10.961832944303751,0.8489172905683517,0.060750171542167664,313.42004192993045,0.042957719415426254,325.50237514078617,0.001291278749704361,2940,1652,
2026-06-22T13:57:58.899131,203,/Users/deekshaprahlad/Documents/TCRS-2026/test/deterministic-prototyping-agenticCPS/src/HardwareIntegration/models/car.xml,passive-viewer,ok,10.77125035226345,0.7589999586343765,0.06508361548185349,310.6665415689349,0.04091579467058182,322.43279181420803,0.001458916813135147,2940,1652,
2026-06-22T13:57:59.095164,204,/Users/deekshaprahlad/Documents/TCRS-2026/test/deterministic-prototyping-agenticCPS/src/HardwareIntegration/models/car.xml,passive-viewer,error,83.08074995875359,0.7915417663753033,0.1300419680774212,-1.0,-1.0,84.26341693848372,-1.0,0,0,another MuJoCo viewer is already open
2026-06-22T13:57:59.516942,205,/Users/deekshaprahlad/Documents/TCRS-2026/test/deterministic-prototyping-agenticCPS/src/HardwareIntegration/models/car.xml,passive-viewer,ok,10.941250249743462,1.1707078665494919,0.053042080253362656,307.96479107812047,0.05191704258322716,320.27800008654594,0.004500150680541992,2940,1652,
2026-06-22T13:58:00.055841,206,/Users/deekshaprahlad/Documents/TCRS-2026/test/deterministic-prototyping-agenticCPS/src/HardwareIntegration/models/car.xml,passive-viewer,ok,11.582707986235619,0.9040827862918377,0.07020821794867516,298.77116717398167,0.05149981006979942,311.54012493789196,0.0016246922314167023,2940,1652,
2026-06-22T13:58:00.600140,207,/Users/deekshaprahlad/Documents/TCRS-2026/test/deterministic-prototyping-agenticCPS/src/HardwareIntegration/models/car.xml,passive-viewer,ok,12.013582978397608,0.7785419002175331,0.05245814099907875,304.3110826984048,0.05812523886561394,317.31395795941353,0.0017080456018447876,2940,1652,
2026-06-22T13:58:00.797500,208,/Users/deekshaprahlad/Documents/TCRS-2026/test/deterministic-prototyping-agenticCPS/src/HardwareIntegration/models/car.xml,passive-viewer,error,82.3368327692151,0.8512916974723339,0.13924995437264442,-1.0,-1.0,83.58887489885092,-1.0,0,0,another MuJoCo viewer is already open
2026-06-22T13:58:01.235243,209,/Users/deekshaprahlad/Documents/TCRS-2026/test/deterministic-prototyping-agenticCPS/src/HardwareIntegration/models/car.xml,passive-viewer,ok,11.37095782905817,1.184375025331974,0.05574990063905716,324.7429169714451,0.0466248020529747,337.5175413675606,0.003708992153406143,2940,1652,
2026-06-22T13:58:01.759849,210,/Users/deekshaprahlad/Documents/TCRS-2026/test/deterministic-prototyping-agenticCPS/src/HardwareIntegration/models/car.xml,passive-viewer,ok,11.442707851529121,0.8149999193847179,0.05991710349917412,297.5603751838207,0.13749999925494194,310.2523749694228,0.0021667219698429108,2940,1652,
2026-06-22T13:58:02.319925,211,/Users/deekshaprahlad/Documents/TCRS-2026/test/deterministic-prototyping-agenticCPS/src/HardwareIntegration/models/car.xml,passive-viewer,ok,10.847166180610657,0.8645416237413883,0.048833899199962616,302.03233286738396,0.08083274587988853,314.04966581612825,0.002083834260702133,2940,1652,
2026-06-22T13:58:02.887278,212,/Users/deekshaprahlad/Documents/TCRS-2026/test/deterministic-prototyping-agenticCPS/src/HardwareIntegration/models/car.xml,passive-viewer,ok,10.862958151847124,0.8812081068754196,0.051999930292367935,324.4618340395391,0.061042141169309616,336.54229203239083,0.01074979081749916,2940,1652,
2026-06-22T13:58:03.437853,213,/Users/deekshaprahlad/Documents/TCRS-2026/test/deterministic-prototyping-agenticCPS/src/HardwareIntegration/models/car.xml,passive-viewer,ok,11.973042041063309,0.9029158391058445,0.0710831955075264,313.0097920075059,0.04695821553468704,326.189040672034,0.0018337741494178772,2940,1652,
2026-06-22T13:58:04.003336,214,/Users/deekshaprahlad/Documents/TCRS-2026/test/deterministic-prototyping-agenticCPS/src/HardwareIntegration/models/car.xml,passive-viewer,ok,10.984417051076889,0.8628331124782562,0.051584094762802124,324.9342921189964,0.04045804962515831,337.0226249098778,0.00200001522898674,2940,1652,
2026-06-22T13:58:04.538358,215,/Users/deekshaprahlad/Documents/TCRS-2026/test/deterministic-prototyping-agenticCPS/src/HardwareIntegration/models/car.xml,passive-viewer,ok,11.122082825750113,0.8553336374461651,0.07695797830820084,296.3979998603463,0.04337495192885399,308.70262486860156,0.003416556864976883,2940,1652,
2026-06-22T13:58:05.069620,216,/Users/deekshaprahlad/Documents/TCRS-2026/test/deterministic-prototyping-agenticCPS/src/HardwareIntegration/models/car.xml,passive-viewer,ok,11.420332826673985,0.833416823297739,0.08674990385770798,302.11895797401667,0.04300009459257126,314.6974998526275,0.0014170072972774506,2940,1652,
2026-06-22T13:58:05.627627,217,/Users/deekshaprahlad/Documents/TCRS-2026/test/deterministic-prototyping-agenticCPS/src/HardwareIntegration/models/car.xml,passive-viewer,ok,10.933666955679655,0.7814173586666584,0.05404232069849968,326.562250033021,0.04566693678498268,338.5111247189343,0.0015837140381336212,2940,1652,
2026-06-22T13:58:06.155623,218,/Users/deekshaprahlad/Documents/TCRS-2026/test/deterministic-prototyping-agenticCPS/src/HardwareIntegration/models/car.xml,passive-viewer,ok,10.856249835342169,0.902458094060421,0.05462486296892166,312.06979183480144,0.04950026050209999,324.84645769000053,0.0116666778922081,2940,1652,
2026-06-22T13:58:06.688771,219,/Users/deekshaprahlad/Documents/TCRS-2026/test/deterministic-prototyping-agenticCPS/src/HardwareIntegration/models/car.xml,passive-viewer,ok,11.043792124837637,0.7763747125864029,0.047625042498111725,312.84558307379484,0.037833116948604584,324.8597923666239,0.0015408731997013092,2940,1652,
2026-06-22T13:58:07.221209,220,/Users/deekshaprahlad/Documents/TCRS-2026/test/deterministic-prototyping-agenticCPS/src/HardwareIntegration/models/car.xml,passive-viewer,ok,11.108416598290205,1.006624661386013,0.06962521001696587,310.4437910951674,0.03795931115746498,322.7858329191804,0.001708976924419403,2940,1652,
2026-06-22T13:58:07.759283,221,/Users/deekshaprahlad/Documents/TCRS-2026/test/deterministic-prototyping-agenticCPS/src/HardwareIntegration/models/car.xml,passive-viewer,ok,11.15587493404746,0.7985001429915428,0.061959028244018555,315.0824997574091,0.041709281504154205,327.26437505334616,0.0016246922314167023,2940,1652,
2026-06-22T13:58:08.297423,222,/Users/deekshaprahlad/Documents/TCRS-2026/test/deterministic-prototyping-agenticCPS/src/HardwareIntegration/models/car.xml,passive-viewer,ok,11.255958117544651,0.8147498592734337,0.05329214036464691,323.7030413001776,0.054957810789346695,336.00879088044167,0.001875218003988266,2940,1652,
2026-06-22T13:58:08.823282,223,/Users/deekshaprahlad/Documents/TCRS-2026/test/deterministic-prototyping-agenticCPS/src/HardwareIntegration/models/car.xml,passive-viewer,ok,11.203667148947716,0.7912078872323036,0.06804196164011955,309.8460831679404,0.04374980926513672,322.06845795735717,0.003500375896692276,2940,1652,
2026-06-22T13:58:09.359488,224,/Users/deekshaprahlad/Documents/TCRS-2026/test/deterministic-prototyping-agenticCPS/src/HardwareIntegration/models/car.xml,passive-viewer,ok,11.391832958906889,0.8920831605792046,0.06954232230782509,315.9721251577139,0.03891577944159508,328.51033424958587,0.00162515789270401,2940,1652,
2026-06-22T13:58:09.935050,225,/Users/deekshaprahlad/Documents/TCRS-2026/test/deterministic-prototyping-agenticCPS/src/HardwareIntegration/models/car.xml,passive-viewer,ok,11.366291902959347,0.7815002463757992,0.0566248781979084,327.35779182985425,0.05241716280579567,339.7814161144197,0.0015827827155590057,2940,1652,
2026-06-22T13:58:10.463925,226,/Users/deekshaprahlad/Documents/TCRS-2026/test/deterministic-prototyping-agenticCPS/src/HardwareIntegration/models/car.xml,passive-viewer,ok,11.381125077605247,0.8474579080939293,0.05900021642446518,297.82074969261885,0.059625133872032166,310.28537498787045,0.00362517312169075,2940,1652,
2026-06-22T13:58:11.046483,227,/Users/deekshaprahlad/Documents/TCRS-2026/test/deterministic-prototyping-agenticCPS/src/HardwareIntegration/models/car.xml,passive-viewer,ok,14.158833306282759,0.9542913176119328,0.06562517955899239,319.88254096359015,0.037791673094034195,335.38183430209756,0.0012093223631381989,2940,1652,
2026-06-22T13:58:11.595515,228,/Users/deekshaprahlad/Documents/TCRS-2026/test/deterministic-prototyping-agenticCPS/src/HardwareIntegration/models/car.xml,passive-viewer,ok,11.010040994733572,0.7672910578548908,0.055874697864055634,312.00987519696355,0.038917176425457,324.0472078323364,0.001375097781419754,2940,1652,
2026-06-22T13:58:12.130816,229,/Users/deekshaprahlad/Documents/TCRS-2026/test/deterministic-prototyping-agenticCPS/src/HardwareIntegration/models/car.xml,passive-viewer,ok,11.116167064756155,0.8047088049352169,0.060542020946741104,298.12641674652696,0.04891585558652878,310.30149990692735,0.0037499703466892242,2940,1652,
2026-06-22T13:58:12.678506,230,/Users/deekshaprahlad/Documents/TCRS-2026/test/deterministic-prototyping-agenticCPS/src/HardwareIntegration/models/car.xml,passive-viewer,ok,11.386624537408352,0.8367495611310005,0.06633391603827477,313.20412503555417,0.04566693678498268,325.70933317765594,0.001875218003988266,2940,1652,
2026-06-22T13:58:13.211998,231,/Users/deekshaprahlad/Documents/TCRS-2026/test/deterministic-prototyping-agenticCPS/src/HardwareIntegration/models/car.xml,passive-viewer,ok,11.020791716873646,0.9313332848250866,0.06562471389770508,296.4500840753317,0.04395795986056328,308.6850419640541,0.0019171275198459625,2940,1652,
2026-06-22T13:58:13.763188,232,/Users/deekshaprahlad/Documents/TCRS-2026/test/deterministic-prototyping-agenticCPS/src/HardwareIntegration/models/car.xml,passive-viewer,ok,11.04995934292674,0.8084578439593315,0.05545793101191521,320.47033309936523,0.04483293741941452,332.5794590637088,0.003334134817123413,2940,1652,
2026-06-22T13:58:14.311917,233,/Users/deekshaprahlad/Documents/TCRS-2026/test/deterministic-prototyping-agenticCPS/src/HardwareIntegration/models/car.xml,passive-viewer,ok,10.767292231321335,0.7547498680651188,0.047666020691394806,310.0456250831485,0.06145797669887543,321.8162921257317,0.0020833685994148254,2940,1652,
2026-06-22T13:58:14.867812,234,/Users/deekshaprahlad/Documents/TCRS-2026/test/deterministic-prototyping-agenticCPS/src/HardwareIntegration/models/car.xml,passive-viewer,ok,11.97466580197215,0.885416753590107,0.08679088205099106,313.5846252553165,0.041999854147434235,326.8244592472911,0.0019581057131290436,2940,1652,
2026-06-22T13:58:15.396363,235,/Users/deekshaprahlad/Documents/TCRS-2026/test/deterministic-prototyping-agenticCPS/src/HardwareIntegration/models/car.xml,passive-viewer,ok,11.777583044022322,0.8527077734470367,0.06054108962416649,299.1771660745144,0.039291102439165115,312.03008303418756,0.0014170072972774506,2940,1652,
2026-06-22T13:58:15.953387,236,/Users/deekshaprahlad/Documents/TCRS-2026/test/deterministic-prototyping-agenticCPS/src/HardwareIntegration/models/car.xml,passive-viewer,ok,11.066417209804058,0.8297916501760483,0.051958952099084854,321.0106249898672,0.05745794624090195,333.2089171744883,0.004833098500967026,2940,1652,
2026-06-22T13:58:16.481404,237,/Users/deekshaprahlad/Documents/TCRS-2026/test/deterministic-prototyping-agenticCPS/src/HardwareIntegration/models/car.xml,passive-viewer,ok,11.641791090369225,0.7370421662926674,0.05016708746552467,299.45437517017126,0.04937499761581421,312.0423750951886,0.0016670674085617065,2940,1652,
2026-06-22T13:58:17.015324,238,/Users/deekshaprahlad/Documents/TCRS-2026/test/deterministic-prototyping-agenticCPS/src/HardwareIntegration/models/car.xml,passive-viewer,ok,11.853584088385105,1.0304590687155724,0.08762488141655922,295.7051247358322,0.041041988879442215,308.9643749408424,0.0014998950064182281,2940,1652,
2026-06-22T13:58:17.568635,239,/Users/deekshaprahlad/Documents/TCRS-2026/test/deterministic-prototyping-agenticCPS/src/HardwareIntegration/models/car.xml,passive-viewer,ok,11.468791868537664,0.7940838113427162,0.05812523886561394,324.7752501629293,0.053540803492069244,337.32449961826205,0.004250090569257736,2940,1652,
2026-06-22T13:58:18.117205,240,/Users/deekshaprahlad/Documents/TCRS-2026/test/deterministic-prototyping-agenticCPS/src/HardwareIntegration/models/car.xml,passive-viewer,ok,11.294541880488396,0.8578752167522907,0.07208390161395073,313.72374994680285,0.05583278834819794,326.17320818826556,0.0018328428268432617,2940,1652,
2026-06-22T13:58:18.667685,241,/Users/deekshaprahlad/Documents/TCRS-2026/test/deterministic-prototyping-agenticCPS/src/HardwareIntegration/models/car.xml,passive-viewer,ok,11.109000071883202,0.7591252215206623,0.05312496796250343,308.76429192721844,0.04008319228887558,320.8633749745786,0.0013746321201324463,2940,1652,
2026-06-22T13:58:19.216994,242,/Users/deekshaprahlad/Documents/TCRS-2026/test/deterministic-prototyping-agenticCPS/src/HardwareIntegration/models/car.xml,passive-viewer,ok,11.096958070993423,0.737250316888094,0.0644591636955738,319.75462520495057,0.04479195922613144,331.8524998612702,0.0028330832719802856,2940,1652,
2026-06-22T13:58:19.788168,243,/Users/deekshaprahlad/Documents/TCRS-2026/test/deterministic-prototyping-agenticCPS/src/HardwareIntegration/models/car.xml,passive-viewer,ok,11.408499907702208,0.8019581437110901,0.05924981087446213,321.1927502416074,0.04758313298225403,333.6890419013798,0.001708976924419403,2940,1652,
2026-06-22T13:58:20.350684,244,/Users/deekshaprahlad/Documents/TCRS-2026/test/deterministic-prototyping-agenticCPS/src/HardwareIntegration/models/car.xml,passive-viewer,ok,11.04020792990923,0.7814159616827965,0.054582953453063965,324.1009581834078,0.03583356738090515,336.1617918126285,0.00162515789270401,2940,1652,
2026-06-22T13:58:20.900737,245,/Users/deekshaprahlad/Documents/TCRS-2026/test/deterministic-prototyping-agenticCPS/src/HardwareIntegration/models/car.xml,passive-viewer,ok,10.85512526333332,0.786416232585907,0.0538751482963562,315.6016250140965,0.04870910197496414,327.50991685315967,0.003500375896692276,2940,1652,
2026-06-22T13:58:21.402396,246,/Users/deekshaprahlad/Documents/TCRS-2026/test/deterministic-prototyping-agenticCPS/src/HardwareIntegration/models/car.xml,passive-viewer,ok,10.781916324049234,0.6819167174398899,0.049416907131671906,294.41424971446395,0.037082936614751816,306.05837516486645,0.0013746321201324463,2940,1652,
2026-06-22T13:58:21.936328,247,/Users/deekshaprahlad/Documents/TCRS-2026/test/deterministic-prototyping-agenticCPS/src/HardwareIntegration/models/car.xml,passive-viewer,ok,11.405374854803085,0.7295827381312847,0.06420770660042763,298.9664999768138,0.0399160198867321,311.41145806759596,0.011874828487634659,2940,1652,
2026-06-22T13:58:22.537699,248,/Users/deekshaprahlad/Documents/TCRS-2026/test/deterministic-prototyping-agenticCPS/src/HardwareIntegration/models/car.xml,passive-viewer,ok,11.895124800503254,0.8076252415776253,0.06279163062572479,337.1828752569854,0.10675005614757538,350.40587466210127,0.012292061001062393,2940,1652,
2026-06-22T13:58:23.146526,249,/Users/deekshaprahlad/Documents/TCRS-2026/test/deterministic-prototyping-agenticCPS/src/HardwareIntegration/models/car.xml,passive-viewer,ok,11.929125059396029,0.8738748729228973,0.0627501867711544,359.4094580039382,0.2482919953763485,372.8603748604655,0.004834029823541641,2940,1652,
2026-06-22T13:58:23.794012,250,/Users/deekshaprahlad/Documents/TCRS-2026/test/deterministic-prototyping-agenticCPS/src/HardwareIntegration/models/car.xml,passive-viewer,ok,12.411375064402819,16.78512478247285,0.15999982133507729,397.1739588305354,0.0554998405277729,427.0979999564588,0.004500150680541992,2940,1652,
2026-06-22T13:58:24.407184,251,/Users/deekshaprahlad/Documents/TCRS-2026/test/deterministic-prototyping-agenticCPS/src/HardwareIntegration/models/car.xml,passive-viewer,ok,13.746291864663363,1.0190000757575035,0.1109996810555458,352.30541694909334,0.04449998959898949,367.3939579166472,0.0017918646335601807,2940,1652,
2026-06-22T13:58:25.037644,252,/Users/deekshaprahlad/Documents/TCRS-2026/test/deterministic-prototyping-agenticCPS/src/HardwareIntegration/models/car.xml,passive-viewer,ok,17.593833152204752,1.0553332976996899,0.0765407457947731,340.1570422574878,0.04129204899072647,359.1223331168294,0.0017918646335601807,2940,1652,
2026-06-22T13:58:25.588507,253,/Users/deekshaprahlad/Documents/TCRS-2026/test/deterministic-prototyping-agenticCPS/src/HardwareIntegration/models/car.xml,passive-viewer,ok,11.257291305810213,0.8541247807443142,0.05720788612961769,314.005957916379,0.047083012759685516,326.368042267859,0.003291293978691101,2940,1652,
2026-06-22T13:58:26.125232,254,/Users/deekshaprahlad/Documents/TCRS-2026/test/deterministic-prototyping-agenticCPS/src/HardwareIntegration/models/car.xml,passive-viewer,ok,11.065499857068062,0.7801251485943794,0.051792245358228683,301.915583666414,0.053209252655506134,313.956958707422,0.0017909333109855652,2940,1652,
2026-06-22T13:58:26.674164,255,/Users/deekshaprahlad/Documents/TCRS-2026/test/deterministic-prototyping-agenticCPS/src/HardwareIntegration/models/car.xml,passive-viewer,ok,11.607833672314882,0.7748748175799847,0.062374863773584366,300.82450015470386,0.05862489342689514,313.4715831838548,0.0023329630494117737,2940,1652,
2026-06-22T13:58:27.237144,256,/Users/deekshaprahlad/Documents/TCRS-2026/test/deterministic-prototyping-agenticCPS/src/HardwareIntegration/models/car.xml,passive-viewer,ok,11.48074958473444,0.8745002560317516,0.05700020119547844,320.030374918133,0.04720780998468399,332.61479111388326,0.0032079406082630157,2940,1652,
2026-06-22T13:58:27.909351,257,/Users/deekshaprahlad/Documents/TCRS-2026/test/deterministic-prototyping-agenticCPS/src/HardwareIntegration/models/car.xml,passive-viewer,ok,12.1157499961555,0.9506247006356716,0.06737466901540756,379.7500003129244,0.05416572093963623,393.08550022542477,0.0014998950064182281,2940,1652,
2026-06-22T13:58:28.497330,258,/Users/deekshaprahlad/Documents/TCRS-2026/test/deterministic-prototyping-agenticCPS/src/HardwareIntegration/models/car.xml,passive-viewer,ok,13.413375243544579,0.8718748576939106,0.08062459528446198,323.40495800599456,0.07062498480081558,338.1457501091063,0.005541834980249405,2940,1652,
2026-06-22T13:58:29.040450,259,/Users/deekshaprahlad/Documents/TCRS-2026/test/deterministic-prototyping-agenticCPS/src/HardwareIntegration/models/car.xml,passive-viewer,ok,11.53595931828022,0.8311248384416103,0.0538751482963562,313.9372090809047,0.04179216921329498,326.5412081964314,0.0015408731997013092,2940,1652,
2026-06-22T13:58:29.641990,260,/Users/deekshaprahlad/Documents/TCRS-2026/test/deterministic-prototyping-agenticCPS/src/HardwareIntegration/models/car.xml,passive-viewer,ok,11.527999769896269,0.8539999835193157,0.06425008177757263,357.3467922396958,0.07079169154167175,370.19162485376,0.005499925464391708,2940,1652,
2026-06-22T13:58:30.210330,261,/Users/deekshaprahlad/Documents/TCRS-2026/test/deterministic-prototyping-agenticCPS/src/HardwareIntegration/models/car.xml,passive-viewer,ok,13.199208304286003,1.0164580307900906,0.06362516433000565,311.4129160530865,0.04412513226270676,325.90070832520723,0.0017080456018447876,2940,1652,
2026-06-22T13:58:30.752754,262,/Users/deekshaprahlad/Documents/TCRS-2026/test/deterministic-prototyping-agenticCPS/src/HardwareIntegration/models/car.xml,passive-viewer,ok,12.918666005134583,0.8485410362482071,0.07516704499721527,313.9243330806494,0.03912486135959625,327.95037515461445,0.001375097781419754,2940,1652,
2026-06-22T13:58:31.278332,263,/Users/deekshaprahlad/Documents/TCRS-2026/test/deterministic-prototyping-agenticCPS/src/HardwareIntegration/models/car.xml,passive-viewer,ok,10.949458926916122,0.8325423114001751,0.05745887756347656,314.58304077386856,0.04404224455356598,326.60841569304466,0.0018747523427009583,2940,1652,
2026-06-22T13:58:31.829757,264,/Users/deekshaprahlad/Documents/TCRS-2026/test/deterministic-prototyping-agenticCPS/src/HardwareIntegration/models/car.xml,passive-viewer,ok,10.958416853100061,0.9292503818869591,0.06454112008213997,313.3183750323951,0.06695790216326714,325.550917070359,0.011416152119636536,2940,1652,
2026-06-22T13:58:32.382520,265,/Users/deekshaprahlad/Documents/TCRS-2026/test/deterministic-prototyping-agenticCPS/src/HardwareIntegration/models/car.xml,passive-viewer,ok,13.502832967787981,1.0027089156210423,0.05904119461774826,304.07383292913437,0.06299978122115135,318.8718748278916,0.0021657906472682953,2940,1652,
2026-06-22T13:58:32.916154,266,/Users/deekshaprahlad/Documents/TCRS-2026/test/deterministic-prototyping-agenticCPS/src/HardwareIntegration/models/car.xml,passive-viewer,ok,11.21937483549118,0.8375002071261406,0.05908403545618057,302.8385420329869,0.04120776429772377,315.1396671310067,0.001375097781419754,2940,1652,
2026-06-22T13:58:33.469429,267,/Users/deekshaprahlad/Documents/TCRS-2026/test/deterministic-prototyping-agenticCPS/src/HardwareIntegration/models/car.xml,passive-viewer,ok,11.073624715209007,0.7759169675409794,0.06020907312631607,330.6060419417918,0.043999869376420975,342.69520873203874,0.002666376531124115,2940,1652,
2026-06-22T13:58:34.028156,268,/Users/deekshaprahlad/Documents/TCRS-2026/test/deterministic-prototyping-agenticCPS/src/HardwareIntegration/models/car.xml,passive-viewer,ok,11.432749684900045,0.7543750107288361,0.04920782521367073,322.72224966436625,0.05966564640402794,335.21525003015995,0.00970764085650444,2940,1652,
2026-06-22T13:58:34.232381,269,/Users/deekshaprahlad/Documents/TCRS-2026/test/deterministic-prototyping-agenticCPS/src/HardwareIntegration/models/car.xml,passive-viewer,error,85.69829212501645,0.9459159336984158,0.1188330352306366,-1.0,-1.0,86.97387529537082,-1.0,0,0,another MuJoCo viewer is already open
2026-06-22T13:58:34.679010,270,/Users/deekshaprahlad/Documents/TCRS-2026/test/deterministic-prototyping-agenticCPS/src/HardwareIntegration/models/car.xml,passive-viewer,ok,11.00745890289545,1.169291790574789,0.05966611206531525,329.0745001286268,0.04104059189558029,341.4702080190182,0.001708976924419403,2940,1652,
2026-06-22T13:58:35.229960,271,/Users/deekshaprahlad/Documents/TCRS-2026/test/deterministic-prototyping-agenticCPS/src/HardwareIntegration/models/car.xml,passive-viewer,ok,11.170374695211649,0.7122079841792583,0.061125028878450394,311.7843749932945,0.05516689270734787,323.96287517622113,0.0020829029381275177,2940,1652,
2026-06-22T13:58:35.442963,272,/Users/deekshaprahlad/Documents/TCRS-2026/test/deterministic-prototyping-agenticCPS/src/HardwareIntegration/models/car.xml,passive-viewer,error,92.73354196920991,0.7201670669019222,0.18458301201462746,-1.0,-1.0,93.83770823478699,-1.0,0,0,another MuJoCo viewer is already open
2026-06-22T13:58:35.882953,273,/Users/deekshaprahlad/Documents/TCRS-2026/test/deterministic-prototyping-agenticCPS/src/HardwareIntegration/models/car.xml,passive-viewer,ok,11.327916756272316,1.2923749163746834,0.055332668125629425,323.57579190284014,0.07070787250995636,336.4458750002086,0.010624993592500687,2940,1652,
2026-06-22T13:58:36.477634,274,/Users/deekshaprahlad/Documents/TCRS-2026/test/deterministic-prototyping-agenticCPS/src/HardwareIntegration/models/car.xml,passive-viewer,ok,15.601249877363443,0.7620831020176411,0.06245821714401245,328.42108281329274,0.052208080887794495,345.1473326422274,0.0020833685994148254,2940,1652,
2026-06-22T13:58:36.694243,275,/Users/deekshaprahlad/Documents/TCRS-2026/test/deterministic-prototyping-agenticCPS/src/HardwareIntegration/models/car.xml,passive-viewer,error,93.56520790606737,0.7637920789420605,0.18795812502503395,-1.0,-1.0,94.7515838779509,-1.0,0,0,another MuJoCo viewer is already open
2026-06-22T13:58:37.132925,276,/Users/deekshaprahlad/Documents/TCRS-2026/test/deterministic-prototyping-agenticCPS/src/HardwareIntegration/models/car.xml,passive-viewer,ok,11.488417163491249,1.2701251544058323,0.05312543362379074,323.47808312624693,0.04945788532495499,336.456208024174,0.00400003045797348,2940,1652,
2026-06-22T13:58:37.340893,277,/Users/deekshaprahlad/Documents/TCRS-2026/test/deterministic-prototyping-agenticCPS/src/HardwareIntegration/models/car.xml,passive-viewer,error,25.99558373913169,0.895707868039608,78.24887474998832,-1.0,-1.0,105.37962522357702,-1.0,0,0,another MuJoCo viewer is already open
2026-06-22T13:58:37.779395,278,/Users/deekshaprahlad/Documents/TCRS-2026/test/deterministic-prototyping-agenticCPS/src/HardwareIntegration/models/car.xml,passive-viewer,ok,11.456833221018314,1.3285838067531586,0.06733275949954987,320.4015828669071,0.037999823689460754,333.3892500959337,0.0015827827155590057,2940,1652,
2026-06-22T13:58:38.331964,279,/Users/deekshaprahlad/Documents/TCRS-2026/test/deterministic-prototyping-agenticCPS/src/HardwareIntegration/models/car.xml,passive-viewer,ok,11.625166982412338,0.7544159889221191,0.06854208186268806,319.18354192748666,0.04179216921329498,331.85820793733,0.0014579854905605316,2940,1652,
2026-06-22T13:58:38.853898,280,/Users/deekshaprahlad/Documents/TCRS-2026/test/deterministic-prototyping-agenticCPS/src/HardwareIntegration/models/car.xml,passive-viewer,ok,11.170375160872936,0.7997499778866768,0.05733408033847809,290.5269577167928,0.04558311775326729,302.79091699048877,0.004332978278398514,2940,1652,
2026-06-22T13:58:39.382277,281,/Users/deekshaprahlad/Documents/TCRS-2026/test/deterministic-prototyping-agenticCPS/src/HardwareIntegration/models/car.xml,passive-viewer,ok,11.16379164159298,0.8907080627977848,0.06262492388486862,306.82108318433166,0.0432915985584259,319.1402079537511,0.001666136085987091,2940,1652,
2026-06-22T13:58:39.921205,282,/Users/deekshaprahlad/Documents/TCRS-2026/test/deterministic-prototyping-agenticCPS/src/HardwareIntegration/models/car.xml,passive-viewer,ok,11.402624659240246,0.8557499386370182,0.08099991828203201,306.9483330473304,0.03854231908917427,319.4945831783116,0.001458916813135147,2940,1652,
2026-06-22T13:58:40.485124,283,/Users/deekshaprahlad/Documents/TCRS-2026/test/deterministic-prototyping-agenticCPS/src/HardwareIntegration/models/car.xml,passive-viewer,ok,11.985958088189363,0.8286670781672001,0.06233295425772667,312.3914999887347,0.04720780998468399,325.5358338356018,0.003416091203689575,2940,1652,
2026-06-22T13:58:41.034496,284,/Users/deekshaprahlad/Documents/TCRS-2026/test/deterministic-prototyping-agenticCPS/src/HardwareIntegration/models/car.xml,passive-viewer,ok,11.214041151106358,0.8761659264564514,0.056208111345767975,313.63304192200303,0.051042065024375916,325.9865832515061,0.00200001522898674,2940,1652,
2026-06-22T13:58:41.571645,285,/Users/deekshaprahlad/Documents/TCRS-2026/test/deterministic-prototyping-agenticCPS/src/HardwareIntegration/models/car.xml,passive-viewer,ok,11.646500322967768,0.7690833881497383,0.06025005131959915,303.48462518304586,0.0400422140955925,316.16250006482005,0.0014579854905605316,2940,1652,
2026-06-22T13:58:42.103321,286,/Users/deekshaprahlad/Documents/TCRS-2026/test/deterministic-prototyping-agenticCPS/src/HardwareIntegration/models/car.xml,passive-viewer,ok,11.24870777130127,0.8383751846849918,0.052374787628650665,301.21250031515956,0.04083290696144104,313.53295827284455,0.0014998950064182281,2940,1652,
2026-06-22T13:58:42.639977,287,/Users/deekshaprahlad/Documents/TCRS-2026/test/deterministic-prototyping-agenticCPS/src/HardwareIntegration/models/car.xml,passive-viewer,ok,11.098208371549845,0.8890829049050808,0.05412474274635315,302.00754199177027,0.04712492227554321,314.23004204407334,0.003416091203689575,2940,1652,
2026-06-22T13:58:43.174608,288,/Users/deekshaprahlad/Documents/TCRS-2026/test/deterministic-prototyping-agenticCPS/src/HardwareIntegration/models/car.xml,passive-viewer,ok,11.196875013411045,0.8609998039901257,0.05350029096007347,303.3567080274224,0.03745872527360916,315.6463750638068,0.0015827827155590057,2940,1652,
2026-06-22T13:58:43.703860,289,/Users/deekshaprahlad/Documents/TCRS-2026/test/deterministic-prototyping-agenticCPS/src/HardwareIntegration/models/car.xml,passive-viewer,ok,11.104791890829802,0.7499167695641518,0.05849963054060936,302.3742497898638,0.04558311775326729,314.4986662082374,0.0015422701835632324,2940,1652,
2026-06-22T13:58:44.287368,290,/Users/deekshaprahlad/Documents/TCRS-2026/test/deterministic-prototyping-agenticCPS/src/HardwareIntegration/models/car.xml,passive-viewer,ok,15.597957652062178,1.0532909072935581,0.06487499922513962,319.16650012135506,0.05099968984723091,336.13195922225714,0.003458932042121887,2940,1652,
2026-06-22T13:58:44.485630,291,/Users/deekshaprahlad/Documents/TCRS-2026/test/deterministic-prototyping-agenticCPS/src/HardwareIntegration/models/car.xml,passive-viewer,error,85.85887495428324,0.7819999009370804,0.11299969628453255,-1.0,-1.0,86.95554081350565,-1.0,0,0,another MuJoCo viewer is already open
2026-06-22T13:58:44.915052,292,/Users/deekshaprahlad/Documents/TCRS-2026/test/deterministic-prototyping-agenticCPS/src/HardwareIntegration/models/car.xml,passive-viewer,ok,11.51304179802537,1.2163748033344746,0.06291735917329788,311.64333410561085,0.05087489262223244,324.60866682231426,0.0016246922314167023,2940,1652,
2026-06-22T13:58:45.140439,293,/Users/deekshaprahlad/Documents/TCRS-2026/test/deterministic-prototyping-agenticCPS/src/HardwareIntegration/models/car.xml,passive-viewer,error,36.277417093515396,0.8205422200262547,82.71720912307501,-1.0,-1.0,120.16362510621548,-1.0,0,0,another MuJoCo viewer is already open
2026-06-22T13:58:45.572853,294,/Users/deekshaprahlad/Documents/TCRS-2026/test/deterministic-prototyping-agenticCPS/src/HardwareIntegration/models/car.xml,passive-viewer,ok,11.217208113521338,1.4108330942690372,0.0588749535381794,318.035583011806,0.04229182377457619,330.8773748576641,0.0013331882655620575,2940,1652,
2026-06-22T13:58:46.122457,295,/Users/deekshaprahlad/Documents/TCRS-2026/test/deterministic-prototyping-agenticCPS/src/HardwareIntegration/models/car.xml,passive-viewer,ok,10.919957887381315,0.687750056385994,0.05504069849848747,311.0080002807081,0.0638333149254322,322.8852921165526,0.014459248632192612,2940,1652,
2026-06-22T13:58:46.689185,296,/Users/deekshaprahlad/Documents/TCRS-2026/test/deterministic-prototyping-agenticCPS/src/HardwareIntegration/models/car.xml,passive-viewer,ok,11.734332889318466,0.7943748496472836,0.05829194560647011,317.9599582217634,0.041624996811151505,330.762124620378,0.0015422701835632324,2940,1652,
2026-06-22T13:58:47.238601,297,/Users/deekshaprahlad/Documents/TCRS-2026/test/deterministic-prototyping-agenticCPS/src/HardwareIntegration/models/car.xml,passive-viewer,ok,11.156291700899601,0.7362919859588146,0.05508307367563248,305.4062910377979,0.07004197686910629,317.61691626161337,0.0017080456018447876,2940,1652,
2026-06-22T13:58:47.790887,298,/Users/deekshaprahlad/Documents/TCRS-2026/test/deterministic-prototyping-agenticCPS/src/HardwareIntegration/models/car.xml,passive-viewer,ok,11.35412510484457,0.8225827477872372,0.05254102870821953,309.30595798417926,0.04437519237399101,321.7235831543803,0.0033332034945487976,2940,1652,
2026-06-22T13:58:48.363805,299,/Users/deekshaprahlad/Documents/TCRS-2026/test/deterministic-prototyping-agenticCPS/src/HardwareIntegration/models/car.xml,passive-viewer,ok,11.62245823070407,0.8762083016335964,0.056791119277477264,330.0746250897646,0.0467090867459774,342.84208295866847,0.0017504207789897919,2940,1652,
