timestamp,model,run,input_index,model_load_ms,first_inference_after_model_load_ms,total_wall_ms,ollama_total_ms,prompt_eval_ms,eval_ms,status,error
2026-07-31T05:10:59.457099,llama3.1:8b,1,0,4712.401646,157.0596559470123,4869.4613019470125,4866.960934,118.385,29.907,ok,
2026-07-31T05:11:03.688094,llama3.1:8b,2,1,4069.993563,160.6252889578427,4230.618851957843,4228.856435,121.01,29.7,ok,
2026-07-31T05:11:07.929588,llama3.1:8b,3,2,4085.329076,155.82879101440813,4241.157867014408,4239.186118,118.042,29.638,ok,
2026-07-31T05:11:12.151075,llama3.1:8b,4,3,4059.595319,161.53145590804343,4221.126774908043,4219.001329,119.151,30.554,ok,
2026-07-31T05:11:16.393863,llama3.1:8b,5,4,4083.884649,158.55935295311747,4242.444001953118,4240.696215,119.705,29.724,ok,
2026-07-31T05:11:20.628287,llama3.1:8b,6,5,4073.099604,160.97007795922673,4234.069681959227,4231.965339,121.496,29.755,ok,
2026-07-31T05:11:24.913047,llama3.1:8b,7,6,4124.94351,159.4806149840706,4284.424124984071,4282.54662,121.181,29.933,ok,
2026-07-31T05:11:29.147468,llama3.1:8b,8,7,4074.659593,159.43025605108824,4234.089849051088,4232.047249,121.369,29.862,ok,
2026-07-31T05:11:33.392742,llama3.1:8b,9,8,4084.516275,160.390857931985,4244.907132931985,4242.753157,120.626,29.848,ok,
2026-07-31T05:11:37.618529,llama3.1:8b,10,9,4064.270121,161.18408196955852,4225.4542029695585,4223.346712,120.399,29.714,ok,
2026-07-31T05:11:41.868002,llama3.1:8b,11,10,4091.309638,157.8072200017982,4249.116858001798,4247.256887,117.814,29.734,ok,
2026-07-31T05:11:46.090416,llama3.1:8b,12,11,4062.676449,159.3963650091523,4222.072814009152,4220.145911,119.732,29.785,ok,
2026-07-31T05:11:50.373963,llama3.1:8b,13,12,4123.096561,160.06934997973258,4283.165910979733,4281.413807,119.883,29.762,ok,
2026-07-31T05:11:54.599618,llama3.1:8b,14,13,4065.07922,160.2536269814732,4225.332846981473,4223.407098,120.031,29.713,ok,
2026-07-31T05:11:58.839319,llama3.1:8b,15,14,4080.790468,158.54248302324322,4239.332951023243,4237.334142,121.301,29.794,ok,
2026-07-31T05:12:03.102776,llama3.1:8b,16,15,4101.325586,161.798038958098,4263.123624958098,4257.167759,118.978,29.929,ok,
2026-07-31T05:12:07.352721,llama3.1:8b,17,16,4089.7163,159.98970393135096,4249.706003931351,4248.085748,120.69,29.639,ok,
2026-07-31T05:12:11.603243,llama3.1:8b,18,17,4086.155025,163.753320984295,4249.908345984295,4247.853613,124.57,29.892,ok,
2026-07-31T05:12:15.836735,llama3.1:8b,19,18,4070.702287,162.45517695383023,4233.15746395383,4231.180344,122.415,29.873,ok,
2026-07-31T05:12:20.097849,llama3.1:8b,20,19,4098.06707,162.66624502266222,4260.733315022662,4258.780472,122.422,29.733,ok,
2026-07-31T05:12:24.332024,llama3.1:8b,21,20,4074.380098,159.46215300744507,4233.842251007445,4231.741975,119.659,29.9,ok,
2026-07-31T05:12:28.560757,llama3.1:8b,22,21,4066.458558,161.92220497193784,4228.380762971938,4226.220828,121.29,29.75,ok,
2026-07-31T05:12:32.791317,llama3.1:8b,23,22,4070.932588,159.29109796866715,4230.223685968667,4228.141703,120.118,29.855,ok,
2026-07-31T05:12:37.029077,llama3.1:8b,24,23,4075.989017,161.4378990209225,4237.426916020922,4235.391629,120.945,29.883,ok,
2026-07-31T05:12:41.295026,llama3.1:8b,25,24,4105.645908,159.97221197089493,4265.618119970895,4263.705255,120.174,29.699,ok,
2026-07-31T05:12:45.531924,llama3.1:8b,26,25,4077.159387,159.4048599376324,4236.564246937633,4234.545818,120.856,29.855,ok,
2026-07-31T05:12:49.778956,llama3.1:8b,27,26,4085.439315,161.25980992390714,4246.699124923907,4244.596941,121.337,29.801,ok,
2026-07-31T05:12:54.008229,llama3.1:8b,28,27,4062.606009,166.3345429841238,4228.940551984124,4227.080496,122.165,34.158,ok,
2026-07-31T05:12:58.246805,llama3.1:8b,29,28,4078.389441,159.8285220221801,4238.21796302218,4236.139857,120.296,29.718,ok,
2026-07-31T05:13:02.488060,llama3.1:8b,30,29,4082.101541,158.79397395853812,4240.895514958538,4238.728029,120.813,29.789,ok,
2026-07-31T05:13:06.749973,llama3.1:8b,31,30,4077.044493,184.48323389238203,4261.527726892382,4259.653041,120.355,54.167,ok,
2026-07-31T05:13:11.018454,llama3.1:8b,32,31,4108.951222,159.20854898885955,4268.159770988859,4266.082738,119.707,29.71,ok,
2026-07-31T05:13:15.266247,llama3.1:8b,33,32,4087.485958,159.93063804478606,4247.416596044786,4245.395362,119.704,29.842,ok,
2026-07-31T05:13:19.508521,llama3.1:8b,34,33,4082.136442,159.80515100532193,4241.941593005322,4240.16085,119.992,29.675,ok,
2026-07-31T05:13:23.748745,llama3.1:8b,35,34,4079.226692,160.64927305321544,4239.875965053216,4237.976731,120.746,29.853,ok,
2026-07-31T05:13:27.998861,llama3.1:8b,36,35,4089.733049,160.0502939370076,4249.783342937008,4247.75584,120.29,29.788,ok,
2026-07-31T05:13:32.229742,llama3.1:8b,37,36,4067.877353,162.66892401640143,4230.546277016401,4225.655007,119.412,29.712,ok,
2026-07-31T05:13:36.440812,llama3.1:8b,38,37,4052.176044,158.7192020112052,4210.895246011205,4209.423975,120.458,29.795,ok,
2026-07-31T05:13:40.652789,llama3.1:8b,39,38,4051.541721,160.10499499399293,4211.646715993993,4209.73589,121.488,29.746,ok,
2026-07-31T05:13:44.878258,llama3.1:8b,40,39,4062.182396,162.9530749733276,4225.135470973328,4223.190588,122.494,29.766,ok,
2026-07-31T05:13:49.108764,llama3.1:8b,41,40,4068.672462,161.224439990287,4229.896901990287,4228.151785,121.874,29.865,ok,
2026-07-31T05:13:53.350800,llama3.1:8b,42,41,4083.954143,157.7157119641297,4241.66985496413,4239.633604,118.069,29.854,ok,
2026-07-31T05:13:57.592265,llama3.1:8b,43,42,4080.457962,160.67259700670593,4241.130559006706,4239.105389,121.503,29.816,ok,
2026-07-31T05:14:01.847763,llama3.1:8b,44,43,4071.428675,183.73224299363483,4255.160917993635,4253.237069,119.804,53.798,ok,
2026-07-31T05:14:06.071322,llama3.1:8b,45,44,4061.053053,162.1726059923053,4223.225658992305,4220.981496,121.798,29.824,ok,
2026-07-31T05:14:10.287222,llama3.1:8b,46,45,4055.832825,159.72749890799378,4215.560323907994,4213.60383,120.443,29.856,ok,
2026-07-31T05:14:14.527456,llama3.1:8b,47,46,4082.53502,157.3649699160119,4239.899989916012,4237.832328,118.968,29.787,ok,
2026-07-31T05:14:18.755522,llama3.1:8b,48,47,4070.259564,157.4490730158941,4227.708637015894,4226.0457,120.113,29.682,ok,
2026-07-31T05:14:22.991662,llama3.1:8b,49,48,4067.422325,159.16967592311948,4226.5920009231195,4224.602992,119.824,29.658,ok,
2026-07-31T05:14:27.263491,llama3.1:8b,50,49,4109.677775,161.7636590443908,4271.441434044391,4269.518028,122.538,29.785,ok,
2026-07-31T05:14:31.514343,llama3.1:8b,51,50,4063.530831,186.9269199826049,4250.457750982605,4248.407655,121.747,54.595,ok,
2026-07-31T05:14:35.735994,llama3.1:8b,52,51,4059.022634,162.294859938841,4221.317493938841,4219.396938,122.328,29.551,ok,
2026-07-31T05:14:39.997963,llama3.1:8b,53,52,4078.659361,182.97451105451728,4261.633872054517,4259.779695,118.735,54.865,ok,
2026-07-31T05:14:44.240866,llama3.1:8b,54,53,4082.026018,160.54594197051892,4242.571959970519,4240.480875,120.579,30.617,ok,
2026-07-31T05:14:48.494191,llama3.1:8b,55,54,4070.370522,182.63417503506662,4253.004697035067,4251.130416,120.875,53.686,ok,
2026-07-31T05:14:52.746254,llama3.1:8b,56,55,4091.860276,159.86895800532466,4251.7292340053245,4249.811137,121.095,29.698,ok,
2026-07-31T05:14:56.988768,llama3.1:8b,57,56,4082.534468,159.65649302751808,4242.190961027518,4239.999296,121.239,29.752,ok,
2026-07-31T05:15:01.256865,llama3.1:8b,58,57,4082.202345,185.52179997099802,4267.724144970998,4265.842095,121.191,54.2,ok,
2026-07-31T05:15:05.485099,llama3.1:8b,59,58,4066.274809,161.466491011985,4227.741300011985,4225.620334,120.663,29.731,ok,
2026-07-31T05:15:09.722648,llama3.1:8b,60,59,4077.967982,159.24510293986714,4237.213084939867,4235.212466,119.537,29.872,ok,
2026-07-31T05:15:13.947792,llama3.1:8b,61,60,4042.715069,182.0639579320832,4224.779026932083,4222.72601,120.647,53.77,ok,
2026-07-31T05:15:18.210113,llama3.1:8b,62,61,4077.305481,184.68408305278308,4261.989564052783,4260.033825,122.481,53.864,ok,
2026-07-31T05:15:22.438648,llama3.1:8b,63,62,4064.797639,163.40188999590146,4228.199528995901,4226.24252,122.947,29.758,ok,
2026-07-31T05:15:26.717754,llama3.1:8b,64,63,4092.048565,186.40574002202356,4278.454305022024,4276.615682,121.616,53.831,ok,
2026-07-31T05:15:30.943223,llama3.1:8b,65,64,4066.926493,158.21577907284427,4225.142272072844,4223.616401,120.417,29.766,ok,
2026-07-31T05:15:35.162135,llama3.1:8b,66,65,4056.739159,161.8099529744254,4218.549111974426,4216.469551,121.447,29.683,ok,
2026-07-31T05:15:39.402033,llama3.1:8b,67,66,4078.819213,160.7535469505333,4239.5727599505335,4237.467683,121.566,30.339,ok,
2026-07-31T05:15:43.647942,llama3.1:8b,68,67,4081.727913,160.21679097196693,4241.944703971967,4240.445196,121.121,29.829,ok,
2026-07-31T05:15:47.879829,llama3.1:8b,69,68,4069.754418,161.8037019945882,4231.558119994588,4229.515561,121.199,29.585,ok,
2026-07-31T05:15:52.127262,llama3.1:8b,70,69,4084.586417,162.5164610564666,4247.102878056467,4245.233933,121.971,30.589,ok,
2026-07-31T05:15:56.355435,llama3.1:8b,71,70,4070.122467,157.72032493729148,4227.842791937292,4226.09806,118.171,29.708,ok,
2026-07-31T05:16:00.586303,llama3.1:8b,72,71,4071.57185,158.94496194920112,4230.516811949201,4228.532606,121.149,29.631,ok,
2026-07-31T05:16:04.840479,llama3.1:8b,73,72,4091.426144,162.4217969413412,4253.847940941341,4251.968698,120.565,30.936,ok,
2026-07-31T05:16:09.072990,llama3.1:8b,74,73,4073.371373,158.6398249497597,4232.01119794976,4230.095576,118.684,29.729,ok,
2026-07-31T05:16:13.284839,llama3.1:8b,75,74,4049.993011,161.52685396988682,4211.519864969887,4209.821261,122.096,29.693,ok,
2026-07-31T05:16:17.541869,llama3.1:8b,76,75,4095.018121,161.67703300659286,4256.695154006593,4254.591908,120.565,29.623,ok,
2026-07-31T05:16:21.783485,llama3.1:8b,77,76,4082.850133,158.42624190164497,4241.276374901645,4239.22074,119.372,30.863,ok,
2026-07-31T05:16:26.030343,llama3.1:8b,78,77,4084.704606,161.78975601434604,4246.494362014346,4244.678916,120.454,30.928,ok,
2026-07-31T05:16:30.264764,llama3.1:8b,79,78,4070.375779,163.7105700244374,4234.086349024437,4232.272139,121.761,30.994,ok,
2026-07-31T05:16:34.503221,llama3.1:8b,80,79,4075.532726,162.59418801690254,4238.126914016902,4236.131204,121.847,30.655,ok,
2026-07-31T05:16:38.706914,llama3.1:8b,81,80,4040.226248,163.13768606614667,4203.363934066147,4201.564689,122.656,30.937,ok,
2026-07-31T05:16:42.934844,llama3.1:8b,82,81,4067.59601,159.98628600731263,4227.582296007313,4225.671406,120.185,29.639,ok,
2026-07-31T05:16:47.181599,llama3.1:8b,83,82,4089.704598,156.7154060558355,4246.420004055835,4244.794368,117.879,29.761,ok,
2026-07-31T05:16:51.413768,llama3.1:8b,84,83,4068.849206,162.9540320426304,4231.80323804263,4227.19871,120.075,29.752,ok,
2026-07-31T05:16:55.663247,llama3.1:8b,85,84,4088.37898,160.8982489551795,4249.277228955179,4247.757373,121.369,30.852,ok,
2026-07-31T05:16:59.904355,llama3.1:8b,86,85,4079.653128,161.09009802245964,4240.74322602246,4238.760608,121.292,29.65,ok,
2026-07-31T05:17:04.138895,llama3.1:8b,87,86,4075.911223,158.25689207195228,4234.168115071952,4232.249613,119.531,29.737,ok,
2026-07-31T05:17:08.371441,llama3.1:8b,88,87,4068.691992,163.489364055662,4232.181356055662,4230.472493,123.546,29.576,ok,
2026-07-31T05:17:12.616661,llama3.1:8b,89,88,4081.913937,162.91910002436407,4244.833037024364,4242.874898,122.617,31.307,ok,
2026-07-31T05:17:16.839578,llama3.1:8b,90,89,4061.597064,160.9459899110675,4222.543053911068,4220.836113,122.089,29.688,ok,
2026-07-31T05:17:21.084320,llama3.1:8b,91,90,4080.857407,163.52853698088757,4244.3859439808875,4242.349365,122.395,30.336,ok,
2026-07-31T05:17:25.317958,llama3.1:8b,92,91,4069.155067,164.1513469820634,4233.3064139820635,4231.392407,122.355,30.942,ok,
2026-07-31T05:17:29.535008,llama3.1:8b,93,92,4055.946579,160.76275703309102,4216.709336033091,4214.881787,120.754,29.627,ok,
2026-07-31T05:17:33.771085,llama3.1:8b,94,93,4073.716596,162.0316950156248,4235.748291015625,4233.709357,122.732,29.616,ok,
2026-07-31T05:17:38.029326,llama3.1:8b,95,94,4093.173968,164.7334019889704,4257.9073699889705,4255.866277,123.055,30.643,ok,
2026-07-31T05:17:42.355728,llama3.1:8b,96,95,4165.518141,160.55586899404534,4326.074009994045,4324.508815,120.959,29.544,ok,
2026-07-31T05:17:46.568431,llama3.1:8b,97,96,4054.242585,158.31617996434215,4212.558764964342,4210.933534,119.245,29.717,ok,
2026-07-31T05:17:50.807666,llama3.1:8b,98,97,4077.950391,160.92792897126355,4238.878319971263,4237.012414,120.707,30.829,ok,
2026-07-31T05:17:55.045710,llama3.1:8b,99,98,4076.915909,160.78194901414417,4237.697858014144,4235.856891,121.4,29.696,ok,
2026-07-31T05:17:59.274224,llama3.1:8b,100,99,4064.641876,163.56288295423428,4228.204758954234,4226.391562,122.023,30.933,ok,
2026-07-31T05:18:03.481964,llama3.1:8b,101,100,4045.529169,161.87982892872378,4207.408997928724,4205.579632,121.898,31.503,ok,
2026-07-31T05:18:07.740752,llama3.1:8b,102,101,4096.386361,162.08972205048212,4258.476083050482,4256.540281,120.743,31.386,ok,
2026-07-31T05:18:11.968736,llama3.1:8b,103,102,4067.592165,160.05659204888252,4227.6487570488825,4225.773926,120.075,29.734,ok,
2026-07-31T05:18:16.201279,llama3.1:8b,104,103,4074.614402,157.5943350557709,4232.208737055771,4230.631328,119.388,29.76,ok,
2026-07-31T05:18:20.439237,llama3.1:8b,105,104,4074.507357,163.1180480759599,4237.62540507596,4235.892457,123.135,29.952,ok,
2026-07-31T05:18:24.708217,llama3.1:8b,106,105,4110.076234,158.57378600704396,4268.650020007044,4266.731271,119.728,30.098,ok,
2026-07-31T05:18:28.947136,llama3.1:8b,107,106,4080.075028,158.51873101520232,4238.5937590152025,4236.830445,119.259,29.668,ok,
2026-07-31T05:18:33.188021,llama3.1:8b,108,107,4079.269636,161.23961489977683,4240.509250899777,4238.823825,120.937,29.674,ok,
2026-07-31T05:18:37.412846,llama3.1:8b,109,108,4065.179278,159.3217540330038,4224.501032033004,4222.998814,120.291,29.861,ok,
2026-07-31T05:18:41.662262,llama3.1:8b,110,109,4089.180227,159.90270198908274,4249.082928989083,4247.158031,120.884,30.163,ok,
2026-07-31T05:18:45.904277,llama3.1:8b,111,110,4080.701176,160.97889499069652,4241.680070990697,4239.79246,122.989,30.804,ok,
2026-07-31T05:18:50.128595,llama3.1:8b,112,111,4064.316183,159.6679229781612,4223.984105978161,4222.372635,120.925,29.794,ok,
2026-07-31T05:18:54.368264,llama3.1:8b,113,112,4077.09514,162.22442302840273,4239.319563028403,4237.73997,120.847,31.053,ok,
2026-07-31T05:18:58.599408,llama3.1:8b,114,113,4069.20807,161.60775598388182,4230.815825983882,4228.752624,121.467,29.695,ok,
2026-07-31T05:19:02.844925,llama3.1:8b,115,114,4084.511299,160.56700100948183,4245.078300009482,4243.187706,120.903,30.917,ok,
2026-07-31T05:19:07.072747,llama3.1:8b,116,115,4065.726725,161.75546104829164,4227.482186048292,4225.711216,121.585,29.622,ok,
2026-07-31T05:19:11.309382,llama3.1:8b,117,116,4076.029364,160.27006299335517,4236.299426993355,4234.328813,121.421,29.764,ok,
2026-07-31T05:19:15.534399,llama3.1:8b,118,117,4061.408777,163.25235997737445,4224.661136977375,4222.710554,124.331,29.685,ok,
2026-07-31T05:19:19.759051,llama3.1:8b,119,118,4064.421724,159.87905097847397,4224.300774978474,4222.28892,121.231,30.563,ok,
2026-07-31T05:19:24.029070,llama3.1:8b,120,119,4107.380683,162.30957694185327,4269.690259941854,4268.26078,121.583,30.603,ok,
2026-07-31T05:19:28.261366,llama3.1:8b,121,120,4072.984228,159.08285803538593,4232.067086035386,4230.37178,120.341,30.481,ok,
2026-07-31T05:19:32.513508,llama3.1:8b,122,121,4093.034682,158.7620180603676,4251.796700060368,4249.936099,119.686,29.741,ok,
2026-07-31T05:19:36.742037,llama3.1:8b,123,122,4070.001835,158.16919599077937,4228.171030990779,4226.133417,119.962,29.789,ok,
2026-07-31T05:19:41.020929,llama3.1:8b,124,123,4117.425462,161.13057301666322,4278.556035016663,4276.657967,120.472,31.059,ok,
2026-07-31T05:19:45.258452,llama3.1:8b,125,124,4074.675302,162.49103299134322,4237.166334991343,4235.365411,121.481,30.861,ok,
2026-07-31T05:19:49.507895,llama3.1:8b,126,125,4086.928125,162.13294200655082,4249.061067006551,4246.973469,122.168,30.588,ok,
2026-07-31T05:19:53.748992,llama3.1:8b,127,126,4077.666503,163.10040096759667,4240.766903967597,4238.848523,121.986,30.862,ok,
2026-07-31T05:19:58.019789,llama3.1:8b,128,127,4095.501814,174.91837897368805,4270.420192973688,4268.191207,132.805,31.084,ok,
2026-07-31T05:20:02.295512,llama3.1:8b,129,128,4113.267805,162.1245230397426,4275.392328039743,4273.36002,121.171,29.79,ok,
2026-07-31T05:20:06.557046,llama3.1:8b,130,129,4101.610764,159.55721300524328,4261.167977005243,4259.074643,119.835,29.755,ok,
2026-07-31T05:20:10.792605,llama3.1:8b,131,130,4075.631433,159.57839209944586,4235.209825099446,4233.457428,121.26,30.48,ok,
2026-07-31T05:20:15.004372,llama3.1:8b,132,131,4050.971779,160.45999100340077,4211.431770003401,4209.631562,120.91,29.972,ok,
2026-07-31T05:20:19.252312,llama3.1:8b,133,132,4075.606364,171.99096997513607,4247.597333975136,4244.272045,122.007,40.653,ok,
2026-07-31T05:20:23.502873,llama3.1:8b,134,133,4081.39835,160.10987695810354,4241.5082269581035,4239.753276,121.899,29.76,ok,
2026-07-31T05:20:27.768245,llama3.1:8b,135,134,4093.708577,171.33213997127086,4265.040716971271,4263.078187,121.754,41.084,ok,
2026-07-31T05:20:32.040291,llama3.1:8b,136,135,4111.697386,160.01516500984144,4271.712551009841,4269.70903,120.503,29.744,ok,
2026-07-31T05:20:36.329993,llama3.1:8b,137,136,4081.570791,207.75803105117484,4289.328822051175,4287.280349,119.613,79.234,ok,
2026-07-31T05:20:40.611050,llama3.1:8b,138,137,4074.354555,206.3468560730962,4280.701411073096,4278.720925,118.736,79.9,ok,
2026-07-31T05:20:44.895871,llama3.1:8b,139,138,4075.033767,209.46162499937145,4284.495391999371,4282.631267,120.99,77.935,ok,
2026-07-31T05:20:49.173475,llama3.1:8b,140,139,4071.537245,205.73774103053393,4277.274986030534,4275.06389,118.787,79.144,ok,
2026-07-31T05:20:53.450267,llama3.1:8b,141,140,4064.260397,212.18925399170803,4276.449650991708,4274.37312,122.57,78.952,ok,
2026-07-31T05:20:57.733181,llama3.1:8b,142,141,4072.856952,209.7321289763222,4282.589080976322,4280.686066,121.699,79.02,ok,
2026-07-31T05:21:02.062413,llama3.1:8b,143,142,4122.054682,206.85086503772072,4328.905547037721,4327.085636,120.847,78.416,ok,
2026-07-31T05:21:06.358759,llama3.1:8b,144,143,4088.604945,207.38408504080053,4295.989030040801,4294.094198,121.188,77.944,ok,
2026-07-31T05:21:10.599102,llama3.1:8b,145,0,4079.998288,160.02137698326533,4240.019664983265,4238.294872,121.967,29.802,ok,
2026-07-31T05:21:14.917709,llama3.1:8b,146,1,4158.220751,160.01611305550705,4318.236864055507,4316.374392,122.213,29.817,ok,
2026-07-31T05:21:19.313132,llama3.1:8b,147,2,4235.207729,159.85990506097914,4395.067634060979,4393.31436,121.599,30.422,ok,
2026-07-31T05:21:23.704715,llama3.1:8b,148,3,4223.8795,167.37220791521668,4391.251707915217,4389.460855,129.002999,30.498,ok,
2026-07-31T05:21:28.141911,llama3.1:8b,149,4,4276.006083,160.86363303892722,4436.869716038927,4435.06257,122.565,30.933,ok,
2026-07-31T05:21:32.558458,llama3.1:8b,150,5,4250.368628,165.851043955332,4416.219671955332,4414.158661,124.412,30.537,ok,
2026-07-31T05:21:37.008349,llama3.1:8b,151,6,4285.152798,164.29478901603852,4449.447587016039,4447.743585,125.178,30.943,ok,
2026-07-31T05:21:41.433395,llama3.1:8b,152,7,4265.633807,159.25404399703802,4424.887850997038,4423.225954,121.163,30.648,ok,
2026-07-31T05:21:45.868747,llama3.1:8b,153,8,4271.298789,163.67630399777408,4434.9750929977745,4432.929222,123.709,30.596,ok,
2026-07-31T05:21:50.299751,llama3.1:8b,154,9,4266.289083,164.38624501069353,4430.675328010693,4428.916844,123.379,31.037,ok,
2026-07-31T05:21:54.724436,llama3.1:8b,155,10,4262.524955,161.83124305473848,4424.356198054738,4422.32983,122.36,30.548,ok,
2026-07-31T05:21:59.141174,llama3.1:8b,156,11,4254.30796,162.06868998415848,4416.376649984159,4414.31358,122.188,30.479,ok,
2026-07-31T05:22:03.610128,llama3.1:8b,157,12,4307.100166,161.51859400184549,4468.618760001846,4466.54011,124.145,30.619,ok,
2026-07-31T05:22:08.057342,llama3.1:8b,158,13,4283.636604,163.24520201224277,4446.881806012243,4445.169727,123.218,31.035,ok,
2026-07-31T05:22:12.480491,llama3.1:8b,159,14,4259.522042,163.28636697001366,4422.808408970013,4420.724119,122.376,30.844,ok,
2026-07-31T05:22:16.944739,llama3.1:8b,160,15,4295.856404,168.02141897097135,4463.8778229709715,4462.046031,127.677,31.089,ok,
2026-07-31T05:22:21.364766,llama3.1:8b,161,16,4256.272374,163.4344540773236,4419.706828077324,4417.930074,123.189,30.585,ok,
2026-07-31T05:22:25.809085,llama3.1:8b,162,17,4278.871905,165.15278391348693,4444.024688913487,4442.034305,123.477,30.899,ok,
2026-07-31T05:22:30.265946,llama3.1:8b,163,18,4291.468635,165.04528789437336,4456.5139228943735,4454.666397,124.014,30.814,ok,
2026-07-31T05:22:34.658804,llama3.1:8b,164,19,4231.780571,160.77521692653954,4392.55578792654,4390.80076,121.731,30.505,ok,
2026-07-31T05:22:39.096668,llama3.1:8b,165,20,4277.36372,160.19913798735888,4437.562857987359,4435.754672,122.061,30.866,ok,
2026-07-31T05:22:43.497608,llama3.1:8b,166,21,4238.44371,162.15780892248586,4400.601518922485,4398.749096,121.641,30.543,ok,
2026-07-31T05:22:47.887084,llama3.1:8b,167,22,4225.012198,164.113309092103,4389.125507092103,4387.133613,123.932,32.092,ok,
2026-07-31T05:22:52.245027,llama3.1:8b,168,23,4198.17213,159.44580993879117,4357.617939938791,4355.677497,120.721,30.506,ok,
2026-07-31T05:22:56.694581,llama3.1:8b,169,24,4285.495725,163.72762794540995,4449.22335294541,4447.413586,124.175,30.519,ok,
2026-07-31T05:23:01.171824,llama3.1:8b,170,25,4314.851052,162.03697795253356,4476.8880299525335,4474.88229,122.636,30.645,ok,
2026-07-31T05:23:05.575742,llama3.1:8b,171,26,4242.429032,161.07312495798396,4403.502156957984,4401.575051,121.086,30.898,ok,
2026-07-31T05:23:10.019312,llama3.1:8b,172,27,4270.377648,172.86104994607194,4443.238697946072,4441.133799,132.527999,30.995,ok,
2026-07-31T05:23:14.460716,llama3.1:8b,173,28,4280.744001,160.3257749594768,4441.069775959477,4439.586004,124.26,30.6,ok,
2026-07-31T05:23:18.874760,llama3.1:8b,174,29,4252.550437,161.33581404445977,4413.88625104446,4412.885391,122.735,30.434,ok,
2026-07-31T05:23:23.259537,llama3.1:8b,175,30,4219.631067,164.97992096687994,4384.61098796688,4383.051044,121.562,35.405,ok,
2026-07-31T05:23:27.719372,llama3.1:8b,176,31,4293.233657,166.24406692537468,4459.477723925374,4457.621369,124.498,31.037,ok,
2026-07-31T05:23:32.121149,llama3.1:8b,177,32,4241.189673,160.24148006273117,4401.431153062731,4399.778177,123.259,30.509,ok,
2026-07-31T05:23:36.555404,llama3.1:8b,178,33,4272.907467,161.0164599029349,4433.923926902935,4432.171523,122.577,30.901,ok,
2026-07-31T05:23:40.992282,llama3.1:8b,179,34,4273.210649,163.3202749365164,4436.530923936516,4434.021326,122.452,30.575,ok,
2026-07-31T05:23:45.418873,llama3.1:8b,180,35,4264.236653,162.0290920744883,4426.265745074488,4424.983483,125.061,30.832,ok,
2026-07-31T05:23:49.844067,llama3.1:8b,181,36,4264.840147,160.1843200547546,4425.0244670547545,4423.525477,121.158,30.967,ok,
2026-07-31T05:23:54.253332,llama3.1:8b,182,37,4245.845054,163.13055697517575,4408.975610975176,4407.027138,122.984,30.882,ok,
2026-07-31T05:23:58.681932,llama3.1:8b,183,38,4267.278641,160.99069197328663,4428.2693329732865,4425.923659,121.365,30.764,ok,
2026-07-31T05:24:03.079221,llama3.1:8b,184,39,4233.647905,163.3057100107162,4396.953615010716,4395.403658,123.395,30.38,ok,
2026-07-31T05:24:07.544242,llama3.1:8b,185,40,4297.359426,167.4883299676394,4464.847755967639,4463.537247,126.367,30.729,ok,
2026-07-31T05:24:11.939407,llama3.1:8b,186,41,4228.879553,165.97089000090546,4394.850443000905,4393.516904,127.223,30.715,ok,
2026-07-31T05:24:16.327128,llama3.1:8b,187,42,4224.513845,163.04337098863562,4387.557215988636,4386.002486,123.159,30.552,ok,
2026-07-31T05:24:20.802750,llama3.1:8b,188,43,4288.427025,186.89919701833878,4475.326222018339,4473.51173,122.357,54.343,ok,
2026-07-31T05:24:25.255651,llama3.1:8b,189,44,4290.322222,162.24705397802154,4452.569275978021,4450.746301,122.641,30.853,ok,
2026-07-31T05:24:29.699029,llama3.1:8b,190,45,4284.209291,158.8504349197383,4443.059725919738,4441.623643,120.619,30.611,ok,
2026-07-31T05:24:34.120072,llama3.1:8b,191,46,4259.771266,161.10098305844804,4420.872249058448,4419.240044,121.943,30.762,ok,
2026-07-31T05:24:38.501756,llama3.1:8b,192,47,4217.356609,164.02072698705342,4381.377335987054,4379.689003,123.072,31.002,ok,
2026-07-31T05:24:42.912571,llama3.1:8b,193,48,4247.983639,162.5346780177042,4410.518317017704,4408.575131,121.859,31.272,ok,
2026-07-31T05:24:47.319996,llama3.1:8b,194,49,4243.559014,163.5344819454458,4407.093495945446,4405.431782,123.085,30.526,ok,
2026-07-31T05:24:51.803735,llama3.1:8b,195,50,4295.829976,187.61149593711252,4483.4414719371125,4481.985458,123.794,54.681,ok,
2026-07-31T05:24:56.220695,llama3.1:8b,196,51,4256.903242,159.70443104711012,4416.60767304711,4414.767825,122.517,30.803,ok,
2026-07-31T05:25:00.654160,llama3.1:8b,197,52,4249.997206,183.16831699074828,4433.165522990748,4430.552374,121.056,54.353,ok,
2026-07-31T05:25:05.083533,llama3.1:8b,198,53,4268.183528,160.85438998744394,4429.0379179874435,4427.03017,122.314,30.649,ok,
2026-07-31T05:25:09.624120,llama3.1:8b,199,54,4354.113528,186.10507998820867,4540.2186079882085,4538.157257,121.641,54.003,ok,
2026-07-31T05:25:14.014285,llama3.1:8b,200,55,4225.943248,160.8076580073648,4386.750906007364,4385.116743,121.194,30.609,ok,
2026-07-31T05:25:18.455584,llama3.1:8b,201,56,4277.987853,162.98329007805933,4440.971143078059,4439.351087,123.076,30.711,ok,
2026-07-31T05:25:22.888346,llama3.1:8b,202,57,4245.479995,186.9070460444218,4432.3870410444215,4429.951963,120.942,55.79,ok,
2026-07-31T05:25:27.313507,llama3.1:8b,203,58,4263.824385,161.00063105991285,4424.825016059913,4423.117409,122.677,30.584,ok,
2026-07-31T05:25:31.729192,llama3.1:8b,204,59,4254.487141,160.84273698564175,4415.329877985641,4413.371938,121.885,30.813,ok,
2026-07-31T05:25:36.157455,llama3.1:8b,205,60,4240.501673,187.43711706058002,4427.93879006058,4426.153415,122.494,54.924,ok,
2026-07-31T05:25:40.581338,llama3.1:8b,206,61,4231.388362,192.09661708096792,4423.484979080968,4421.978227,127.392,55.784,ok,
2026-07-31T05:25:44.971998,llama3.1:8b,207,62,4227.986371,162.33722996462075,4390.323600964621,4388.187387,122.071,30.85,ok,
2026-07-31T05:25:49.384798,llama3.1:8b,208,63,4220.856236,191.61486410590442,4412.471100105904,4410.777558,126.603,54.547,ok,
2026-07-31T05:25:53.798961,llama3.1:8b,209,64,4254.019636,159.80682192327822,4413.826457923278,4411.859325,122.951,30.61,ok,
2026-07-31T05:25:58.222367,llama3.1:8b,210,65,4261.437596,161.62971703688163,4423.067313036881,4421.260771,121.203,30.799,ok,
2026-07-31T05:26:02.641064,llama3.1:8b,211,66,4256.528011,161.80018795353135,4418.328198953532,4416.229912,120.952,30.473,ok,
2026-07-31T05:26:07.052746,llama3.1:8b,212,67,4251.1168,160.22950807209781,4411.346308072098,4409.511529,122.273,31.075,ok,
2026-07-31T05:26:11.465936,llama3.1:8b,213,68,4251.473256,161.38062106011512,4412.853877060115,4410.722413,120.272,31.459,ok,
2026-07-31T05:26:15.891909,llama3.1:8b,214,69,4261.548306,164.0677960603034,4425.616102060303,4423.577622,122.665,31.187,ok,
2026-07-31T05:26:20.313066,llama3.1:8b,215,70,4252.542715,168.2744080275188,4420.817123027518,4419.116981,125.174,33.99,ok,
2026-07-31T05:26:24.728385,llama3.1:8b,216,71,4251.895493,163.08399896491392,4414.979491964914,4413.017581,122.977,30.827,ok,
2026-07-31T05:26:29.148817,llama3.1:8b,217,72,4258.551306,161.55871595067674,4420.110021950677,4418.853437,122.434,30.465,ok,
2026-07-31T05:26:33.558397,llama3.1:8b,218,73,4249.335772,160.08779500543278,4409.423567005433,4408.295057,121.957,30.39,ok,
2026-07-31T05:26:37.925770,llama3.1:8b,219,74,4203.37974,163.82509400858908,4367.204834008589,4366.201853,124.275,30.995,ok,
2026-07-31T05:26:42.312808,llama3.1:8b,220,75,4224.276627,162.5957530405858,4386.872380040586,4385.051418,122.666,30.837,ok,
2026-07-31T05:26:46.713066,llama3.1:8b,221,76,4238.575282,161.34539995715568,4399.9206819571555,4397.886698,121.543,30.399,ok,
2026-07-31T05:26:51.141703,llama3.1:8b,222,77,4258.620297,169.54570701420107,4428.1660040142015,4426.144554,127.936,31.148,ok,
2026-07-31T05:26:55.602328,llama3.1:8b,223,78,4296.016274,164.30463201511338,4460.320906015113,4458.490328,124.831,30.516,ok,
2026-07-31T05:26:59.974470,llama3.1:8b,224,79,4210.807549,161.04861006491865,4371.856159064919,4370.603331,120.888,30.394,ok,
2026-07-31T05:27:04.387916,llama3.1:8b,225,80,4251.326566,161.94825093588224,4413.274816935882,4411.453774,122.773,30.779,ok,
2026-07-31T05:27:08.853307,llama3.1:8b,226,81,4302.265545,162.7928670536221,4465.058412053622,4463.477452,123.707,30.492,ok,
2026-07-31T05:27:13.205724,llama3.1:8b,227,82,4188.978613,163.2782459542059,4352.256858954206,4350.540606,122.761,31.064,ok,
2026-07-31T05:27:17.595144,llama3.1:8b,228,83,4224.774452,164.29399808023118,4389.068450080231,4387.25113,126.287,30.187,ok,
2026-07-31T05:27:21.971892,llama3.1:8b,229,84,4207.563871,168.8460599919399,4376.40993099194,4374.412392,128.634999,30.664,ok,
2026-07-31T05:27:26.387097,llama3.1:8b,230,85,4253.943542,160.92242791308036,4414.86596991308,4412.965136,122.105,30.33,ok,
2026-07-31T05:27:30.854030,llama3.1:8b,231,86,4300.626342,165.96933402910145,4466.595676029101,4464.570261,125.05,30.708,ok,
2026-07-31T05:27:35.271272,llama3.1:8b,232,87,4253.686877,163.21590492982068,4416.902781929821,4414.950322,122.458,30.791,ok,
2026-07-31T05:27:39.690374,llama3.1:8b,233,88,4255.903671,162.86475703321776,4418.768428033218,4416.699917,123.312,30.107,ok,
2026-07-31T05:27:44.131447,llama3.1:8b,234,89,4279.639582,161.0652100394691,4440.704792039469,4438.697838,122.426,30.619,ok,
2026-07-31T05:27:48.554594,llama3.1:8b,235,90,4261.862831,160.90455402550833,4422.767385025509,4420.728231,122.799,30.808,ok,
2026-07-31T05:27:52.991892,llama3.1:8b,236,91,4268.720021,168.19798295026794,4436.918003950268,4434.808576,128.011,30.688,ok,
2026-07-31T05:27:57.395153,llama3.1:8b,237,92,4241.679181,161.2455770328952,4402.924758032896,4401.054911,122.126,30.773,ok,
2026-07-31T05:28:01.833147,llama3.1:8b,238,93,4273.524931,164.14398600215645,4437.668917002156,4435.873187,123.109,31.922,ok,
2026-07-31T05:28:06.284991,llama3.1:8b,239,94,4288.375895,163.11462398624735,4451.4905189862475,4449.692952,123.523,30.381,ok,
2026-07-31T05:28:10.731225,llama3.1:8b,240,95,4282.973631,162.93111204277466,4445.9047430427745,4443.78943,124.075,30.811,ok,
2026-07-31T05:28:15.156802,llama3.1:8b,241,96,4264.231473,160.99119195507228,4425.222664955072,4423.456214,120.535,30.88,ok,
2026-07-31T05:28:19.603818,llama3.1:8b,242,97,4283.177193,163.5159820066574,4446.693175006658,4444.552085,123.994,30.177,ok,
2026-07-31T05:28:24.027601,llama3.1:8b,243,98,4260.620142,162.82691502271337,4423.447057022713,4421.495068,123.317,31.332,ok,
2026-07-31T05:28:28.467395,llama3.1:8b,244,99,4276.163288,163.26696092359998,4439.4302489236,4437.43925,122.783,30.368,ok,
2026-07-31T05:28:32.865415,llama3.1:8b,245,100,4233.286622,164.3760390383395,4397.662661038339,4396.121295,123.39,30.889,ok,
2026-07-31T05:28:37.285649,llama3.1:8b,246,101,4257.540186,162.3425069787172,4419.882692978717,4417.99136,123.314,30.678,ok,
2026-07-31T05:28:41.699372,llama3.1:8b,247,102,4251.400197,161.96582703316653,4413.3660240331665,4411.472411,124.417,30.66,ok,
2026-07-31T05:28:46.150019,llama3.1:8b,248,103,4289.644196,160.6531240287668,4450.297320028767,4448.006257,121.842,30.445,ok,
2026-07-31T05:28:50.599669,llama3.1:8b,249,104,4288.259013,161.0493630607989,4449.308376060799,4447.468109,122.347,30.41,ok,
2026-07-31T05:28:55.032119,llama3.1:8b,250,105,4271.153254,160.92663895478927,4432.079892954789,4430.221924,121.41,30.443,ok,
2026-07-31T05:28:59.477227,llama3.1:8b,251,106,4282.703127,162.0726159443302,4444.77574294433,4442.787684,120.948,30.778,ok,
2026-07-31T05:29:03.897918,llama3.1:8b,252,107,4256.384359,163.98185000034937,4420.366209000349,4418.459222,124.125,30.693,ok,
2026-07-31T05:29:08.321362,llama3.1:8b,253,108,4256.70725,166.4056499963399,4423.11289999634,4421.051919,125.181,30.9,ok,
2026-07-31T05:29:12.757408,llama3.1:8b,254,109,4273.756366,161.94532205308678,4435.701688053086,4433.878566,121.297,30.113,ok,
2026-07-31T05:29:17.169747,llama3.1:8b,255,110,4251.339302,160.63345507963822,4411.9727570796385,4410.107215,122.473,30.535,ok,
2026-07-31T05:29:21.583710,llama3.1:8b,256,111,4249.423691,164.20836905189572,4413.632060051896,4411.583014,124.378,30.625,ok,
2026-07-31T05:29:26.026712,llama3.1:8b,257,112,4279.781954,162.8470959977767,4442.629049997777,4440.603753,122.787,30.435,ok,
2026-07-31T05:29:30.427669,llama3.1:8b,258,113,4237.454747,163.16005805391978,4400.61480505392,4398.528353,123.504,30.221,ok,
2026-07-31T05:29:34.835098,llama3.1:8b,259,114,4245.112938,161.9575089922928,4407.070446992293,4405.159155,120.964,30.605,ok,
2026-07-31T05:29:39.243869,llama3.1:8b,260,115,4244.512324,163.90472905501792,4408.417053055018,4406.209685,122.943,30.606,ok,
2026-07-31T05:29:43.656584,llama3.1:8b,261,116,4248.344506,164.02846402226078,4412.372970022261,4410.42377,122.591,30.518,ok,
2026-07-31T05:29:48.044567,llama3.1:8b,262,117,4219.692319,167.95249101999252,4387.644810019992,4385.627511,128.371,30.55,ok,
2026-07-31T05:29:52.429157,llama3.1:8b,263,118,4222.973504,161.24035393481063,4384.21385793481,4382.293769,123.889,30.553,ok,
2026-07-31T05:29:56.860168,llama3.1:8b,264,119,4266.988256,163.6943599590859,4430.6826159590855,4428.912933,122.219,31.876,ok,
2026-07-31T05:30:01.285588,llama3.1:8b,265,120,4261.419507,163.70639505296913,4425.125902052969,4423.238753,122.931,30.198,ok,
2026-07-31T05:30:05.673628,llama3.1:8b,266,121,4228.85055,158.84281708355684,4387.693367083557,4385.637791,122.077,30.419,ok,
2026-07-31T05:30:10.072271,llama3.1:8b,267,122,4239.257865,159.0286529423247,4398.286517942324,4396.444899,121.776,30.444,ok,
2026-07-31T05:30:14.471509,llama3.1:8b,268,123,4237.413335,161.47190298435908,4398.885237984359,4397.160645,123.156,30.492,ok,
2026-07-31T05:30:18.885285,llama3.1:8b,269,124,4252.025596,161.389107099988,4413.414703099988,4411.535066,121.445,30.915,ok,
2026-07-31T05:30:23.295708,llama3.1:8b,270,125,4249.170033,160.88358699850687,4410.053619998507,4408.048812,120.178,30.329,ok,
2026-07-31T05:30:27.713333,llama3.1:8b,271,126,4255.946194,161.37928602619286,4417.325480026193,4415.106653,120.713,30.822,ok,
2026-07-31T05:30:32.147178,llama3.1:8b,272,127,4271.766248,161.74597600087873,4433.512224000879,4431.475543,121.364,30.785,ok,
2026-07-31T05:30:36.581945,llama3.1:8b,273,128,4274.200979,160.23851492531048,4434.439493925311,4432.936605,121.184,30.569,ok,
2026-07-31T05:30:41.027429,llama3.1:8b,274,129,4283.442409,161.79426795466406,4445.236676954664,4443.434729,122.329,30.381,ok,
2026-07-31T05:30:45.439391,llama3.1:8b,275,130,4251.57548,160.07137098919975,4411.6468509892,4410.333225,119.32,30.755,ok,
2026-07-31T05:30:49.836387,llama3.1:8b,276,131,4236.128595,160.7258729228215,4396.854467922822,4395.159095,121.543,30.82,ok,
2026-07-31T05:30:54.311092,llama3.1:8b,277,132,4303.075438,171.28551904324559,4474.360957043245,4472.453313,122.949,40.534,ok,
2026-07-31T05:30:58.727839,llama3.1:8b,278,133,4253.900151,162.544026972153,4416.444177972153,4414.363968,121.223,30.839,ok,
2026-07-31T05:31:03.186652,llama3.1:8b,279,134,4288.112087,170.34066090190117,4458.452747901902,4456.376959,122.833,40.625,ok,
2026-07-31T05:31:07.590962,llama3.1:8b,280,135,4242.271947,161.67455699684888,4403.946503996849,4402.06769,124.607,30.783,ok,
2026-07-31T05:31:12.020130,llama3.1:8b,281,136,4214.814137,214.02083206142652,4428.834969061427,4426.948901,126.404,78.473,ok,
2026-07-31T05:31:16.488332,llama3.1:8b,282,137,4258.024019,209.8392570187607,4467.863276018761,4466.118205,121.524,78.526,ok,
2026-07-31T05:31:20.966048,llama3.1:8b,283,138,4265.893704,211.48633202717065,4477.380036027171,4475.467867,122.236,78.508,ok,
2026-07-31T05:31:25.420590,llama3.1:8b,284,139,4247.783495,206.42370998077604,4454.207204980776,4452.322716,120.681,78.652,ok,
2026-07-31T05:31:29.889641,llama3.1:8b,285,140,4256.00599,212.6961080054516,4468.702098005451,4467.19434,124.831,78.628,ok,
2026-07-31T05:31:34.325597,llama3.1:8b,286,141,4224.80251,210.98118694296227,4435.783696942963,4434.142995,122.311,78.781,ok,
2026-07-31T05:31:38.769758,llama3.1:8b,287,142,4232.902341,210.91890503725972,4443.82124603726,4441.897201,122.079,78.761,ok,
2026-07-31T05:31:43.187799,llama3.1:8b,288,143,4208.05948,209.6177869889034,4417.677266988903,4415.64134,123.139,78.776,ok,
2026-07-31T05:31:47.588063,llama3.1:8b,289,0,4234.557064,165.3892599451874,4399.946323945187,4398.006102,125.667,30.312,ok,
2026-07-31T05:31:52.038229,llama3.1:8b,290,1,4286.061747,163.8016490029113,4449.863396002911,4448.451081,124.05,30.768,ok,
2026-07-31T05:31:56.447448,llama3.1:8b,291,2,4245.330066,163.71886497467676,4409.048930974677,4407.063038,123.792,30.804,ok,
2026-07-31T05:32:00.900115,llama3.1:8b,292,3,4290.514305,161.79321298953892,4452.307517989539,4450.662507,121.931,30.765,ok,
2026-07-31T05:32:05.315934,llama3.1:8b,293,4,4253.554695,161.91822901082833,4415.472924010828,4413.515687,123.363,30.748,ok,
2026-07-31T05:32:09.682794,llama3.1:8b,294,5,4203.485949,163.03889601246374,4366.524845012464,4364.192367,123.109,30.534,ok,
2026-07-31T05:32:14.088439,llama3.1:8b,295,6,4244.528381,160.78144397148208,4405.309824971482,4403.376232,121.264,30.796,ok,
2026-07-31T05:32:18.488474,llama3.1:8b,296,7,4237.369174,161.2448620357236,4398.614036035724,4396.517404,121.238,30.866,ok,
2026-07-31T05:32:22.896213,llama3.1:8b,297,8,4243.669108,163.7039330309508,4407.373041030951,4405.503615,122.521,32.211,ok,
2026-07-31T05:32:27.365830,llama3.1:8b,298,9,4307.406774,161.89044099327566,4469.297214993276,4467.418484,123.167,30.68,ok,
2026-07-31T05:32:31.784054,llama3.1:8b,299,10,4256.113476,161.7454610567347,4417.858937056735,4416.045556,121.464,30.341,ok,
2026-07-31T05:32:36.268910,llama3.1:8b,300,11,4318.55953,165.95717899521514,4484.516708995216,4482.530759,124.244,30.814,ok,
