timestamp,model,run_id,input_index,status,latency_ms,prompt_chars,response_chars,response,error
2026-06-19T12:08:51.012977,llama3.1:8b,warmup,0,warmup,5393.8254720997065,399,23,WARNING|Increase speed.,
2026-06-19T12:08:51.241818,llama3.1:8b,0,0,ok,228.69974304921925,399,23,WARNING|Increase speed.,
2026-06-19T12:08:51.494671,llama3.1:8b,1,1,ok,252.57063005119562,492,23,WARNING|Increase speed.,
2026-06-19T12:08:51.756138,llama3.1:8b,2,2,ok,261.2564049195498,491,23,WARNING|Increase speed.,
2026-06-19T12:08:52.010133,llama3.1:8b,3,3,ok,253.81591101177037,490,23,WARNING|Increase speed.,
2026-06-19T12:08:52.268034,llama3.1:8b,4,4,ok,257.6780628878623,490,23,WARNING|Increase speed.,
2026-06-19T12:08:52.512010,llama3.1:8b,5,5,ok,243.7587478198111,490,23,WARNING|Increase speed.,
2026-06-19T12:08:52.761912,llama3.1:8b,6,6,ok,249.76457306183875,490,23,WARNING|Increase speed.,
2026-06-19T12:08:53.022561,llama3.1:8b,7,7,ok,260.45355084352195,491,23,WARNING|Increase speed.,
2026-06-19T12:08:53.279242,llama3.1:8b,8,8,ok,256.52927882038057,491,23,WARNING|Increase speed.,
2026-06-19T12:08:53.530368,llama3.1:8b,9,9,ok,250.90907281264663,500,23,WARNING|Increase speed.,
2026-06-19T12:08:53.778935,llama3.1:8b,10,10,ok,248.35247616283596,501,21,WARNING|Reduce speed.,
2026-06-19T12:08:54.028602,llama3.1:8b,11,11,ok,249.43841388449073,495,23,WARNING|Increase speed.,
2026-06-19T12:08:54.277499,llama3.1:8b,12,12,ok,248.7379708327353,494,23,WARNING|Increase speed.,
2026-06-19T12:08:54.526219,llama3.1:8b,13,13,ok,248.63125081174076,495,23,WARNING|Increase speed.,
2026-06-19T12:08:54.772010,llama3.1:8b,14,14,ok,245.70777988992631,495,23,WARNING|Increase speed.,
2026-06-19T12:08:55.018792,llama3.1:8b,15,15,ok,246.69238785281777,487,23,WARNING|Increase speed.,
2026-06-19T12:08:55.273851,llama3.1:8b,16,16,ok,254.97370189987123,488,21,WARNING|Reduce speed.,
2026-06-19T12:08:55.529008,llama3.1:8b,17,17,ok,255.06517617031932,490,23,WARNING|Increase speed.,
2026-06-19T12:08:55.772922,llama3.1:8b,18,18,ok,243.82229009643197,491,23,WARNING|Increase speed.,
2026-06-19T12:08:56.018428,llama3.1:8b,19,19,ok,245.40434195660055,491,23,WARNING|Increase speed.,
2026-06-19T12:08:56.269721,llama3.1:8b,20,20,ok,251.04661309160292,492,23,WARNING|Increase speed.,
2026-06-19T12:08:56.531095,llama3.1:8b,21,21,ok,261.16735208779573,492,23,WARNING|Increase speed.,
2026-06-19T12:08:56.784742,llama3.1:8b,22,22,ok,253.56291886419058,491,23,WARNING|Increase speed.,
2026-06-19T12:08:57.034015,llama3.1:8b,23,23,ok,249.16091817431152,497,23,WARNING|Increase speed.,
2026-06-19T12:08:57.289178,llama3.1:8b,24,24,ok,255.06472890265286,497,21,WARNING|Reduce speed.,
2026-06-19T12:08:57.541908,llama3.1:8b,25,25,ok,252.49753496609628,497,21,WARNING|Reduce speed.,
2026-06-19T12:08:57.797456,llama3.1:8b,26,26,ok,255.2881222218275,493,21,WARNING|Reduce speed.,
2026-06-19T12:08:58.046372,llama3.1:8b,27,27,ok,248.66985995322466,494,21,WARNING|Reduce speed.,
2026-06-19T12:08:58.299217,llama3.1:8b,28,28,ok,252.75372993201017,491,21,WARNING|Reduce speed.,
2026-06-19T12:08:58.554026,llama3.1:8b,29,29,ok,254.7242478467524,491,23,WARNING|Increase speed.,
2026-06-19T12:08:58.807729,llama3.1:8b,30,30,ok,253.623953089118,491,23,WARNING|Increase speed.,
2026-06-19T12:08:59.067011,llama3.1:8b,31,31,ok,259.17481002397835,491,21,WARNING|Reduce speed.,
2026-06-19T12:08:59.326388,llama3.1:8b,32,32,ok,259.12583293393254,491,21,WARNING|Reduce speed.,
2026-06-19T12:08:59.572398,llama3.1:8b,33,33,ok,245.79554190859199,491,21,WARNING|Reduce speed.,
2026-06-19T12:08:59.813408,llama3.1:8b,34,34,ok,240.78069301322103,491,23,WARNING|Increase speed.,
2026-06-19T12:09:00.066220,llama3.1:8b,35,35,ok,252.57851113565266,491,23,WARNING|Increase speed.,
2026-06-19T12:09:00.323417,llama3.1:8b,36,36,ok,256.93740090355277,490,23,WARNING|Increase speed.,
2026-06-19T12:09:00.573734,llama3.1:8b,37,37,ok,250.06163283251226,492,23,WARNING|Increase speed.,
2026-06-19T12:09:00.835059,llama3.1:8b,38,38,ok,261.05362200178206,491,23,WARNING|Increase speed.,
2026-06-19T12:09:01.088879,llama3.1:8b,39,39,ok,253.55818890966475,477,23,WARNING|Increase speed.,
2026-06-19T12:09:01.338599,llama3.1:8b,40,40,ok,249.46908303536475,477,21,WARNING|Reduce speed.,
2026-06-19T12:09:01.588122,llama3.1:8b,41,41,ok,249.36574883759022,477,23,WARNING|Increase speed.,
2026-06-19T12:09:01.839016,llama3.1:8b,42,42,ok,250.73924893513322,477,23,WARNING|Increase speed.,
2026-06-19T12:09:02.084192,llama3.1:8b,43,43,ok,245.01978792250156,477,21,WARNING|Reduce speed.,
2026-06-19T12:09:02.339471,llama3.1:8b,44,44,ok,255.03125600516796,476,21,WARNING|Reduce speed.,
2026-06-19T12:09:02.595749,llama3.1:8b,45,45,ok,256.02270010858774,477,21,WARNING|Reduce speed.,
2026-06-19T12:09:02.842654,llama3.1:8b,46,46,ok,246.55959894880652,476,21,WARNING|Reduce speed.,
2026-06-19T12:09:03.105202,llama3.1:8b,47,47,ok,262.303558178246,477,21,WARNING|Reduce speed.,
2026-06-19T12:09:03.356820,llama3.1:8b,48,48,ok,251.37723586522043,476,21,WARNING|Reduce speed.,
2026-06-19T12:09:03.602786,llama3.1:8b,49,49,ok,245.7464588806033,477,21,WARNING|Reduce speed.,
2026-06-19T12:09:03.857426,llama3.1:8b,50,50,ok,254.38698683865368,476,21,WARNING|Reduce speed.,
2026-06-19T12:09:04.112011,llama3.1:8b,51,51,ok,254.3278830125928,477,23,WARNING|Increase speed.,
2026-06-19T12:09:04.358265,llama3.1:8b,52,52,ok,245.9945019800216,477,23,WARNING|Increase speed.,
2026-06-19T12:09:04.621354,llama3.1:8b,53,53,ok,262.8415049985051,476,21,WARNING|Reduce speed.,
2026-06-19T12:09:04.877280,llama3.1:8b,54,54,ok,255.69376396015286,475,23,WARNING|Increase speed.,
2026-06-19T12:09:05.125310,llama3.1:8b,55,55,ok,247.78982414864004,473,23,WARNING|Increase speed.,
2026-06-19T12:09:05.371470,llama3.1:8b,56,56,ok,246.05363700538874,473,23,WARNING|Increase speed.,
2026-06-19T12:09:05.628251,llama3.1:8b,57,57,ok,256.52328599244356,472,23,WARNING|Increase speed.,
2026-06-19T12:09:05.879891,llama3.1:8b,58,58,ok,251.38405594043434,473,23,WARNING|Increase speed.,
2026-06-19T12:09:06.132654,llama3.1:8b,59,59,ok,252.51172087155282,475,23,WARNING|Increase speed.,
2026-06-19T12:09:06.386427,llama3.1:8b,60,60,ok,253.62612400203943,475,23,WARNING|Increase speed.,
2026-06-19T12:09:06.655236,llama3.1:8b,61,61,ok,268.55315500870347,473,23,WARNING|Increase speed.,
2026-06-19T12:09:06.915359,llama3.1:8b,62,62,ok,259.86695289611816,473,23,WARNING|Increase speed.,
2026-06-19T12:09:07.164409,llama3.1:8b,63,63,ok,248.79213399253786,473,23,WARNING|Increase speed.,
2026-06-19T12:09:07.421848,llama3.1:8b,64,64,ok,257.20370607450604,473,23,WARNING|Increase speed.,
2026-06-19T12:09:07.680336,llama3.1:8b,65,65,ok,258.23333696462214,473,23,WARNING|Increase speed.,
2026-06-19T12:09:07.928414,llama3.1:8b,66,66,ok,247.85949802026153,473,23,WARNING|Increase speed.,
2026-06-19T12:09:08.179557,llama3.1:8b,67,67,ok,251.03483092971146,473,23,WARNING|Increase speed.,
2026-06-19T12:09:08.425320,llama3.1:8b,68,68,ok,245.48568204045296,474,23,WARNING|Increase speed.,
2026-06-19T12:09:08.672290,llama3.1:8b,69,69,ok,246.73030711710453,474,21,WARNING|Reduce speed.,
2026-06-19T12:09:08.928749,llama3.1:8b,70,70,ok,256.37220102362335,473,23,WARNING|Increase speed.,
2026-06-19T12:09:09.180749,llama3.1:8b,71,71,ok,251.90074392594397,476,23,WARNING|Increase speed.,
2026-06-19T12:09:09.428679,llama3.1:8b,72,72,ok,247.82126699574292,477,21,WARNING|Reduce speed.,
2026-06-19T12:09:09.677441,llama3.1:8b,73,73,ok,248.52661602199078,477,21,WARNING|Reduce speed.,
2026-06-19T12:09:09.923627,llama3.1:8b,74,74,ok,245.95514894463122,477,23,WARNING|Increase speed.,
2026-06-19T12:09:10.175683,llama3.1:8b,75,75,ok,251.8738559447229,477,23,WARNING|Increase speed.,
2026-06-19T12:09:10.423273,llama3.1:8b,76,76,ok,247.50183592550457,474,23,WARNING|Increase speed.,
2026-06-19T12:09:10.670842,llama3.1:8b,77,77,ok,247.48509703204036,473,23,WARNING|Increase speed.,
2026-06-19T12:09:10.914097,llama3.1:8b,78,78,ok,243.1642720475793,473,23,WARNING|Increase speed.,
2026-06-19T12:09:11.157754,llama3.1:8b,79,79,ok,243.57400997541845,473,23,WARNING|Increase speed.,
2026-06-19T12:09:11.416285,llama3.1:8b,80,80,ok,258.42964299954474,473,23,WARNING|Increase speed.,
2026-06-19T12:09:11.673723,llama3.1:8b,81,81,ok,257.1460308972746,473,23,WARNING|Increase speed.,
2026-06-19T12:09:11.933577,llama3.1:8b,82,82,ok,259.6120401285589,472,23,WARNING|Increase speed.,
2026-06-19T12:09:12.188798,llama3.1:8b,83,83,ok,254.96636680327356,473,23,WARNING|Increase speed.,
2026-06-19T12:09:12.445051,llama3.1:8b,84,84,ok,256.029763026163,473,23,WARNING|Increase speed.,
2026-06-19T12:09:12.699307,llama3.1:8b,85,85,ok,254.1604598518461,473,23,WARNING|Increase speed.,
2026-06-19T12:09:12.949150,llama3.1:8b,86,86,ok,249.5978798251599,473,23,WARNING|Increase speed.,
2026-06-19T12:09:13.193886,llama3.1:8b,87,87,ok,244.62536815553904,470,23,WARNING|Increase speed.,
2026-06-19T12:09:13.443152,llama3.1:8b,88,88,ok,249.0236561279744,468,21,WARNING|Reduce speed.,
2026-06-19T12:09:13.688973,llama3.1:8b,89,89,ok,245.70895498618484,470,23,WARNING|Increase speed.,
2026-06-19T12:09:13.994994,llama3.1:8b,90,90,ok,305.8722880668938,470,73,WARNING|Stop before the sign and look LEFT and RIGHT before moving ahead.,
2026-06-19T12:09:14.268156,llama3.1:8b,91,91,ok,272.9643399361521,457,29,WARNING|Stop before the sign.,
2026-06-19T12:09:14.573785,llama3.1:8b,92,92,ok,305.3596478421241,459,73,WARNING|Stop before the sign and look LEFT and RIGHT before moving ahead.,
2026-06-19T12:09:14.873080,llama3.1:8b,93,93,ok,299.0484449546784,473,73,WARNING|Stop before the sign and look LEFT and RIGHT before moving ahead.,
2026-06-19T12:09:15.172268,llama3.1:8b,94,94,ok,299.0773329511285,476,73,WARNING|Stop before the sign and look LEFT and RIGHT before moving ahead.,
2026-06-19T12:09:15.473110,llama3.1:8b,95,95,ok,300.6114799063653,477,73,WARNING|Stop before the sign and look LEFT and RIGHT before moving ahead.,
2026-06-19T12:09:15.725012,llama3.1:8b,96,96,ok,251.66869000531733,478,23,WARNING|Increase speed.,
2026-06-19T12:09:15.967163,llama3.1:8b,97,97,ok,241.94874404929578,477,23,WARNING|Increase speed.,
2026-06-19T12:09:16.207950,llama3.1:8b,98,98,ok,240.54206698201597,477,23,WARNING|Increase speed.,
2026-06-19T12:09:16.463585,llama3.1:8b,99,99,ok,255.49151096493006,478,23,WARNING|Increase speed.,
2026-06-19T12:09:16.719533,llama3.1:8b,100,100,ok,255.6926568504423,477,23,WARNING|Increase speed.,
2026-06-19T12:09:16.964512,llama3.1:8b,101,101,ok,244.74749295040965,477,21,WARNING|Reduce speed.,
2026-06-19T12:09:17.210074,llama3.1:8b,102,102,ok,245.3027090523392,477,21,WARNING|Reduce speed.,
2026-06-19T12:09:17.452655,llama3.1:8b,103,103,ok,242.3224539961666,477,21,WARNING|Reduce speed.,
2026-06-19T12:09:17.710916,llama3.1:8b,104,104,ok,257.97860603779554,475,21,WARNING|Reduce speed.,
2026-06-19T12:09:17.961371,llama3.1:8b,105,105,ok,250.20244903862476,474,23,WARNING|Increase speed.,
2026-06-19T12:09:18.208956,llama3.1:8b,106,106,ok,247.3670409526676,473,23,WARNING|Increase speed.,
2026-06-19T12:09:18.456055,llama3.1:8b,107,107,ok,246.98715400882065,474,21,WARNING|Reduce speed.,
2026-06-19T12:09:18.721708,llama3.1:8b,108,108,ok,265.40541904978454,473,23,WARNING|Increase speed.,
2026-06-19T12:09:18.974996,llama3.1:8b,109,109,ok,253.08750802651048,474,21,WARNING|Reduce speed.,
2026-06-19T12:09:19.220909,llama3.1:8b,110,110,ok,245.67342805676162,472,23,WARNING|Increase speed.,
2026-06-19T12:09:19.467984,llama3.1:8b,111,111,ok,246.8815988395363,469,21,WARNING|Reduce speed.,
2026-06-19T12:09:19.720575,llama3.1:8b,112,112,ok,252.44795996695757,469,21,WARNING|Reduce speed.,
2026-06-19T12:09:19.965987,llama3.1:8b,113,113,ok,245.24545995518565,469,21,WARNING|Reduce speed.,
2026-06-19T12:09:20.217636,llama3.1:8b,114,114,ok,251.39234703965485,469,21,WARNING|Reduce speed.,
2026-06-19T12:09:20.471262,llama3.1:8b,115,115,ok,253.3547868952155,473,21,WARNING|Reduce speed.,
2026-06-19T12:09:20.720715,llama3.1:8b,116,116,ok,249.2186778690666,476,23,WARNING|Increase speed.,
2026-06-19T12:09:20.962745,llama3.1:8b,117,117,ok,241.77824007347226,472,23,WARNING|Increase speed.,
2026-06-19T12:09:21.261079,llama3.1:8b,118,118,ok,298.23375190608203,474,73,WARNING|Stop before the sign and look LEFT and RIGHT before moving ahead.,
2026-06-19T12:09:21.533482,llama3.1:8b,119,119,ok,272.3046687897295,457,29,WARNING|Stop before the sign.,
2026-06-19T12:09:21.832174,llama3.1:8b,120,120,ok,298.46036713570356,455,73,WARNING|Stop before the sign and look LEFT and RIGHT before moving ahead.,
2026-06-19T12:09:22.129298,llama3.1:8b,121,121,ok,296.9194781035185,457,73,WARNING|Stop before the sign and look LEFT and RIGHT before moving ahead.,
2026-06-19T12:09:22.422271,llama3.1:8b,122,122,ok,292.8753930609673,459,73,WARNING|Stop before the sign and look LEFT and RIGHT before moving ahead.,
2026-06-19T12:09:22.702501,llama3.1:8b,123,123,ok,280.05373291671276,459,73,WARNING|Stop before the sign and look LEFT and RIGHT before moving ahead.,
2026-06-19T12:09:22.986083,llama3.1:8b,124,124,ok,283.36064680479467,459,73,WARNING|Stop before the sign and look LEFT and RIGHT before moving ahead.,
2026-06-19T12:09:23.269891,llama3.1:8b,125,125,ok,283.7257250212133,459,73,WARNING|Stop before the sign and look LEFT and RIGHT before moving ahead.,
2026-06-19T12:09:23.550117,llama3.1:8b,126,126,ok,280.13948490843177,459,73,WARNING|Stop before the sign and look LEFT and RIGHT before moving ahead.,
2026-06-19T12:09:23.849538,llama3.1:8b,127,127,ok,299.3248568382114,476,73,WARNING|Stop before the sign and look LEFT and RIGHT before moving ahead.,
2026-06-19T12:09:24.132603,llama3.1:8b,128,128,ok,282.860690029338,474,36,ACTUATE|Brake for the vehicle ahead.,
2026-06-19T12:09:24.430789,llama3.1:8b,129,129,ok,297.89758496917784,474,73,WARNING|Stop before the sign and look LEFT and RIGHT before moving ahead.,
2026-06-19T12:09:24.705068,llama3.1:8b,130,130,ok,274.01997591368854,473,36,ACTUATE|Brake for the vehicle ahead.,
2026-06-19T12:09:24.997253,llama3.1:8b,131,131,ok,291.959784924984,459,73,WARNING|Stop before the sign and look LEFT and RIGHT before moving ahead.,
2026-06-19T12:09:25.299236,llama3.1:8b,132,132,ok,301.72565788961947,459,73,WARNING|Stop before the sign and look LEFT and RIGHT before moving ahead.,
2026-06-19T12:09:25.582312,llama3.1:8b,133,133,ok,282.8227940481156,459,73,WARNING|Stop before the sign and look LEFT and RIGHT before moving ahead.,
2026-06-19T12:09:25.871855,llama3.1:8b,134,134,ok,289.28280295804143,473,73,WARNING|Stop before the sign and look LEFT and RIGHT before moving ahead.,
2026-06-19T12:09:26.116759,llama3.1:8b,135,135,ok,244.645836064592,474,23,WARNING|Increase speed.,
2026-06-19T12:09:26.409917,llama3.1:8b,136,136,ok,292.8789770230651,474,73,WARNING|Stop before the sign and look LEFT and RIGHT before moving ahead.,
2026-06-19T12:09:26.708047,llama3.1:8b,137,137,ok,297.88581700995564,459,73,WARNING|Stop before the sign and look LEFT and RIGHT before moving ahead.,
2026-06-19T12:09:26.971532,llama3.1:8b,138,138,ok,263.3726561907679,459,29,ACTUATE|Stop before the sign.,
2026-06-19T12:09:27.253694,llama3.1:8b,139,139,ok,281.946434173733,459,73,WARNING|Stop before the sign and look LEFT and RIGHT before moving ahead.,
2026-06-19T12:09:27.503299,llama3.1:8b,140,140,ok,249.33423614129424,459,29,ACTUATE|Stop before the sign.,
2026-06-19T12:09:27.779736,llama3.1:8b,141,141,ok,276.1852238327265,459,73,WARNING|Stop before the sign and look LEFT and RIGHT before moving ahead.,
2026-06-19T12:09:28.066342,llama3.1:8b,142,142,ok,286.29787894897163,459,73,WARNING|Stop before the sign and look LEFT and RIGHT before moving ahead.,
2026-06-19T12:09:28.313215,llama3.1:8b,143,143,ok,246.74393702298403,459,29,ACTUATE|Stop before the sign.,
2026-06-19T12:09:28.588011,llama3.1:8b,144,144,ok,274.71029199659824,459,73,WARNING|Stop before the sign and look LEFT and RIGHT before moving ahead.,
2026-06-19T12:09:28.882563,llama3.1:8b,145,145,ok,294.456223025918,461,73,WARNING|Stop before the sign and look LEFT and RIGHT before moving ahead.,
2026-06-19T12:09:29.140227,llama3.1:8b,146,146,ok,257.39031098783016,463,29,WARNING|Stop before the sign.,
2026-06-19T12:09:29.378700,llama3.1:8b,147,147,ok,238.21946303360164,463,29,WARNING|Stop before the sign.,
2026-06-19T12:09:29.628316,llama3.1:8b,148,148,ok,249.3893480859697,463,29,WARNING|Stop before the sign.,
2026-06-19T12:09:29.925785,llama3.1:8b,149,149,ok,297.05261485651135,478,73,WARNING|Stop before the sign and look LEFT and RIGHT before moving ahead.,
2026-06-19T12:09:30.222833,llama3.1:8b,150,150,ok,296.7921698000282,477,73,WARNING|Stop before the sign and look LEFT and RIGHT before moving ahead.,
2026-06-19T12:09:30.513949,llama3.1:8b,151,151,ok,290.88529315777123,477,73,WARNING|Stop before the sign and look LEFT and RIGHT before moving ahead.,
2026-06-19T12:09:30.816239,llama3.1:8b,152,152,ok,302.06815898418427,479,73,WARNING|Stop before the sign and look LEFT and RIGHT before moving ahead.,
2026-06-19T12:09:31.114572,llama3.1:8b,153,153,ok,298.241063952446,463,73,WARNING|Stop before the sign and look LEFT and RIGHT before moving ahead.,
2026-06-19T12:09:31.350425,llama3.1:8b,154,154,ok,235.75389105826616,463,29,WARNING|Stop before the sign.,
2026-06-19T12:09:31.618475,llama3.1:8b,155,155,ok,267.8024619817734,461,29,WARNING|Stop before the sign.,
2026-06-19T12:09:31.917179,llama3.1:8b,156,156,ok,298.56002796441317,457,73,WARNING|Stop before the sign and look LEFT and RIGHT before moving ahead.,
2026-06-19T12:09:32.213321,llama3.1:8b,157,157,ok,295.8839850034565,455,73,WARNING|Stop before the sign and look LEFT and RIGHT before moving ahead.,
2026-06-19T12:09:32.495810,llama3.1:8b,158,158,ok,282.23433694802225,455,73,WARNING|Stop before the sign and look LEFT and RIGHT before moving ahead.,
2026-06-19T12:09:32.743944,llama3.1:8b,159,0,ok,247.89340794086456,399,23,WARNING|Increase speed.,
2026-06-19T12:09:32.994498,llama3.1:8b,160,1,ok,250.46562403440475,492,23,WARNING|Increase speed.,
2026-06-19T12:09:33.240809,llama3.1:8b,161,2,ok,246.2214631959796,491,23,WARNING|Increase speed.,
2026-06-19T12:09:33.502991,llama3.1:8b,162,3,ok,262.09721015766263,490,23,WARNING|Increase speed.,
2026-06-19T12:09:33.760732,llama3.1:8b,163,4,ok,257.6579328160733,490,23,WARNING|Increase speed.,
2026-06-19T12:09:34.018653,llama3.1:8b,164,5,ok,257.81768606975675,490,23,WARNING|Increase speed.,
2026-06-19T12:09:34.267823,llama3.1:8b,165,6,ok,249.0797769278288,490,23,WARNING|Increase speed.,
2026-06-19T12:09:34.515032,llama3.1:8b,166,7,ok,247.1150648780167,491,23,WARNING|Increase speed.,
2026-06-19T12:09:34.774349,llama3.1:8b,167,8,ok,259.12018516100943,491,23,WARNING|Increase speed.,
2026-06-19T12:09:35.030020,llama3.1:8b,168,9,ok,255.4182989988476,500,23,WARNING|Increase speed.,
2026-06-19T12:09:35.288716,llama3.1:8b,169,10,ok,258.4598211105913,501,21,WARNING|Reduce speed.,
2026-06-19T12:09:35.532272,llama3.1:8b,170,11,ok,243.2867211755365,495,23,WARNING|Increase speed.,
2026-06-19T12:09:35.777862,llama3.1:8b,171,12,ok,245.3438499942422,494,23,WARNING|Increase speed.,
2026-06-19T12:09:36.031170,llama3.1:8b,172,13,ok,253.22653679177165,495,23,WARNING|Increase speed.,
2026-06-19T12:09:36.277607,llama3.1:8b,173,14,ok,246.35380506515503,495,23,WARNING|Increase speed.,
2026-06-19T12:09:36.533212,llama3.1:8b,174,15,ok,255.51622710190713,487,23,WARNING|Increase speed.,
2026-06-19T12:09:36.772727,llama3.1:8b,175,16,ok,239.4082120154053,488,21,WARNING|Reduce speed.,
2026-06-19T12:09:37.028172,llama3.1:8b,176,17,ok,255.16296597197652,490,23,WARNING|Increase speed.,
2026-06-19T12:09:37.276883,llama3.1:8b,177,18,ok,248.4559470321983,491,23,WARNING|Increase speed.,
2026-06-19T12:09:37.534509,llama3.1:8b,178,19,ok,257.39032798446715,491,23,WARNING|Increase speed.,
2026-06-19T12:09:37.783293,llama3.1:8b,179,20,ok,248.5694990027696,492,23,WARNING|Increase speed.,
2026-06-19T12:09:38.028156,llama3.1:8b,180,21,ok,244.60264085792005,492,23,WARNING|Increase speed.,
2026-06-19T12:09:38.283249,llama3.1:8b,181,22,ok,254.83421399258077,491,23,WARNING|Increase speed.,
2026-06-19T12:09:38.535249,llama3.1:8b,182,23,ok,251.74129009246826,497,23,WARNING|Increase speed.,
2026-06-19T12:09:38.784041,llama3.1:8b,183,24,ok,248.53420397266746,497,21,WARNING|Reduce speed.,
2026-06-19T12:09:39.032219,llama3.1:8b,184,25,ok,247.96012812294066,497,21,WARNING|Reduce speed.,
2026-06-19T12:09:39.294090,llama3.1:8b,185,26,ok,261.7054560687393,493,21,WARNING|Reduce speed.,
2026-06-19T12:09:39.553475,llama3.1:8b,186,27,ok,259.1378060169518,494,21,WARNING|Reduce speed.,
2026-06-19T12:09:39.812486,llama3.1:8b,187,28,ok,258.86860582977533,491,21,WARNING|Reduce speed.,
2026-06-19T12:09:40.066531,llama3.1:8b,188,29,ok,253.78799787722528,491,23,WARNING|Increase speed.,
2026-06-19T12:09:40.325401,llama3.1:8b,189,30,ok,258.63281288184226,491,23,WARNING|Increase speed.,
2026-06-19T12:09:40.580165,llama3.1:8b,190,31,ok,254.53077186830342,491,21,WARNING|Reduce speed.,
2026-06-19T12:09:40.831406,llama3.1:8b,191,32,ok,251.009063096717,491,21,WARNING|Reduce speed.,
2026-06-19T12:09:41.079757,llama3.1:8b,192,33,ok,248.11476096510887,491,21,WARNING|Reduce speed.,
2026-06-19T12:09:41.342238,llama3.1:8b,193,34,ok,262.2245398815721,491,23,WARNING|Increase speed.,
2026-06-19T12:09:41.605085,llama3.1:8b,194,35,ok,262.625491945073,491,23,WARNING|Increase speed.,
2026-06-19T12:09:41.857904,llama3.1:8b,195,36,ok,252.68576084636152,490,23,WARNING|Increase speed.,
2026-06-19T12:09:42.103394,llama3.1:8b,196,37,ok,245.38509198464453,492,23,WARNING|Increase speed.,
2026-06-19T12:09:42.357743,llama3.1:8b,197,38,ok,254.15433407761157,491,23,WARNING|Increase speed.,
2026-06-19T12:09:42.604545,llama3.1:8b,198,39,ok,246.52919499203563,477,23,WARNING|Increase speed.,
2026-06-19T12:09:42.849172,llama3.1:8b,199,40,ok,244.35157305561006,477,21,WARNING|Reduce speed.,
2026-06-19T12:09:43.104319,llama3.1:8b,200,41,ok,254.8876889050007,477,23,WARNING|Increase speed.,
2026-06-19T12:09:43.357482,llama3.1:8b,201,42,ok,252.90199904702604,477,23,WARNING|Increase speed.,
2026-06-19T12:09:43.608294,llama3.1:8b,202,43,ok,250.56467484682798,477,21,WARNING|Reduce speed.,
2026-06-19T12:09:43.857154,llama3.1:8b,203,44,ok,248.76531399786472,476,21,WARNING|Reduce speed.,
2026-06-19T12:09:44.112627,llama3.1:8b,204,45,ok,255.39043499156833,477,21,WARNING|Reduce speed.,
2026-06-19T12:09:44.366244,llama3.1:8b,205,46,ok,253.52030480280519,476,21,WARNING|Reduce speed.,
2026-06-19T12:09:44.613173,llama3.1:8b,206,47,ok,246.67678494006395,477,21,WARNING|Reduce speed.,
2026-06-19T12:09:44.867182,llama3.1:8b,207,48,ok,253.80587205290794,476,21,WARNING|Reduce speed.,
2026-06-19T12:09:45.116170,llama3.1:8b,208,49,ok,248.89256991446018,477,21,WARNING|Reduce speed.,
2026-06-19T12:09:45.371014,llama3.1:8b,209,50,ok,254.7543530818075,476,21,WARNING|Reduce speed.,
2026-06-19T12:09:45.640054,llama3.1:8b,210,51,ok,268.93403800204396,477,23,WARNING|Increase speed.,
2026-06-19T12:09:45.892355,llama3.1:8b,211,52,ok,252.10073310881853,477,23,WARNING|Increase speed.,
2026-06-19T12:09:46.138889,llama3.1:8b,212,53,ok,246.27079907804728,476,21,WARNING|Reduce speed.,
2026-06-19T12:09:46.388689,llama3.1:8b,213,54,ok,249.53769007697701,475,23,WARNING|Increase speed.,
2026-06-19T12:09:46.649181,llama3.1:8b,214,55,ok,260.1853220257908,473,23,WARNING|Increase speed.,
2026-06-19T12:09:46.891735,llama3.1:8b,215,56,ok,242.2971569467336,473,23,WARNING|Increase speed.,
2026-06-19T12:09:47.143429,llama3.1:8b,216,57,ok,251.42031209543347,472,23,WARNING|Increase speed.,
2026-06-19T12:09:47.397875,llama3.1:8b,217,58,ok,254.27674711681902,473,23,WARNING|Increase speed.,
2026-06-19T12:09:47.650972,llama3.1:8b,218,59,ok,252.83572310581803,475,23,WARNING|Increase speed.,
2026-06-19T12:09:47.906580,llama3.1:8b,219,60,ok,255.35064400173724,475,23,WARNING|Increase speed.,
2026-06-19T12:09:48.169896,llama3.1:8b,220,61,ok,263.03520798683167,473,23,WARNING|Increase speed.,
2026-06-19T12:09:48.419961,llama3.1:8b,221,62,ok,249.80714521370828,473,23,WARNING|Increase speed.,
2026-06-19T12:09:48.667943,llama3.1:8b,222,63,ok,247.72788397967815,473,23,WARNING|Increase speed.,
2026-06-19T12:09:48.915505,llama3.1:8b,223,64,ok,247.302555013448,473,23,WARNING|Increase speed.,
2026-06-19T12:09:49.168972,llama3.1:8b,224,65,ok,253.20986402221024,473,23,WARNING|Increase speed.,
2026-06-19T12:09:49.422682,llama3.1:8b,225,66,ok,253.4546060487628,473,23,WARNING|Increase speed.,
2026-06-19T12:09:49.667870,llama3.1:8b,226,67,ok,244.99627808108926,473,23,WARNING|Increase speed.,
2026-06-19T12:09:49.919926,llama3.1:8b,227,68,ok,251.69811607338488,474,23,WARNING|Increase speed.,
2026-06-19T12:09:50.161348,llama3.1:8b,228,69,ok,241.16742401383817,474,23,WARNING|Increase speed.,
2026-06-19T12:09:50.419387,llama3.1:8b,229,70,ok,257.8028889838606,473,23,WARNING|Increase speed.,
2026-06-19T12:09:50.674032,llama3.1:8b,230,71,ok,254.38636890612543,476,23,WARNING|Increase speed.,
2026-06-19T12:09:50.928165,llama3.1:8b,231,72,ok,253.8740411400795,477,23,WARNING|Increase speed.,
2026-06-19T12:09:51.184064,llama3.1:8b,232,73,ok,255.64230792224407,477,23,WARNING|Increase speed.,
2026-06-19T12:09:51.443198,llama3.1:8b,233,74,ok,258.87879612855613,477,23,WARNING|Increase speed.,
2026-06-19T12:09:51.698149,llama3.1:8b,234,75,ok,254.74620098248124,477,23,WARNING|Increase speed.,
2026-06-19T12:09:51.959865,llama3.1:8b,235,76,ok,261.45241619087756,474,23,WARNING|Increase speed.,
2026-06-19T12:09:52.208168,llama3.1:8b,236,77,ok,248.0594259686768,473,23,WARNING|Increase speed.,
2026-06-19T12:09:52.463841,llama3.1:8b,237,78,ok,255.583489080891,473,23,WARNING|Increase speed.,
2026-06-19T12:09:52.714721,llama3.1:8b,238,79,ok,250.7854939904064,473,23,WARNING|Increase speed.,
2026-06-19T12:09:52.964957,llama3.1:8b,239,80,ok,250.12823985889554,473,23,WARNING|Increase speed.,
2026-06-19T12:09:53.222433,llama3.1:8b,240,81,ok,257.37855210900307,473,23,WARNING|Increase speed.,
2026-06-19T12:09:53.474087,llama3.1:8b,241,82,ok,251.41438492573798,472,23,WARNING|Increase speed.,
2026-06-19T12:09:53.729989,llama3.1:8b,242,83,ok,255.76047413051128,473,23,WARNING|Increase speed.,
2026-06-19T12:09:53.977748,llama3.1:8b,243,84,ok,247.49463191255927,473,23,WARNING|Increase speed.,
2026-06-19T12:09:54.239909,llama3.1:8b,244,85,ok,261.839393991977,473,23,WARNING|Increase speed.,
2026-06-19T12:09:54.496291,llama3.1:8b,245,86,ok,256.12244196236134,473,23,WARNING|Increase speed.,
2026-06-19T12:09:54.753043,llama3.1:8b,246,87,ok,256.4871171489358,470,23,WARNING|Increase speed.,
2026-06-19T12:09:55.002535,llama3.1:8b,247,88,ok,249.23204397782683,468,21,WARNING|Reduce speed.,
2026-06-19T12:09:55.260114,llama3.1:8b,248,89,ok,257.31860287487507,470,23,WARNING|Increase speed.,
2026-06-19T12:09:55.557336,llama3.1:8b,249,90,ok,297.1120320726186,470,73,WARNING|Stop before the sign and look LEFT and RIGHT before moving ahead.,
2026-06-19T12:09:55.853001,llama3.1:8b,250,91,ok,295.575835974887,457,73,WARNING|Stop before the sign and look LEFT and RIGHT before moving ahead.,
2026-06-19T12:09:56.149519,llama3.1:8b,251,92,ok,296.4339640457183,459,73,WARNING|Stop before the sign and look LEFT and RIGHT before moving ahead.,
2026-06-19T12:09:56.426020,llama3.1:8b,252,93,ok,276.3961621094495,473,36,ACTUATE|Brake for the vehicle ahead.,
2026-06-19T12:09:56.729578,llama3.1:8b,253,94,ok,303.3197547774762,476,73,WARNING|Stop before the sign and look LEFT and RIGHT before moving ahead.,
2026-06-19T12:09:56.979634,llama3.1:8b,254,95,ok,249.78692107833922,477,29,WARNING|Stop before the sign.,
2026-06-19T12:09:57.240302,llama3.1:8b,255,96,ok,260.3917110245675,478,23,WARNING|Increase speed.,
2026-06-19T12:09:57.486235,llama3.1:8b,256,97,ok,245.68819114938378,477,23,WARNING|Increase speed.,
2026-06-19T12:09:57.731090,llama3.1:8b,257,98,ok,244.766634888947,477,23,WARNING|Increase speed.,
2026-06-19T12:09:57.983164,llama3.1:8b,258,99,ok,251.97256286628544,478,23,WARNING|Increase speed.,
2026-06-19T12:09:58.233341,llama3.1:8b,259,100,ok,250.091654015705,477,23,WARNING|Increase speed.,
2026-06-19T12:09:58.474817,llama3.1:8b,260,101,ok,241.38618703000247,477,21,WARNING|Reduce speed.,
2026-06-19T12:09:58.725666,llama3.1:8b,261,102,ok,250.6395250093192,477,21,WARNING|Reduce speed.,
2026-06-19T12:09:58.970725,llama3.1:8b,262,103,ok,244.89809712395072,477,21,WARNING|Reduce speed.,
2026-06-19T12:09:59.231090,llama3.1:8b,263,104,ok,260.21163701079786,475,21,WARNING|Reduce speed.,
2026-06-19T12:09:59.474302,llama3.1:8b,264,105,ok,242.99234803766012,474,23,WARNING|Increase speed.,
2026-06-19T12:09:59.718345,llama3.1:8b,265,106,ok,243.94794297404587,473,23,WARNING|Increase speed.,
2026-06-19T12:09:59.961990,llama3.1:8b,266,107,ok,243.42567194253206,474,21,WARNING|Reduce speed.,
2026-06-19T12:10:00.216939,llama3.1:8b,267,108,ok,254.8626360949129,473,23,WARNING|Increase speed.,
2026-06-19T12:10:00.466921,llama3.1:8b,268,109,ok,249.8850270640105,474,21,WARNING|Reduce speed.,
2026-06-19T12:10:00.716517,llama3.1:8b,269,110,ok,249.3734839372337,472,23,WARNING|Increase speed.,
2026-06-19T12:10:00.957514,llama3.1:8b,270,111,ok,240.9123769029975,469,21,WARNING|Reduce speed.,
2026-06-19T12:10:01.200781,llama3.1:8b,271,112,ok,243.1647980120033,469,21,WARNING|Reduce speed.,
2026-06-19T12:10:01.448925,llama3.1:8b,272,113,ok,248.05803899653256,469,21,WARNING|Reduce speed.,
2026-06-19T12:10:01.709570,llama3.1:8b,273,114,ok,260.5478819459677,469,21,WARNING|Reduce speed.,
2026-06-19T12:10:01.956450,llama3.1:8b,274,115,ok,246.78799300454557,473,21,WARNING|Reduce speed.,
2026-06-19T12:10:02.205326,llama3.1:8b,275,116,ok,248.71154897846282,476,23,WARNING|Increase speed.,
2026-06-19T12:10:02.449958,llama3.1:8b,276,117,ok,244.4406459107995,472,23,WARNING|Increase speed.,
2026-06-19T12:10:02.746975,llama3.1:8b,277,118,ok,296.83403903618455,474,73,WARNING|Stop before the sign and look LEFT and RIGHT before moving ahead.,
2026-06-19T12:10:03.048762,llama3.1:8b,278,119,ok,301.5265339054167,457,73,WARNING|Stop before the sign and look LEFT and RIGHT before moving ahead.,
2026-06-19T12:10:03.341148,llama3.1:8b,279,120,ok,292.1171998605132,455,73,WARNING|Stop before the sign and look LEFT and RIGHT before moving ahead.,
2026-06-19T12:10:03.620844,llama3.1:8b,280,121,ok,279.4330639299005,457,29,ACTUATE|Stop before the sign.,
2026-06-19T12:10:03.879640,llama3.1:8b,281,122,ok,258.54413001798093,459,29,ACTUATE|Stop before the sign.,
2026-06-19T12:10:04.164210,llama3.1:8b,282,123,ok,284.3014230020344,459,73,WARNING|Stop before the sign and look LEFT and RIGHT before moving ahead.,
2026-06-19T12:10:04.398218,llama3.1:8b,283,124,ok,233.75087906606495,459,29,WARNING|Stop before the sign.,
2026-06-19T12:10:04.683755,llama3.1:8b,284,125,ok,285.2825368754566,459,73,WARNING|Stop before the sign and look LEFT and RIGHT before moving ahead.,
2026-06-19T12:10:04.971067,llama3.1:8b,285,126,ok,287.04498312436044,459,73,WARNING|Stop before the sign and look LEFT and RIGHT before moving ahead.,
2026-06-19T12:10:05.282128,llama3.1:8b,286,127,ok,310.79777400009334,476,73,WARNING|Stop before the sign and look LEFT and RIGHT before moving ahead.,
2026-06-19T12:10:05.563012,llama3.1:8b,287,128,ok,280.62492283061147,474,36,ACTUATE|Brake for the vehicle ahead.,
2026-06-19T12:10:05.857820,llama3.1:8b,288,129,ok,294.5489101111889,474,73,WARNING|Stop before the sign and look LEFT and RIGHT before moving ahead.,
2026-06-19T12:10:06.129518,llama3.1:8b,289,130,ok,271.44065499305725,473,36,ACTUATE|Brake for the vehicle ahead.,
2026-06-19T12:10:06.423080,llama3.1:8b,290,131,ok,293.31190092489123,459,73,WARNING|Stop before the sign and look LEFT and RIGHT before moving ahead.,
2026-06-19T12:10:06.724959,llama3.1:8b,291,132,ok,301.7001759726554,459,73,WARNING|Stop before the sign and look LEFT and RIGHT before moving ahead.,
2026-06-19T12:10:07.001618,llama3.1:8b,292,133,ok,276.40067506581545,459,73,WARNING|Stop before the sign and look LEFT and RIGHT before moving ahead.,
2026-06-19T12:10:07.304975,llama3.1:8b,293,134,ok,303.08157089166343,473,36,ACTUATE|Brake for the vehicle ahead.,
2026-06-19T12:10:07.584621,llama3.1:8b,294,135,ok,279.3991188518703,474,23,WARNING|Increase speed.,
2026-06-19T12:10:07.888062,llama3.1:8b,295,136,ok,303.3351879566908,474,73,WARNING|Stop before the sign and look LEFT and RIGHT before moving ahead.,
2026-06-19T12:10:08.193388,llama3.1:8b,296,137,ok,305.0703390035778,459,73,WARNING|Stop before the sign and look LEFT and RIGHT before moving ahead.,
2026-06-19T12:10:08.453507,llama3.1:8b,297,138,ok,259.90323699079454,459,29,ACTUATE|Stop before the sign.,
2026-06-19T12:10:08.711465,llama3.1:8b,298,139,ok,257.8678939025849,459,29,ACTUATE|Stop before the sign.,
2026-06-19T12:10:09.008508,llama3.1:8b,299,140,ok,296.95442598313093,459,73,WARNING|Stop before the sign and look LEFT and RIGHT before moving ahead.,
2026-06-19T12:10:20.418635,llama3.1:70b,warmup,0,warmup,11409.635771997273,399,5,NONE|,
2026-06-19T12:10:20.713080,llama3.1:70b,0,0,ok,294.18363817967474,399,5,NONE|,
2026-06-19T12:10:21.127802,llama3.1:70b,1,1,ok,414.61681318469346,492,5,NONE|,
2026-06-19T12:10:21.656033,llama3.1:70b,2,2,ok,527.9875549022108,491,23,WARNING|Increase speed.,
2026-06-19T12:10:22.165951,llama3.1:70b,3,3,ok,509.6571920439601,490,23,WARNING|Increase speed.,
2026-06-19T12:10:22.678219,llama3.1:70b,4,4,ok,512.0157080236822,490,23,WARNING|Increase speed.,
2026-06-19T12:10:23.188984,llama3.1:70b,5,5,ok,510.5940659996122,490,23,WARNING|Increase speed.,
2026-06-19T12:10:23.709573,llama3.1:70b,6,6,ok,520.3298940323293,490,23,WARNING|Increase speed.,
2026-06-19T12:10:24.220428,llama3.1:70b,7,7,ok,510.58117812499404,491,23,WARNING|Increase speed.,
2026-06-19T12:10:24.739575,llama3.1:70b,8,8,ok,518.9016221556813,491,23,WARNING|Increase speed.,
2026-06-19T12:10:25.551798,llama3.1:70b,9,9,ok,812.1378049254417,500,49,ACTUATE|Brake for the vehicle in your blind spot.,
2026-06-19T12:10:26.366336,llama3.1:70b,10,10,ok,814.4528700504452,501,49,ACTUATE|Brake for the vehicle in your blind spot.,
2026-06-19T12:10:26.890241,llama3.1:70b,11,11,ok,523.8172500394285,495,23,WARNING|Increase speed.,
2026-06-19T12:10:27.406327,llama3.1:70b,12,12,ok,516.0023360513151,494,23,WARNING|Increase speed.,
2026-06-19T12:10:27.930530,llama3.1:70b,13,13,ok,524.1031770128757,495,23,WARNING|Increase speed.,
2026-06-19T12:10:28.440585,llama3.1:70b,14,14,ok,509.78819699957967,495,23,WARNING|Increase speed.,
2026-06-19T12:10:28.959950,llama3.1:70b,15,15,ok,519.088071770966,487,23,WARNING|Increase speed.,
2026-06-19T12:10:29.487974,llama3.1:70b,16,16,ok,527.7659639250487,488,23,WARNING|Increase speed.,
2026-06-19T12:10:30.001224,llama3.1:70b,17,17,ok,513.0014789756387,490,23,WARNING|Increase speed.,
2026-06-19T12:10:30.516039,llama3.1:70b,18,18,ok,514.6810659207404,491,23,WARNING|Increase speed.,
2026-06-19T12:10:31.033671,llama3.1:70b,19,19,ok,517.3805600497872,491,23,WARNING|Increase speed.,
2026-06-19T12:10:31.545269,llama3.1:70b,20,20,ok,511.3600150216371,492,23,WARNING|Increase speed.,
2026-06-19T12:10:32.068966,llama3.1:70b,21,21,ok,523.5293419100344,492,23,WARNING|Increase speed.,
2026-06-19T12:10:32.582600,llama3.1:70b,22,22,ok,513.4083239827305,491,23,WARNING|Increase speed.,
2026-06-19T12:10:33.272104,llama3.1:70b,23,23,ok,689.2995948437601,497,48,WARNING|Look LEFT and RIGHT before moving ahead.,
2026-06-19T12:10:33.952498,llama3.1:70b,24,24,ok,680.1527610514313,497,48,WARNING|Look LEFT and RIGHT before moving ahead.,
2026-06-19T12:10:34.641793,llama3.1:70b,25,25,ok,689.0399809926748,497,48,WARNING|Look LEFT and RIGHT before moving ahead.,
2026-06-19T12:10:35.158493,llama3.1:70b,26,26,ok,516.4603779558092,493,21,WARNING|Reduce speed.,
2026-06-19T12:10:35.671871,llama3.1:70b,27,27,ok,513.1308881100267,494,21,WARNING|Reduce speed.,
2026-06-19T12:10:36.076265,llama3.1:70b,28,28,ok,404.29318393580616,491,5,NONE|,
2026-06-19T12:10:36.492116,llama3.1:70b,29,29,ok,415.6042030081153,491,5,NONE|,
2026-06-19T12:10:36.909979,llama3.1:70b,30,30,ok,417.6197510678321,491,5,NONE|,
2026-06-19T12:10:37.326516,llama3.1:70b,31,31,ok,416.31014202721417,491,5,NONE|,
2026-06-19T12:10:37.749264,llama3.1:70b,32,32,ok,422.6568911690265,491,5,NONE|,
2026-06-19T12:10:38.161150,llama3.1:70b,33,33,ok,411.7839359678328,491,5,NONE|,
2026-06-19T12:10:38.568486,llama3.1:70b,34,34,ok,407.11382194422185,491,5,NONE|,
2026-06-19T12:10:38.984474,llama3.1:70b,35,35,ok,415.90435802936554,491,5,NONE|,
2026-06-19T12:10:39.505383,llama3.1:70b,36,36,ok,520.810971967876,490,23,WARNING|Increase speed.,
2026-06-19T12:10:40.006113,llama3.1:70b,37,37,ok,500.64702704548836,492,23,WARNING|Increase speed.,
2026-06-19T12:10:40.508786,llama3.1:70b,38,38,ok,502.56866915151477,491,23,WARNING|Increase speed.,
2026-06-19T12:10:40.907873,llama3.1:70b,39,39,ok,398.98961782455444,477,5,NONE|,
2026-06-19T12:10:41.325472,llama3.1:70b,40,40,ok,417.51141706481576,477,5,NONE|,
2026-06-19T12:10:41.747648,llama3.1:70b,41,41,ok,422.0758529845625,477,5,NONE|,
2026-06-19T12:10:42.160641,llama3.1:70b,42,42,ok,412.7224311232567,477,5,NONE|,
2026-06-19T12:10:42.576489,llama3.1:70b,43,43,ok,415.5803290195763,477,5,NONE|,
2026-06-19T12:10:42.991816,llama3.1:70b,44,44,ok,415.0449112057686,476,5,NONE|,
2026-06-19T12:10:43.411094,llama3.1:70b,45,45,ok,418.9872161950916,477,5,NONE|,
2026-06-19T12:10:43.827669,llama3.1:70b,46,46,ok,416.3787269499153,476,5,NONE|,
2026-06-19T12:10:44.251027,llama3.1:70b,47,47,ok,422.8449761867523,477,5,NONE|,
2026-06-19T12:10:44.670919,llama3.1:70b,48,48,ok,419.60036591626704,476,5,NONE|,
2026-06-19T12:10:45.102014,llama3.1:70b,49,49,ok,430.8704489376396,477,5,NONE|,
2026-06-19T12:10:45.537898,llama3.1:70b,50,50,ok,435.59650401584804,476,5,NONE|,
2026-06-19T12:10:45.956764,llama3.1:70b,51,51,ok,418.6887941323221,477,5,NONE|,
2026-06-19T12:10:46.376731,llama3.1:70b,52,52,ok,419.6224180050194,477,5,NONE|,
2026-06-19T12:10:46.815843,llama3.1:70b,53,53,ok,438.80430120043457,476,5,NONE|,
2026-06-19T12:10:47.235033,llama3.1:70b,54,54,ok,418.96426887251437,475,5,NONE|,
2026-06-19T12:10:47.656688,llama3.1:70b,55,55,ok,421.4649358764291,473,5,NONE|,
2026-06-19T12:10:48.089163,llama3.1:70b,56,56,ok,432.16155702248216,473,5,NONE|,
2026-06-19T12:10:48.509237,llama3.1:70b,57,57,ok,419.77959405630827,472,5,NONE|,
2026-06-19T12:10:48.926010,llama3.1:70b,58,58,ok,416.5388201363385,473,5,NONE|,
2026-06-19T12:10:49.363839,llama3.1:70b,59,59,ok,437.60158005170524,475,5,NONE|,
2026-06-19T12:10:49.780056,llama3.1:70b,60,60,ok,415.8362760208547,475,5,NONE|,
2026-06-19T12:10:50.205167,llama3.1:70b,61,61,ok,424.8748980462551,473,5,NONE|,
2026-06-19T12:10:50.624876,llama3.1:70b,62,62,ok,419.5517390035093,473,5,NONE|,
2026-06-19T12:10:51.049685,llama3.1:70b,63,63,ok,424.6036659460515,473,5,NONE|,
2026-06-19T12:10:51.471022,llama3.1:70b,64,64,ok,421.0212219040841,473,5,NONE|,
2026-06-19T12:10:51.901021,llama3.1:70b,65,65,ok,429.69575012102723,473,5,NONE|,
2026-06-19T12:10:52.324310,llama3.1:70b,66,66,ok,422.98430018126965,473,5,NONE|,
2026-06-19T12:10:52.756353,llama3.1:70b,67,67,ok,431.73948489129543,473,5,NONE|,
2026-06-19T12:10:53.179362,llama3.1:70b,68,68,ok,422.707743011415,474,5,NONE|,
2026-06-19T12:10:53.608004,llama3.1:70b,69,69,ok,428.34137799218297,474,5,NONE|,
2026-06-19T12:10:54.030607,llama3.1:70b,70,70,ok,422.3979199305177,473,5,NONE|,
2026-06-19T12:10:54.454516,llama3.1:70b,71,71,ok,423.65263984538615,476,5,NONE|,
2026-06-19T12:10:54.871032,llama3.1:70b,72,72,ok,416.21475014835596,477,5,NONE|,
2026-06-19T12:10:55.293191,llama3.1:70b,73,73,ok,422.0297827851027,477,5,NONE|,
2026-06-19T12:10:55.722734,llama3.1:70b,74,74,ok,429.416349157691,477,5,NONE|,
2026-06-19T12:10:56.143267,llama3.1:70b,75,75,ok,420.38624198175967,477,5,NONE|,
2026-06-19T12:10:56.575667,llama3.1:70b,76,76,ok,432.262941962108,474,5,NONE|,
2026-06-19T12:10:56.998177,llama3.1:70b,77,77,ok,422.30231198482215,473,5,NONE|,
2026-06-19T12:10:57.418921,llama3.1:70b,78,78,ok,420.4514070879668,473,5,NONE|,
2026-06-19T12:10:57.838294,llama3.1:70b,79,79,ok,419.08250004053116,473,5,NONE|,
2026-06-19T12:10:58.253202,llama3.1:70b,80,80,ok,414.6057581529021,473,5,NONE|,
2026-06-19T12:10:58.675954,llama3.1:70b,81,81,ok,422.4589120130986,473,5,NONE|,
2026-06-19T12:10:59.104407,llama3.1:70b,82,82,ok,428.1701650470495,472,5,NONE|,
2026-06-19T12:10:59.540834,llama3.1:70b,83,83,ok,436.29572493955493,473,5,NONE|,
2026-06-19T12:10:59.965228,llama3.1:70b,84,84,ok,424.2650100495666,473,5,NONE|,
2026-06-19T12:11:00.383944,llama3.1:70b,85,85,ok,418.5835821554065,473,5,NONE|,
2026-06-19T12:11:00.798154,llama3.1:70b,86,86,ok,414.0742861200124,473,5,NONE|,
2026-06-19T12:11:01.222301,llama3.1:70b,87,87,ok,424.0134621504694,470,5,NONE|,
2026-06-19T12:11:01.641446,llama3.1:70b,88,88,ok,419.01511000469327,468,5,NONE|,
2026-06-19T12:11:02.058162,llama3.1:70b,89,89,ok,416.6214959695935,470,5,NONE|,
2026-06-19T12:11:02.472092,llama3.1:70b,90,90,ok,413.83265308104455,470,5,NONE|,
2026-06-19T12:11:02.889690,llama3.1:70b,91,91,ok,417.5029678735882,457,5,NONE|,
2026-06-19T12:11:03.269318,llama3.1:70b,92,92,ok,379.47866995818913,459,5,NONE|,
2026-06-19T12:11:03.695875,llama3.1:70b,93,93,ok,426.4729470014572,473,5,NONE|,
2026-06-19T12:11:04.114723,llama3.1:70b,94,94,ok,418.75879000872374,476,5,NONE|,
2026-06-19T12:11:04.530988,llama3.1:70b,95,95,ok,416.14038799889386,477,5,NONE|,
2026-06-19T12:11:04.954705,llama3.1:70b,96,96,ok,423.4644661191851,478,5,NONE|,
2026-06-19T12:11:05.369764,llama3.1:70b,97,97,ok,414.80495501309633,477,5,NONE|,
2026-06-19T12:11:05.788344,llama3.1:70b,98,98,ok,418.3051879517734,477,5,NONE|,
2026-06-19T12:11:06.203474,llama3.1:70b,99,99,ok,414.87099905498326,478,5,NONE|,
2026-06-19T12:11:06.626360,llama3.1:70b,100,100,ok,422.62556008063257,477,5,NONE|,
2026-06-19T12:11:07.038760,llama3.1:70b,101,101,ok,412.1419028379023,477,5,NONE|,
2026-06-19T12:11:07.457115,llama3.1:70b,102,102,ok,418.08511316776276,477,5,NONE|,
2026-06-19T12:11:07.883128,llama3.1:70b,103,103,ok,425.7417591288686,477,5,NONE|,
2026-06-19T12:11:08.304708,llama3.1:70b,104,104,ok,421.2765709962696,475,5,NONE|,
2026-06-19T12:11:08.722311,llama3.1:70b,105,105,ok,417.3849041108042,474,5,NONE|,
2026-06-19T12:11:09.136850,llama3.1:70b,106,106,ok,414.28041202016175,473,5,NONE|,
2026-06-19T12:11:09.554334,llama3.1:70b,107,107,ok,417.22716693766415,474,5,NONE|,
2026-06-19T12:11:09.969446,llama3.1:70b,108,108,ok,414.8893200326711,473,5,NONE|,
2026-06-19T12:11:10.408174,llama3.1:70b,109,109,ok,438.46999178640544,474,5,NONE|,
2026-06-19T12:11:10.833396,llama3.1:70b,110,110,ok,424.9598390888423,472,5,NONE|,
2026-06-19T12:11:11.260131,llama3.1:70b,111,111,ok,426.48866190575063,469,5,NONE|,
2026-06-19T12:11:11.675740,llama3.1:70b,112,112,ok,415.4552291147411,469,5,NONE|,
2026-06-19T12:11:12.104702,llama3.1:70b,113,113,ok,428.7775221746415,469,5,NONE|,
2026-06-19T12:11:12.525413,llama3.1:70b,114,114,ok,420.44327897019684,469,5,NONE|,
2026-06-19T12:11:12.962669,llama3.1:70b,115,115,ok,436.99597916565835,473,5,NONE|,
2026-06-19T12:11:13.398973,llama3.1:70b,116,116,ok,436.04835006408393,476,5,NONE|,
2026-06-19T12:11:13.820678,llama3.1:70b,117,117,ok,421.60650505684316,472,5,NONE|,
2026-06-19T12:11:14.243022,llama3.1:70b,118,118,ok,422.20241110771894,474,5,NONE|,
2026-06-19T12:11:14.673795,llama3.1:70b,119,119,ok,430.6652599480003,457,5,NONE|,
2026-06-19T12:11:15.035198,llama3.1:70b,120,120,ok,361.1845439299941,455,5,NONE|,
2026-06-19T12:11:15.424261,llama3.1:70b,121,121,ok,388.9830179978162,457,5,NONE|,
2026-06-19T12:11:15.799262,llama3.1:70b,122,122,ok,374.89981087855995,459,5,NONE|,
2026-06-19T12:11:16.095040,llama3.1:70b,123,123,ok,295.5358559265733,459,5,NONE|,
2026-06-19T12:11:16.389120,llama3.1:70b,124,124,ok,293.83847606368363,459,5,NONE|,
2026-06-19T12:11:16.685401,llama3.1:70b,125,125,ok,296.0279278922826,459,5,NONE|,
2026-06-19T12:11:16.972640,llama3.1:70b,126,126,ok,286.980306962505,459,5,NONE|,
2026-06-19T12:11:17.391654,llama3.1:70b,127,127,ok,418.7421281822026,476,5,NONE|,
2026-06-19T12:11:17.825368,llama3.1:70b,128,128,ok,433.4426380228251,474,5,NONE|,
2026-06-19T12:11:18.254177,llama3.1:70b,129,129,ok,428.56402113102376,474,5,NONE|,
2026-06-19T12:11:18.679077,llama3.1:70b,130,130,ok,424.78263890370727,473,5,NONE|,
2026-06-19T12:11:19.094997,llama3.1:70b,131,131,ok,415.64759402535856,459,5,NONE|,
2026-06-19T12:11:19.477204,llama3.1:70b,132,132,ok,381.934748031199,459,5,NONE|,
2026-06-19T12:11:19.787451,llama3.1:70b,133,133,ok,309.9958240054548,459,5,NONE|,
2026-06-19T12:11:20.201169,llama3.1:70b,134,134,ok,413.46964216791093,473,5,NONE|,
2026-06-19T12:11:20.614503,llama3.1:70b,135,135,ok,413.25012198649347,474,5,NONE|,
2026-06-19T12:11:21.045085,llama3.1:70b,136,136,ok,430.4855950176716,474,5,NONE|,
2026-06-19T12:11:21.465326,llama3.1:70b,137,137,ok,420.02040008082986,459,5,NONE|,
2026-06-19T12:11:21.767206,llama3.1:70b,138,138,ok,301.72026506625116,459,5,NONE|,
2026-06-19T12:11:22.056994,llama3.1:70b,139,139,ok,289.70189299434423,459,5,NONE|,
2026-06-19T12:11:22.355934,llama3.1:70b,140,140,ok,298.8487051334232,459,5,NONE|,
2026-06-19T12:11:22.650655,llama3.1:70b,141,141,ok,294.6227891370654,459,5,NONE|,
2026-06-19T12:11:22.947502,llama3.1:70b,142,142,ok,296.5956381522119,459,5,NONE|,
2026-06-19T12:11:23.242001,llama3.1:70b,143,143,ok,294.25303800962865,459,5,NONE|,
2026-06-19T12:11:23.531852,llama3.1:70b,144,144,ok,289.67368183657527,459,5,NONE|,
2026-06-19T12:11:23.879079,llama3.1:70b,145,145,ok,347.11343492381275,461,5,NONE|,
2026-06-19T12:11:24.250489,llama3.1:70b,146,146,ok,371.2569619528949,463,5,NONE|,
2026-06-19T12:11:24.544927,llama3.1:70b,147,147,ok,294.31353602558374,463,5,NONE|,
2026-06-19T12:11:24.840335,llama3.1:70b,148,148,ok,295.30449816957116,463,5,NONE|,
2026-06-19T12:11:25.261643,llama3.1:70b,149,149,ok,421.04330309666693,478,5,NONE|,
2026-06-19T12:11:25.680839,llama3.1:70b,150,150,ok,418.93582604825497,477,5,NONE|,
2026-06-19T12:11:26.101087,llama3.1:70b,151,151,ok,420.1553009916097,477,5,NONE|,
2026-06-19T12:11:26.517307,llama3.1:70b,152,152,ok,416.11907817423344,479,5,NONE|,
2026-06-19T12:11:26.937964,llama3.1:70b,153,153,ok,420.3838868997991,463,5,NONE|,
2026-06-19T12:11:27.224708,llama3.1:70b,154,154,ok,286.49087715893984,463,5,NONE|,
2026-06-19T12:11:27.598997,llama3.1:70b,155,155,ok,374.0182239562273,461,5,NONE|,
2026-06-19T12:11:27.990908,llama3.1:70b,156,156,ok,391.6543528903276,457,5,NONE|,
2026-06-19T12:11:28.364952,llama3.1:70b,157,157,ok,373.7779890652746,455,5,NONE|,
2026-06-19T12:11:28.653405,llama3.1:70b,158,158,ok,288.1820888724178,455,5,NONE|,
2026-06-19T12:11:29.034561,llama3.1:70b,159,0,ok,380.9323441237211,399,5,NONE|,
2026-06-19T12:11:29.456372,llama3.1:70b,160,1,ok,421.56203812919557,492,5,NONE|,
2026-06-19T12:11:29.966753,llama3.1:70b,161,2,ok,510.2139918599278,491,23,WARNING|Increase speed.,
2026-06-19T12:11:30.494857,llama3.1:70b,162,3,ok,528.0006199609488,490,23,WARNING|Increase speed.,
2026-06-19T12:11:31.018957,llama3.1:70b,163,4,ok,524.0072419401258,490,23,WARNING|Increase speed.,
2026-06-19T12:11:31.549675,llama3.1:70b,164,5,ok,530.6246038526297,490,23,WARNING|Increase speed.,
2026-06-19T12:11:32.070993,llama3.1:70b,165,6,ok,521.1977418512106,490,23,WARNING|Increase speed.,
2026-06-19T12:11:32.585993,llama3.1:70b,166,7,ok,514.915538020432,491,23,WARNING|Increase speed.,
2026-06-19T12:11:33.099774,llama3.1:70b,167,8,ok,513.6755190324038,491,23,WARNING|Increase speed.,
2026-06-19T12:11:33.935166,llama3.1:70b,168,9,ok,835.1311609148979,500,49,ACTUATE|Brake for the vehicle in your blind spot.,
2026-06-19T12:11:34.780337,llama3.1:70b,169,10,ok,844.8970238678157,501,49,ACTUATE|Brake for the vehicle in your blind spot.,
2026-06-19T12:11:35.303354,llama3.1:70b,170,11,ok,522.7491140831262,495,23,WARNING|Increase speed.,
2026-06-19T12:11:35.822840,llama3.1:70b,171,12,ok,519.2224280908704,494,23,WARNING|Increase speed.,
2026-06-19T12:11:36.346969,llama3.1:70b,172,13,ok,523.8754691090435,495,23,WARNING|Increase speed.,
2026-06-19T12:11:36.880345,llama3.1:70b,173,14,ok,533.1397249829024,495,23,WARNING|Increase speed.,
2026-06-19T12:11:37.404890,llama3.1:70b,174,15,ok,524.3062188383192,487,23,WARNING|Increase speed.,
2026-06-19T12:11:37.932430,llama3.1:70b,175,16,ok,527.3021920584142,488,23,WARNING|Increase speed.,
2026-06-19T12:11:38.459425,llama3.1:70b,176,17,ok,526.7615639604628,490,23,WARNING|Increase speed.,
2026-06-19T12:11:38.981189,llama3.1:70b,177,18,ok,521.5426231734455,491,23,WARNING|Increase speed.,
2026-06-19T12:11:39.507700,llama3.1:70b,178,19,ok,526.2771260458976,491,23,WARNING|Increase speed.,
2026-06-19T12:11:40.039311,llama3.1:70b,179,20,ok,531.3623200636357,492,23,WARNING|Increase speed.,
2026-06-19T12:11:40.560278,llama3.1:70b,180,21,ok,520.8625260274857,492,23,WARNING|Increase speed.,
2026-06-19T12:11:41.070281,llama3.1:70b,181,22,ok,509.8974199499935,491,23,WARNING|Increase speed.,
2026-06-19T12:11:41.766312,llama3.1:70b,182,23,ok,695.7984128966928,497,48,WARNING|Look LEFT and RIGHT before moving ahead.,
2026-06-19T12:11:42.458303,llama3.1:70b,183,24,ok,691.7511729989201,497,48,WARNING|Look LEFT and RIGHT before moving ahead.,
2026-06-19T12:11:43.159528,llama3.1:70b,184,25,ok,700.9984878823161,497,48,WARNING|Look LEFT and RIGHT before moving ahead.,
2026-06-19T12:11:43.678435,llama3.1:70b,185,26,ok,518.7490610405803,493,21,WARNING|Reduce speed.,
2026-06-19T12:11:44.204413,llama3.1:70b,186,27,ok,525.8171479217708,494,21,WARNING|Reduce speed.,
2026-06-19T12:11:44.623982,llama3.1:70b,187,28,ok,419.33377692475915,491,5,NONE|,
2026-06-19T12:11:45.052845,llama3.1:70b,188,29,ok,428.6691809538752,491,5,NONE|,
2026-06-19T12:11:45.479733,llama3.1:70b,189,30,ok,426.726940786466,491,5,NONE|,
2026-06-19T12:11:45.907029,llama3.1:70b,190,31,ok,427.1568499971181,491,5,NONE|,
2026-06-19T12:11:46.326415,llama3.1:70b,191,32,ok,419.2916448228061,491,5,NONE|,
2026-06-19T12:11:46.761777,llama3.1:70b,192,33,ok,435.12526201084256,491,5,NONE|,
2026-06-19T12:11:47.188203,llama3.1:70b,193,34,ok,426.29141197539866,491,5,NONE|,
2026-06-19T12:11:47.614435,llama3.1:70b,194,35,ok,425.9337510447949,491,5,NONE|,
2026-06-19T12:11:48.129822,llama3.1:70b,195,36,ok,515.0827399920672,490,23,WARNING|Increase speed.,
2026-06-19T12:11:48.654399,llama3.1:70b,196,37,ok,524.3335380218923,492,23,WARNING|Increase speed.,
2026-06-19T12:11:49.189296,llama3.1:70b,197,38,ok,534.5951551571488,491,23,WARNING|Increase speed.,
2026-06-19T12:11:49.621459,llama3.1:70b,198,39,ok,431.86543695628643,477,5,NONE|,
2026-06-19T12:11:50.044712,llama3.1:70b,199,40,ok,422.9534629266709,477,5,NONE|,
2026-06-19T12:11:50.468068,llama3.1:70b,200,41,ok,423.0909280013293,477,5,NONE|,
2026-06-19T12:11:50.893747,llama3.1:70b,201,42,ok,425.38543697446585,477,5,NONE|,
2026-06-19T12:11:51.318622,llama3.1:70b,202,43,ok,424.548733048141,477,5,NONE|,
2026-06-19T12:11:51.751229,llama3.1:70b,203,44,ok,432.2977040428668,476,5,NONE|,
2026-06-19T12:11:52.173228,llama3.1:70b,204,45,ok,421.8209630344063,477,5,NONE|,
2026-06-19T12:11:52.598329,llama3.1:70b,205,46,ok,424.8358819168061,476,5,NONE|,
2026-06-19T12:11:53.027363,llama3.1:70b,206,47,ok,428.9035031106323,477,5,NONE|,
2026-06-19T12:11:53.448917,llama3.1:70b,207,48,ok,421.4238431304693,476,5,NONE|,
2026-06-19T12:11:53.871401,llama3.1:70b,208,49,ok,422.355538001284,477,5,NONE|,
2026-06-19T12:11:54.299534,llama3.1:70b,209,50,ok,427.9995560646057,476,5,NONE|,
2026-06-19T12:11:54.733905,llama3.1:70b,210,51,ok,434.2378529254347,477,5,NONE|,
2026-06-19T12:11:55.162273,llama3.1:70b,211,52,ok,428.2399129588157,477,5,NONE|,
2026-06-19T12:11:55.582694,llama3.1:70b,212,53,ok,420.28875392861664,476,5,NONE|,
2026-06-19T12:11:55.999402,llama3.1:70b,213,54,ok,416.5450839791447,475,5,NONE|,
2026-06-19T12:11:56.424034,llama3.1:70b,214,55,ok,424.4959307834506,473,5,NONE|,
2026-06-19T12:11:56.857463,llama3.1:70b,215,56,ok,433.29219589941204,473,5,NONE|,
2026-06-19T12:11:57.282968,llama3.1:70b,216,57,ok,425.36915792152286,472,5,NONE|,
2026-06-19T12:11:57.705695,llama3.1:70b,217,58,ok,422.58135601878166,473,5,NONE|,
2026-06-19T12:11:58.134411,llama3.1:70b,218,59,ok,428.4782260656357,475,5,NONE|,
2026-06-19T12:11:58.571719,llama3.1:70b,219,60,ok,437.0115729980171,475,5,NONE|,
2026-06-19T12:11:58.995843,llama3.1:70b,220,61,ok,423.79379901103675,473,5,NONE|,
2026-06-19T12:11:59.433248,llama3.1:70b,221,62,ok,437.1039601974189,473,5,NONE|,
2026-06-19T12:11:59.851559,llama3.1:70b,222,63,ok,418.01271098665893,473,5,NONE|,
2026-06-19T12:12:00.278043,llama3.1:70b,223,64,ok,426.15011404268444,473,5,NONE|,
2026-06-19T12:12:00.711427,llama3.1:70b,224,65,ok,433.0826292280108,473,5,NONE|,
2026-06-19T12:12:01.135409,llama3.1:70b,225,66,ok,423.67862490937114,473,5,NONE|,
2026-06-19T12:12:01.559926,llama3.1:70b,226,67,ok,424.2304649669677,473,5,NONE|,
2026-06-19T12:12:01.990898,llama3.1:70b,227,68,ok,430.7723040692508,474,5,NONE|,
2026-06-19T12:12:02.410830,llama3.1:70b,228,69,ok,419.63203391060233,474,5,NONE|,
2026-06-19T12:12:02.838554,llama3.1:70b,229,70,ok,427.447902970016,473,5,NONE|,
2026-06-19T12:12:03.266346,llama3.1:70b,230,71,ok,427.4768379982561,476,5,NONE|,
2026-06-19T12:12:03.689091,llama3.1:70b,231,72,ok,422.48646216467023,477,5,NONE|,
2026-06-19T12:12:04.111673,llama3.1:70b,232,73,ok,422.3434990271926,477,5,NONE|,
2026-06-19T12:12:04.555900,llama3.1:70b,233,74,ok,443.9005791209638,477,5,NONE|,
2026-06-19T12:12:04.973398,llama3.1:70b,234,75,ok,417.196995113045,477,5,NONE|,
2026-06-19T12:12:05.386516,llama3.1:70b,235,76,ok,412.8187708556652,474,5,NONE|,
2026-06-19T12:12:05.821709,llama3.1:70b,236,77,ok,434.99097716994584,473,5,NONE|,
2026-06-19T12:12:06.252577,llama3.1:70b,237,78,ok,430.642545921728,473,5,NONE|,
2026-06-19T12:12:06.678568,llama3.1:70b,238,79,ok,425.6536380853504,473,5,NONE|,
2026-06-19T12:12:07.105861,llama3.1:70b,239,80,ok,426.98161280713975,473,5,NONE|,
2026-06-19T12:12:07.541562,llama3.1:70b,240,81,ok,435.4069740511477,473,5,NONE|,
2026-06-19T12:12:07.967954,llama3.1:70b,241,82,ok,426.18940002284944,472,5,NONE|,
2026-06-19T12:12:08.398148,llama3.1:70b,242,83,ok,430.00697204843163,473,5,NONE|,
2026-06-19T12:12:08.840151,llama3.1:70b,243,84,ok,441.78780703805387,473,5,NONE|,
2026-06-19T12:12:09.283178,llama3.1:70b,244,85,ok,442.8252298384905,473,5,NONE|,
2026-06-19T12:12:09.711087,llama3.1:70b,245,86,ok,427.6075439993292,473,5,NONE|,
2026-06-19T12:12:10.151850,llama3.1:70b,246,87,ok,440.4673969838768,470,5,NONE|,
2026-06-19T12:12:10.593699,llama3.1:70b,247,88,ok,441.6144380811602,468,5,NONE|,
2026-06-19T12:12:11.033524,llama3.1:70b,248,89,ok,439.5731878466904,470,5,NONE|,
2026-06-19T12:12:11.466013,llama3.1:70b,249,90,ok,432.16334586031735,470,5,NONE|,
2026-06-19T12:12:11.901738,llama3.1:70b,250,91,ok,435.4507280513644,457,5,NONE|,
2026-06-19T12:12:12.283373,llama3.1:70b,251,92,ok,381.3536888919771,459,5,NONE|,
2026-06-19T12:12:12.726224,llama3.1:70b,252,93,ok,442.57465517148376,473,5,NONE|,
2026-06-19T12:12:13.153008,llama3.1:70b,253,94,ok,426.50613794103265,476,5,NONE|,
2026-06-19T12:12:13.581359,llama3.1:70b,254,95,ok,428.117300150916,477,5,NONE|,
2026-06-19T12:12:14.011059,llama3.1:70b,255,96,ok,429.40122191794217,478,5,NONE|,
2026-06-19T12:12:14.441488,llama3.1:70b,256,97,ok,430.1400319673121,477,5,NONE|,
2026-06-19T12:12:14.863868,llama3.1:70b,257,98,ok,422.2534701693803,477,5,NONE|,
2026-06-19T12:12:15.294895,llama3.1:70b,258,99,ok,430.87639403529465,478,5,NONE|,
2026-06-19T12:12:15.715929,llama3.1:70b,259,100,ok,420.7884471397847,477,5,NONE|,
2026-06-19T12:12:16.149471,llama3.1:70b,260,101,ok,433.2418669946492,477,5,NONE|,
2026-06-19T12:12:16.572180,llama3.1:70b,261,102,ok,422.40482312627137,477,5,NONE|,
2026-06-19T12:12:16.994597,llama3.1:70b,262,103,ok,422.11560695432127,477,5,NONE|,
2026-06-19T12:12:17.424482,llama3.1:70b,263,104,ok,429.5781359542161,475,5,NONE|,
2026-06-19T12:12:17.859138,llama3.1:70b,264,105,ok,434.5310211647302,474,5,NONE|,
2026-06-19T12:12:18.289762,llama3.1:70b,265,106,ok,430.4853219073266,473,5,NONE|,
2026-06-19T12:12:18.719516,llama3.1:70b,266,107,ok,429.59848209284246,474,5,NONE|,
2026-06-19T12:12:19.144166,llama3.1:70b,267,108,ok,424.3267721030861,473,5,NONE|,
2026-06-19T12:12:19.564154,llama3.1:70b,268,109,ok,419.6867300197482,474,5,NONE|,
2026-06-19T12:12:19.991163,llama3.1:70b,269,110,ok,426.78141104988754,472,5,NONE|,
2026-06-19T12:12:20.419199,llama3.1:70b,270,111,ok,427.7480118907988,469,5,NONE|,
2026-06-19T12:12:20.840344,llama3.1:70b,271,112,ok,420.9334759507328,469,5,NONE|,
2026-06-19T12:12:21.282872,llama3.1:70b,272,113,ok,442.2378980088979,469,5,NONE|,
2026-06-19T12:12:21.713679,llama3.1:70b,273,114,ok,430.57330092415214,469,5,NONE|,
2026-06-19T12:12:22.139833,llama3.1:70b,274,115,ok,425.84763490594923,473,5,NONE|,
2026-06-19T12:12:22.574528,llama3.1:70b,275,116,ok,434.50301489792764,476,5,NONE|,
2026-06-19T12:12:23.000059,llama3.1:70b,276,117,ok,425.39637605659664,472,5,NONE|,
2026-06-19T12:12:23.429564,llama3.1:70b,277,118,ok,429.3620160315186,474,5,NONE|,
2026-06-19T12:12:23.854035,llama3.1:70b,278,119,ok,424.25268702208996,457,5,NONE|,
2026-06-19T12:12:24.226339,llama3.1:70b,279,120,ok,372.0760941505432,455,5,NONE|,
2026-06-19T12:12:24.618803,llama3.1:70b,280,121,ok,392.2114458400756,457,5,NONE|,
2026-06-19T12:12:25.010583,llama3.1:70b,281,122,ok,391.60173712298274,459,5,NONE|,
2026-06-19T12:12:25.313902,llama3.1:70b,282,123,ok,303.00688510760665,459,5,NONE|,
2026-06-19T12:12:25.615235,llama3.1:70b,283,124,ok,301.05095193721354,459,5,NONE|,
2026-06-19T12:12:25.917086,llama3.1:70b,284,125,ok,301.42313800752163,459,5,NONE|,
2026-06-19T12:12:26.214535,llama3.1:70b,285,126,ok,297.1475520171225,459,5,NONE|,
2026-06-19T12:12:26.632012,llama3.1:70b,286,127,ok,417.1564420685172,476,5,NONE|,
2026-06-19T12:12:27.048224,llama3.1:70b,287,128,ok,416.0332470200956,474,5,NONE|,
2026-06-19T12:12:27.490757,llama3.1:70b,288,129,ok,442.33742193318903,474,5,NONE|,
2026-06-19T12:12:27.921459,llama3.1:70b,289,130,ok,430.41633791290224,473,5,NONE|,
2026-06-19T12:12:28.357855,llama3.1:70b,290,131,ok,436.1000549979508,459,5,NONE|,
2026-06-19T12:12:28.752204,llama3.1:70b,291,132,ok,394.1668812185526,459,5,NONE|,
2026-06-19T12:12:29.047168,llama3.1:70b,292,133,ok,294.6689340751618,459,5,NONE|,
2026-06-19T12:12:29.475905,llama3.1:70b,293,134,ok,428.4979379735887,473,5,NONE|,
2026-06-19T12:12:29.905418,llama3.1:70b,294,135,ok,429.2670839931816,474,5,NONE|,
2026-06-19T12:12:30.338637,llama3.1:70b,295,136,ok,432.95765994116664,474,5,NONE|,
2026-06-19T12:12:30.771088,llama3.1:70b,296,137,ok,432.17504885978997,459,5,NONE|,
2026-06-19T12:12:31.071326,llama3.1:70b,297,138,ok,299.99460000544786,459,5,NONE|,
2026-06-19T12:12:31.360429,llama3.1:70b,298,139,ok,289.01532711461186,459,5,NONE|,
2026-06-19T12:12:31.664171,llama3.1:70b,299,140,ok,303.65434288978577,459,5,NONE|,
2026-06-19T12:12:35.383804,phi4:14b,warmup,0,warmup,3719.2828280385584,399,23,WARNING|Increase speed.,
2026-06-19T12:12:35.562180,phi4:14b,0,0,ok,178.22539107874036,399,23,WARNING|Increase speed.,
2026-06-19T12:12:35.739411,phi4:14b,1,1,ok,177.13180114515126,492,5,NONE|,
2026-06-19T12:12:36.131407,phi4:14b,2,2,ok,391.7658741120249,491,114,WARNING|Increase speed.  Explanation: - The current road phase is HIGHWAY. - The velocity_kmh is 84.53450885675166,
2026-06-19T12:12:36.523529,phi4:14b,3,3,ok,391.8873679358512,490,119,"WARNING|Increase speed.  Explanation: - The current road phase is HIGHWAY. - The velocity_kmh is 82.248, which is below",
2026-06-19T12:12:36.917057,phi4:14b,4,4,ok,393.28770199790597,490,129,WARNING|Increase speed.  Explanation: - The current road phase is HIGHWAY. - The velocity is below the required range of 85-90 km,
2026-06-19T12:12:37.311495,phi4:14b,5,5,ok,394.197914050892,490,114,WARNING|Increase speed.  Explanation: - The current road phase is HIGHWAY. - The velocity_kmh is 77.96053671395613,
2026-06-19T12:12:37.703311,phi4:14b,6,6,ok,391.57257694751024,490,114,WARNING|Increase speed.  Explanation: - The current road phase is HIGHWAY. - The velocity_kmh is 75.95207868426598,
2026-06-19T12:12:38.091817,phi4:14b,7,7,ok,388.2789758499712,491,129,WARNING|Increase speed.  Explanation: - The current road phase is HIGHWAY. - The velocity is below the required range of 85-90 km,
2026-06-19T12:12:38.483684,phi4:14b,8,8,ok,391.76947297528386,491,118,"WARNING|Increase speed.  Explanation: - The current road phase is HIGHWAY. - The velocity_kmh is 72.19, which is below",
2026-06-19T12:12:38.877304,phi4:14b,9,9,ok,393.5318209696561,500,125,ACTUATE|Brake for the vehicle ahead.  Explanation: - The current road phase is LANE_CHANGE. - A right look has been satisfied,
2026-06-19T12:12:39.263861,phi4:14b,10,10,ok,386.46274199709296,501,125,ACTUATE|Brake for the vehicle ahead.  Explanation: - The current road phase is LANE_CHANGE. - A right look has been satisfied,
2026-06-19T12:12:39.649970,phi4:14b,11,11,ok,386.0285999253392,495,139,"WARNING|Increase speed.  Explanation: - The current road phase is LANE_CHANGE. - There are no immediate hazards requiring ACTUATE, as right",
2026-06-19T12:12:40.042106,phi4:14b,12,12,ok,392.0506469439715,494,141,"WARNING|Increase speed.  Explanation: - The current road phase is LANE_CHANGE. - There are no immediate hazards requiring ACTUATE, as neither",
2026-06-19T12:12:40.432305,phi4:14b,13,13,ok,390.08983108215034,495,141,"WARNING|Increase speed.  Explanation: - The current road phase is LANE_CHANGE. - There are no immediate hazards requiring ACTUATE, as neither",
2026-06-19T12:12:40.822566,phi4:14b,14,14,ok,390.003499109298,495,130,WARNING|Increase speed.  Explanation: - The current road phase is LANE_CHANGE. - The velocity is below the required range of 85-90,
2026-06-19T12:12:41.210888,phi4:14b,15,15,ok,388.0517731886357,487,126,WARNING|Reduce speed.  Explanation: - The current road phase is EXIT. - The velocity (61.4 km/h) is outside the required range,
2026-06-19T12:12:41.602528,phi4:14b,16,16,ok,391.3787149358541,488,134,"CONTROL|Reduce speed.    Explanation: - The current road phase is EXIT, which requires the vehicle to reduce its speed toward 45 km/h.",
2026-06-19T12:12:41.992796,phi4:14b,17,17,ok,389.9786230176687,490,133,"CONTROL|Reduce speed.    Explanation: - The current road phase is EXIT, which requires reducing speed toward 45 km/h.  - The velocity",
2026-06-19T12:12:42.395215,phi4:14b,18,18,ok,402.1271038800478,491,127,WARNING|Reduce speed.  Explanation: - The current road phase is EXIT. - The velocity (70.03 km/h) is outside the required range,
2026-06-19T12:12:42.796358,phi4:14b,19,19,ok,400.84144403226674,491,128,"WARNING|Reduce speed.  Explanation: - The current road phase is EXIT. - In the EXIT phase, the velocity should be between 40 and",
2026-06-19T12:12:43.194961,phi4:14b,20,20,ok,398.3046840876341,492,127,WARNING|Reduce speed.  Explanation: - The current road phase is EXIT. - The velocity (79.13 km/h) is outside the required range,
2026-06-19T12:12:43.587501,phi4:14b,21,21,ok,392.23693613894284,492,127,WARNING|Reduce speed.  Explanation: - The current road phase is EXIT. - The velocity (78.73 km/h) is outside the required range,
2026-06-19T12:12:43.981716,phi4:14b,22,22,ok,393.8941340893507,491,128,WARNING|Reduce speed.  Explanation: - The current road phase is EXIT. - The velocity (79.773 km/h) is outside the required range,
2026-06-19T12:12:44.354442,phi4:14b,23,23,ok,372.46701610274613,497,116,WARNING|Stop before the sign and look LEFT and RIGHT.  CONTROL|WARNING|Stop before the sign and look LEFT and RIGHT.,
2026-06-19T12:12:44.747125,phi4:14b,24,24,ok,392.3712009564042,497,132,WARNING|Stop before the sign and look LEFT and RIGHT before moving ahead.  Explanation: - The current `road_phase` is `STOP_SIGN`. -,
2026-06-19T12:12:45.131867,phi4:14b,25,25,ok,384.4466479495168,497,116,WARNING|Stop before the sign and look LEFT and RIGHT.  CONTROL|WARNING|Stop before the sign and look LEFT and RIGHT.,
2026-06-19T12:12:45.308036,phi4:14b,26,26,ok,175.94007682055235,493,5,NONE|,
2026-06-19T12:12:45.500561,phi4:14b,27,27,ok,192.272910149768,494,5,NONE|,
2026-06-19T12:12:45.678296,phi4:14b,28,28,ok,177.42627393454313,491,5,NONE|,
2026-06-19T12:12:45.869669,phi4:14b,29,29,ok,191.0850959829986,491,5,NONE|,
2026-06-19T12:12:46.055253,phi4:14b,30,30,ok,185.2650458458811,491,5,NONE|,
2026-06-19T12:12:46.237338,phi4:14b,31,31,ok,181.778933852911,491,5,NONE|,
2026-06-19T12:12:46.420093,phi4:14b,32,32,ok,182.4658690020442,491,5,NONE|,
2026-06-19T12:12:46.613686,phi4:14b,33,33,ok,193.3068740181625,491,5,NONE|,
2026-06-19T12:12:46.799562,phi4:14b,34,34,ok,185.56599598377943,491,5,NONE|,
2026-06-19T12:12:46.981018,phi4:14b,35,35,ok,181.14734790287912,491,5,NONE|,
2026-06-19T12:12:47.163638,phi4:14b,36,36,ok,182.33743007294834,490,5,NONE|,
2026-06-19T12:12:47.333477,phi4:14b,37,37,ok,169.7260809596628,492,5,NONE|,
2026-06-19T12:12:47.521263,phi4:14b,38,38,ok,187.67645815387368,491,5,NONE|,
2026-06-19T12:12:47.708473,phi4:14b,39,39,ok,187.08180193789303,477,5,NONE|,
2026-06-19T12:12:47.883479,phi4:14b,40,40,ok,174.88344898447394,477,5,NONE|,
2026-06-19T12:12:48.063713,phi4:14b,41,41,ok,180.1108899526298,477,5,NONE|,
2026-06-19T12:12:48.240073,phi4:14b,42,42,ok,176.20541411451995,477,5,NONE|,
2026-06-19T12:12:48.418750,phi4:14b,43,43,ok,178.558582207188,477,5,NONE|,
2026-06-19T12:12:48.599432,phi4:14b,44,44,ok,180.50963198766112,476,5,NONE|,
2026-06-19T12:12:48.776702,phi4:14b,45,45,ok,176.98761401697993,477,5,NONE|,
2026-06-19T12:12:48.964366,phi4:14b,46,46,ok,187.37426702864468,476,5,NONE|,
2026-06-19T12:12:49.148446,phi4:14b,47,47,ok,183.9574060868472,477,5,NONE|,
2026-06-19T12:12:49.325032,phi4:14b,48,48,ok,176.460362970829,476,5,NONE|,
2026-06-19T12:12:49.508483,phi4:14b,49,49,ok,183.3209558390081,477,5,NONE|,
2026-06-19T12:12:49.682931,phi4:14b,50,50,ok,174.21434517018497,476,5,NONE|,
2026-06-19T12:12:49.861075,phi4:14b,51,51,ok,178.0148211400956,477,5,NONE|,
2026-06-19T12:12:50.036608,phi4:14b,52,52,ok,175.4130399785936,477,5,NONE|,
2026-06-19T12:12:50.223231,phi4:14b,53,53,ok,186.5007458254695,476,5,NONE|,
2026-06-19T12:12:50.410179,phi4:14b,54,54,ok,186.65472604334354,475,5,NONE|,
2026-06-19T12:12:50.580018,phi4:14b,55,55,ok,169.54545606859028,473,5,NONE|,
2026-06-19T12:12:50.757143,phi4:14b,56,56,ok,176.8500441685319,473,5,NONE|,
2026-06-19T12:12:50.933601,phi4:14b,57,57,ok,176.33549380116165,472,5,NONE|,
2026-06-19T12:12:51.125534,phi4:14b,58,58,ok,191.73113582655787,473,5,NONE|,
2026-06-19T12:12:51.304901,phi4:14b,59,59,ok,179.09634904935956,475,5,NONE|,
2026-06-19T12:12:51.479314,phi4:14b,60,60,ok,174.11626782268286,475,5,NONE|,
2026-06-19T12:12:51.659939,phi4:14b,61,61,ok,180.3099240642041,473,5,NONE|,
2026-06-19T12:12:51.843257,phi4:14b,62,62,ok,183.02783695980906,473,5,NONE|,
2026-06-19T12:12:52.026906,phi4:14b,63,63,ok,183.36240691132843,473,5,NONE|,
2026-06-19T12:12:52.210061,phi4:14b,64,64,ok,182.91761493310332,473,5,NONE|,
2026-06-19T12:12:52.391225,phi4:14b,65,65,ok,180.97367300651968,473,5,NONE|,
2026-06-19T12:12:52.568614,phi4:14b,66,66,ok,177.0943971350789,473,5,NONE|,
2026-06-19T12:12:52.754684,phi4:14b,67,67,ok,185.63168309628963,473,5,NONE|,
2026-06-19T12:12:52.933814,phi4:14b,68,68,ok,178.8595060352236,474,5,NONE|,
2026-06-19T12:12:53.109358,phi4:14b,69,69,ok,175.2622069325298,474,5,NONE|,
2026-06-19T12:12:53.295280,phi4:14b,70,70,ok,185.64238003455102,473,5,NONE|,
2026-06-19T12:12:53.478057,phi4:14b,71,71,ok,182.64980404637754,476,5,NONE|,
2026-06-19T12:12:53.663813,phi4:14b,72,72,ok,185.48395507968962,477,5,NONE|,
2026-06-19T12:12:53.842214,phi4:14b,73,73,ok,178.28636104241014,477,5,NONE|,
2026-06-19T12:12:54.024564,phi4:14b,74,74,ok,182.22429393790662,477,5,NONE|,
2026-06-19T12:12:54.209304,phi4:14b,75,75,ok,184.47744194418192,477,5,NONE|,
2026-06-19T12:12:54.391068,phi4:14b,76,76,ok,181.54758214950562,474,5,NONE|,
2026-06-19T12:12:54.568662,phi4:14b,77,77,ok,177.3053149227053,473,5,NONE|,
2026-06-19T12:12:54.739969,phi4:14b,78,78,ok,170.99549993872643,473,5,NONE|,
2026-06-19T12:12:54.926254,phi4:14b,79,79,ok,186.00823008455336,473,5,NONE|,
2026-06-19T12:12:55.099461,phi4:14b,80,80,ok,173.0720610357821,473,5,NONE|,
2026-06-19T12:12:55.283089,phi4:14b,81,81,ok,183.4041199181229,473,5,NONE|,
2026-06-19T12:12:55.466296,phi4:14b,82,82,ok,182.9169630073011,472,5,NONE|,
2026-06-19T12:12:55.647715,phi4:14b,83,83,ok,181.12696497701108,473,5,NONE|,
2026-06-19T12:12:55.825811,phi4:14b,84,84,ok,177.7881591115147,473,5,NONE|,
2026-06-19T12:12:56.008085,phi4:14b,85,85,ok,181.98911100625992,473,5,NONE|,
2026-06-19T12:12:56.185703,phi4:14b,86,86,ok,177.3403910920024,473,5,NONE|,
2026-06-19T12:12:56.365547,phi4:14b,87,87,ok,179.5513390097767,470,5,NONE|,
2026-06-19T12:12:56.543464,phi4:14b,88,88,ok,177.7500759344548,468,5,NONE|,
2026-06-19T12:12:56.724388,phi4:14b,89,89,ok,180.63394003547728,470,5,NONE|,
2026-06-19T12:12:56.913453,phi4:14b,90,90,ok,188.78179998137057,470,5,NONE|,
2026-06-19T12:12:57.096865,phi4:14b,91,91,ok,183.18462697789073,457,5,NONE|,
2026-06-19T12:12:57.265586,phi4:14b,92,92,ok,168.43733098357916,459,5,NONE|,
2026-06-19T12:12:57.457063,phi4:14b,93,93,ok,191.1644081119448,473,5,NONE|,
2026-06-19T12:12:57.637380,phi4:14b,94,94,ok,180.02530792728066,476,5,NONE|,
2026-06-19T12:12:57.815909,phi4:14b,95,95,ok,178.2377369236201,477,5,NONE|,
2026-06-19T12:12:57.995930,phi4:14b,96,96,ok,179.72797504626215,478,5,NONE|,
2026-06-19T12:12:58.186929,phi4:14b,97,97,ok,190.7084221020341,477,5,NONE|,
2026-06-19T12:12:58.369735,phi4:14b,98,98,ok,182.51428101211786,477,5,NONE|,
2026-06-19T12:12:58.548194,phi4:14b,99,99,ok,178.1504990067333,478,5,NONE|,
2026-06-19T12:12:58.722919,phi4:14b,100,100,ok,174.43500692024827,477,5,NONE|,
2026-06-19T12:12:58.902390,phi4:14b,101,101,ok,179.1890379972756,477,5,NONE|,
2026-06-19T12:12:59.078764,phi4:14b,102,102,ok,176.08361481688917,477,5,NONE|,
2026-06-19T12:12:59.253496,phi4:14b,103,103,ok,174.43967517465353,477,5,NONE|,
2026-06-19T12:12:59.438111,phi4:14b,104,104,ok,184.4983899500221,475,5,NONE|,
2026-06-19T12:12:59.615372,phi4:14b,105,105,ok,177.13680188171566,474,5,NONE|,
2026-06-19T12:12:59.805491,phi4:14b,106,106,ok,189.99901204369962,473,5,NONE|,
2026-06-19T12:13:00.005207,phi4:14b,107,107,ok,199.60138481110334,474,5,NONE|,
2026-06-19T12:13:00.187487,phi4:14b,108,108,ok,182.11647402495146,473,5,NONE|,
2026-06-19T12:13:00.361238,phi4:14b,109,109,ok,173.48515009507537,474,5,NONE|,
2026-06-19T12:13:00.543191,phi4:14b,110,110,ok,181.68501602485776,472,5,NONE|,
2026-06-19T12:13:00.732221,phi4:14b,111,111,ok,188.73928301036358,469,5,NONE|,
2026-06-19T12:13:00.910961,phi4:14b,112,112,ok,178.44363395124674,469,5,NONE|,
2026-06-19T12:13:01.083038,phi4:14b,113,113,ok,171.79048713296652,469,5,NONE|,
2026-06-19T12:13:01.265209,phi4:14b,114,114,ok,181.91407900303602,469,5,NONE|,
2026-06-19T12:13:01.440189,phi4:14b,115,115,ok,174.74381695501506,473,5,NONE|,
2026-06-19T12:13:01.626388,phi4:14b,116,116,ok,185.93893013894558,476,5,NONE|,
2026-06-19T12:13:01.801885,phi4:14b,117,117,ok,175.23843189701438,472,5,NONE|,
2026-06-19T12:13:02.196078,phi4:14b,118,118,ok,393.92705098725855,474,120,"NONE|  - The current road phase is MOVE, which involves moving ahead for the final 100 m. - The distance to target is 0.",
2026-06-19T12:13:02.365630,phi4:14b,119,119,ok,169.34398002922535,457,5,NONE|,
2026-06-19T12:13:02.543304,phi4:14b,120,120,ok,177.38102097064257,455,5,NONE|,
2026-06-19T12:13:02.715438,phi4:14b,121,121,ok,171.8541611917317,457,5,NONE|,
2026-06-19T12:13:02.890213,phi4:14b,122,122,ok,174.5912090409547,459,5,NONE|,
2026-06-19T12:13:03.040413,phi4:14b,123,123,ok,149.91388306953013,459,5,NONE|,
2026-06-19T12:13:03.195924,phi4:14b,124,124,ok,155.296839075163,459,5,NONE|,
2026-06-19T12:13:03.345539,phi4:14b,125,125,ok,149.36203812249005,459,5,NONE|,
2026-06-19T12:13:03.492929,phi4:14b,126,126,ok,147.08303101360798,459,5,NONE|,
2026-06-19T12:13:03.670095,phi4:14b,127,127,ok,176.88300600275397,476,5,NONE|,
2026-06-19T12:13:03.846801,phi4:14b,128,128,ok,176.4215980656445,474,5,NONE|,
2026-06-19T12:13:04.030636,phi4:14b,129,129,ok,183.2721270620823,474,5,NONE|,
2026-06-19T12:13:04.212576,phi4:14b,130,130,ok,181.81870295666158,473,5,NONE|,
2026-06-19T12:13:04.382560,phi4:14b,131,131,ok,169.66774920001626,459,5,NONE|,
2026-06-19T12:13:04.564547,phi4:14b,132,132,ok,181.68171518482268,459,5,NONE|,
2026-06-19T12:13:04.721134,phi4:14b,133,133,ok,156.28540818579495,459,5,NONE|,
2026-06-19T12:13:04.896033,phi4:14b,134,134,ok,174.7775450348854,473,5,NONE|,
2026-06-19T12:13:05.077048,phi4:14b,135,135,ok,180.72137306444347,474,5,NONE|,
2026-06-19T12:13:05.257500,phi4:14b,136,136,ok,180.16307218931615,474,5,NONE|,
2026-06-19T12:13:05.435083,phi4:14b,137,137,ok,177.35658795572817,459,5,NONE|,
2026-06-19T12:13:05.578848,phi4:14b,138,138,ok,143.51808605715632,459,5,NONE|,
2026-06-19T12:13:05.735351,phi4:14b,139,139,ok,156.2208030372858,459,5,NONE|,
2026-06-19T12:13:05.884580,phi4:14b,140,140,ok,148.94836698658764,459,5,NONE|,
2026-06-19T12:13:06.032377,phi4:14b,141,141,ok,147.50745613127947,459,5,NONE|,
2026-06-19T12:13:06.186764,phi4:14b,142,142,ok,154.1266879066825,459,5,NONE|,
2026-06-19T12:13:06.335630,phi4:14b,143,143,ok,148.56913802213967,459,5,NONE|,
2026-06-19T12:13:06.492103,phi4:14b,144,144,ok,156.18635900318623,459,5,NONE|,
2026-06-19T12:13:06.660285,phi4:14b,145,145,ok,167.96490410342813,461,5,NONE|,
2026-06-19T12:13:06.832570,phi4:14b,146,146,ok,172.02047305181623,463,5,NONE|,
2026-06-19T12:13:06.982955,phi4:14b,147,147,ok,150.08230693638325,463,5,NONE|,
2026-06-19T12:13:07.129711,phi4:14b,148,148,ok,146.4823200367391,463,5,NONE|,
2026-06-19T12:13:07.304467,phi4:14b,149,149,ok,174.53771992586553,478,5,NONE|,
2026-06-19T12:13:07.481087,phi4:14b,150,150,ok,176.33477482013404,477,5,NONE|,
2026-06-19T12:13:07.665518,phi4:14b,151,151,ok,184.15433005429804,477,5,NONE|,
2026-06-19T12:13:07.832409,phi4:14b,152,152,ok,166.77681799046695,479,5,NONE|,
2026-06-19T12:13:08.007673,phi4:14b,153,153,ok,175.13958201743662,463,5,NONE|,
2026-06-19T12:13:08.160269,phi4:14b,154,154,ok,152.30026096105576,463,5,NONE|,
2026-06-19T12:13:08.324190,phi4:14b,155,155,ok,163.63084805198014,461,5,NONE|,
2026-06-19T12:13:08.494033,phi4:14b,156,156,ok,169.55497511662543,457,5,NONE|,
2026-06-19T12:13:08.663042,phi4:14b,157,157,ok,168.72176714241505,455,5,NONE|,
2026-06-19T12:13:08.803402,phi4:14b,158,158,ok,140.06890798918903,455,5,NONE|,
2026-06-19T12:13:09.000223,phi4:14b,159,0,ok,196.53439382091165,399,23,WARNING|Increase speed.,
2026-06-19T12:13:09.181668,phi4:14b,160,1,ok,181.1495239380747,492,5,NONE|,
2026-06-19T12:13:09.571984,phi4:14b,161,2,ok,389.99193580821157,491,114,WARNING|Increase speed.  Explanation: - The current road phase is HIGHWAY. - The velocity_kmh is 84.53450885675166,
2026-06-19T12:13:09.964629,phi4:14b,162,3,ok,392.34114717692137,490,119,"WARNING|Increase speed.  Explanation: - The current road phase is HIGHWAY. - The velocity_kmh is 82.248, which is below",
2026-06-19T12:13:10.366542,phi4:14b,163,4,ok,401.60026494413614,490,114,WARNING|Increase speed.  Explanation: - The current road phase is HIGHWAY. - The velocity_kmh is 80.04750915859375,
2026-06-19T12:13:10.755985,phi4:14b,164,5,ok,389.2218710388988,490,129,WARNING|Increase speed.  Explanation: - The current road phase is HIGHWAY. - The velocity is below the required range of 85-90 km,
2026-06-19T12:13:11.154362,phi4:14b,165,6,ok,397.94338401407003,490,129,WARNING|Increase speed.  Explanation: - The current road phase is HIGHWAY. - The velocity is below the required range of 85-90 km,
2026-06-19T12:13:11.549083,phi4:14b,166,7,ok,394.5859170053154,491,119,"WARNING|Increase speed.  Explanation: - The current road phase is HIGHWAY. - The velocity_kmh is 74.027, which is below",
2026-06-19T12:13:11.942833,phi4:14b,167,8,ok,393.48075119778514,491,118,"WARNING|Increase speed.  Explanation: - The current road phase is HIGHWAY. - The velocity_kmh is 72.19, which is below",
2026-06-19T12:13:12.335290,phi4:14b,168,9,ok,392.14873197488487,500,125,ACTUATE|Brake for the vehicle ahead.  Explanation: - The current road phase is LANE_CHANGE. - A right look has been satisfied,
2026-06-19T12:13:12.722498,phi4:14b,169,10,ok,386.9002270512283,501,125,ACTUATE|Brake for the vehicle ahead.  Explanation: - The current road phase is LANE_CHANGE. - A right look has been satisfied,
2026-06-19T12:13:13.120452,phi4:14b,170,11,ok,397.62770594097674,495,139,"WARNING|Increase speed.  Explanation: - The current road phase is LANE_CHANGE. - There are no immediate hazards requiring ACTUATE, as right",
2026-06-19T12:13:13.505061,phi4:14b,171,12,ok,384.3927071429789,494,141,"WARNING|Increase speed.  Explanation: - The current road phase is LANE_CHANGE. - There are no immediate hazards requiring ACTUATE, as neither",
2026-06-19T12:13:13.901145,phi4:14b,172,13,ok,395.8671980071813,495,141,"WARNING|Increase speed.  Explanation: - The current road phase is LANE_CHANGE. - There are no immediate hazards requiring ACTUATE, as neither",
2026-06-19T12:13:14.301366,phi4:14b,173,14,ok,399.93516192771494,495,116,WARNING|Increase speed.  Explanation: - The current road phase is LANE_CHANGE. - The velocity_kmh is 62.677802193306,
2026-06-19T12:13:14.707889,phi4:14b,174,15,ok,406.23748512007296,487,126,WARNING|Reduce speed.  Explanation: - The current road phase is EXIT. - The velocity (61.4 km/h) is outside the required range,
2026-06-19T12:13:15.114654,phi4:14b,175,16,ok,406.483334954828,488,133,"CONTROL|Reduce speed.    Explanation: - The current road phase is EXIT, which requires reducing speed toward 45 km/h.  - The velocity",
2026-06-19T12:13:15.522449,phi4:14b,176,17,ok,407.5013929978013,490,133,"CONTROL|Reduce speed.    Explanation: - The current road phase is EXIT, which requires reducing speed toward 45 km/h.  - The velocity",
2026-06-19T12:13:15.929275,phi4:14b,177,18,ok,406.5441701095551,491,127,WARNING|Reduce speed.  Explanation: - The current road phase is EXIT. - The velocity (70.03 km/h) is outside the required range,
2026-06-19T12:13:16.324375,phi4:14b,178,19,ok,394.8196910787374,491,111,WARNING|Reduce speed.  Explanation: - The current road phase is EXIT. - The velocity (75.4575878970098 km/h) is,
2026-06-19T12:13:16.717551,phi4:14b,179,20,ok,392.89200003258884,492,124,"WARNING|Reduce speed.  Explanation: - The current road phase is EXIT, where the velocity should be between 40 and 50 km/h. -",
2026-06-19T12:13:17.114916,phi4:14b,180,21,ok,397.0355368219316,492,127,WARNING|Reduce speed.  Explanation: - The current road phase is EXIT. - The velocity (78.73 km/h) is outside the required range,
2026-06-19T12:13:17.512714,phi4:14b,181,22,ok,397.49658294022083,491,128,WARNING|Reduce speed.  Explanation: - The current road phase is EXIT. - The velocity (79.773 km/h) is outside the required range,
2026-06-19T12:13:17.902884,phi4:14b,182,23,ok,389.850745908916,497,149,WARNING|Stop before the sign and look LEFT and RIGHT before moving ahead.  CONTROL|WARNING|Stop before the sign and look LEFT and RIGHT before moving,
2026-06-19T12:13:18.300084,phi4:14b,183,24,ok,396.9038459472358,497,145,WARNING|Stop before the sign and look LEFT and RIGHT before moving ahead.  Explanation: - The current road phase is STOP_SIGN. - According to the,
2026-06-19T12:13:18.665982,phi4:14b,184,25,ok,365.6089568976313,497,116,WARNING|Stop before the sign and look LEFT and RIGHT.  CONTROL|WARNING|Stop before the sign and look LEFT and RIGHT.,
2026-06-19T12:13:18.843658,phi4:14b,185,26,ok,177.42358497343957,493,5,NONE|,
2026-06-19T12:13:19.029576,phi4:14b,186,27,ok,185.63870899379253,494,5,NONE|,
2026-06-19T12:13:19.207725,phi4:14b,187,28,ok,177.8361138422042,491,5,NONE|,
2026-06-19T12:13:19.393493,phi4:14b,188,29,ok,185.45160512439907,491,5,NONE|,
2026-06-19T12:13:19.572068,phi4:14b,189,30,ok,178.28410398215055,491,5,NONE|,
2026-06-19T12:13:19.750074,phi4:14b,190,31,ok,177.71086702123284,491,5,NONE|,
2026-06-19T12:13:19.924941,phi4:14b,191,32,ok,174.65537483803928,491,5,NONE|,
2026-06-19T12:13:20.106458,phi4:14b,192,33,ok,181.25254893675447,491,5,NONE|,
2026-06-19T12:13:20.283815,phi4:14b,193,34,ok,177.05590114928782,491,5,NONE|,
2026-06-19T12:13:20.458077,phi4:14b,194,35,ok,173.9656098652631,491,5,NONE|,
2026-06-19T12:13:20.647784,phi4:14b,195,36,ok,189.40282706171274,490,5,NONE|,
2026-06-19T12:13:20.827271,phi4:14b,196,37,ok,179.20558713376522,492,5,NONE|,
2026-06-19T12:13:20.995946,phi4:14b,197,38,ok,168.45431411638856,491,5,NONE|,
2026-06-19T12:13:21.183639,phi4:14b,198,39,ok,187.49190005473793,477,5,NONE|,
2026-06-19T12:13:21.356549,phi4:14b,199,40,ok,172.5933109410107,477,5,NONE|,
2026-06-19T12:13:21.544698,phi4:14b,200,41,ok,187.84761684946716,477,5,NONE|,
2026-06-19T12:13:21.724702,phi4:14b,201,42,ok,179.69841207377613,477,5,NONE|,
2026-06-19T12:13:21.909342,phi4:14b,202,43,ok,184.44526405073702,477,5,NONE|,
2026-06-19T12:13:22.087664,phi4:14b,203,44,ok,178.04375803098083,476,5,NONE|,
2026-06-19T12:13:22.267925,phi4:14b,204,45,ok,180.1007310859859,477,5,NONE|,
2026-06-19T12:13:22.442122,phi4:14b,205,46,ok,173.90641290694475,476,5,NONE|,
2026-06-19T12:13:22.631648,phi4:14b,206,47,ok,189.2316648736596,477,5,NONE|,
2026-06-19T12:13:22.804247,phi4:14b,207,48,ok,172.28389414958656,476,5,NONE|,
2026-06-19T12:13:22.990294,phi4:14b,208,49,ok,185.76068989932537,477,5,NONE|,
2026-06-19T12:13:23.170941,phi4:14b,209,50,ok,180.4511370137334,476,5,NONE|,
2026-06-19T12:13:23.345103,phi4:14b,210,51,ok,173.90160402283072,477,5,NONE|,
2026-06-19T12:13:23.513898,phi4:14b,211,52,ok,168.59080106951296,477,5,NONE|,
2026-06-19T12:13:23.693207,phi4:14b,212,53,ok,179.1958229150623,476,5,NONE|,
2026-06-19T12:13:23.875449,phi4:14b,213,54,ok,182.11211590096354,475,5,NONE|,
2026-06-19T12:13:24.059853,phi4:14b,214,55,ok,184.14490506984293,473,5,NONE|,
2026-06-19T12:13:24.237732,phi4:14b,215,56,ok,177.62826895341277,473,5,NONE|,
2026-06-19T12:13:24.419109,phi4:14b,216,57,ok,181.15649791434407,472,5,NONE|,
2026-06-19T12:13:24.599273,phi4:14b,217,58,ok,179.8710091970861,473,5,NONE|,
2026-06-19T12:13:24.771022,phi4:14b,218,59,ok,171.56008700840175,475,5,NONE|,
2026-06-19T12:13:24.942183,phi4:14b,219,60,ok,170.89785216376185,475,5,NONE|,
2026-06-19T12:13:25.121324,phi4:14b,220,61,ok,178.9982959162444,473,5,NONE|,
2026-06-19T12:13:25.297055,phi4:14b,221,62,ok,175.60222698375583,473,5,NONE|,
2026-06-19T12:13:25.473149,phi4:14b,222,63,ok,175.96657713875175,473,5,NONE|,
2026-06-19T12:13:25.642701,phi4:14b,223,64,ok,169.3481809925288,473,5,NONE|,
2026-06-19T12:13:25.824999,phi4:14b,224,65,ok,181.99570709839463,473,5,NONE|,
2026-06-19T12:13:26.005548,phi4:14b,225,66,ok,180.25159812532365,473,5,NONE|,
2026-06-19T12:13:26.192120,phi4:14b,226,67,ok,186.228530947119,473,5,NONE|,
2026-06-19T12:13:26.367128,phi4:14b,227,68,ok,174.77385397069156,474,5,NONE|,
2026-06-19T12:13:26.543237,phi4:14b,228,69,ok,175.9826911147684,474,5,NONE|,
2026-06-19T12:13:26.721643,phi4:14b,229,70,ok,178.2728040125221,473,5,NONE|,
2026-06-19T12:13:26.900191,phi4:14b,230,71,ok,178.26653877273202,476,5,NONE|,
2026-06-19T12:13:27.074963,phi4:14b,231,72,ok,174.50180905871093,477,5,NONE|,
2026-06-19T12:13:27.249398,phi4:14b,232,73,ok,174.16574503295124,477,5,NONE|,
2026-06-19T12:13:27.423704,phi4:14b,233,74,ok,174.0339540410787,477,5,NONE|,
2026-06-19T12:13:27.607525,phi4:14b,234,75,ok,183.54015098884702,477,5,NONE|,
2026-06-19T12:13:27.777871,phi4:14b,235,76,ok,170.0421709101647,474,5,NONE|,
2026-06-19T12:13:27.955853,phi4:14b,236,77,ok,177.77220392599702,473,5,NONE|,
2026-06-19T12:13:28.131485,phi4:14b,237,78,ok,175.50665698945522,473,5,NONE|,
2026-06-19T12:13:28.311329,phi4:14b,238,79,ok,179.61339885368943,473,5,NONE|,
2026-06-19T12:13:28.488343,phi4:14b,239,80,ok,176.73212592490017,473,5,NONE|,
2026-06-19T12:13:28.666656,phi4:14b,240,81,ok,178.03260497748852,473,5,NONE|,
2026-06-19T12:13:28.838004,phi4:14b,241,82,ok,171.03248299099505,472,5,NONE|,
2026-06-19T12:13:29.026811,phi4:14b,242,83,ok,188.515012152493,473,5,NONE|,
2026-06-19T12:13:29.210355,phi4:14b,243,84,ok,183.26672888360918,473,5,NONE|,
2026-06-19T12:13:29.395132,phi4:14b,244,85,ok,184.62940282188356,473,5,NONE|,
2026-06-19T12:13:29.574480,phi4:14b,245,86,ok,179.1193699464202,473,5,NONE|,
2026-06-19T12:13:29.750031,phi4:14b,246,87,ok,175.25709117762744,470,5,NONE|,
2026-06-19T12:13:29.922474,phi4:14b,247,88,ok,172.15346917510033,468,5,NONE|,
2026-06-19T12:13:30.099878,phi4:14b,248,89,ok,177.13196598924696,470,5,NONE|,
2026-06-19T12:13:30.277420,phi4:14b,249,90,ok,177.32994817197323,470,5,NONE|,
2026-06-19T12:13:30.455159,phi4:14b,250,91,ok,177.61770100332797,457,5,NONE|,
2026-06-19T12:13:30.630274,phi4:14b,251,92,ok,174.98971498571336,459,5,NONE|,
2026-06-19T12:13:30.807853,phi4:14b,252,93,ok,177.35424102284014,473,5,NONE|,
2026-06-19T12:13:30.988270,phi4:14b,253,94,ok,180.15261786058545,476,5,NONE|,
2026-06-19T12:13:31.173405,phi4:14b,254,95,ok,184.8691061604768,477,5,NONE|,
2026-06-19T12:13:31.352520,phi4:14b,255,96,ok,178.86497802101076,478,5,NONE|,
2026-06-19T12:13:31.535553,phi4:14b,256,97,ok,182.72315803915262,477,5,NONE|,
2026-06-19T12:13:31.712911,phi4:14b,257,98,ok,177.04439698718488,477,5,NONE|,
2026-06-19T12:13:31.887378,phi4:14b,258,99,ok,174.26611203700304,478,5,NONE|,
2026-06-19T12:13:32.072842,phi4:14b,259,100,ok,185.17729290761054,477,5,NONE|,
2026-06-19T12:13:32.253059,phi4:14b,260,101,ok,179.94555085897446,477,5,NONE|,
2026-06-19T12:13:32.432057,phi4:14b,261,102,ok,178.8599039427936,477,5,NONE|,
2026-06-19T12:13:32.613655,phi4:14b,262,103,ok,181.42236699350178,477,5,NONE|,
2026-06-19T12:13:32.786989,phi4:14b,263,104,ok,173.02964511327446,475,5,NONE|,
2026-06-19T12:13:32.975506,phi4:14b,264,105,ok,188.2307359483093,474,5,NONE|,
2026-06-19T12:13:33.152549,phi4:14b,265,106,ok,176.74096510745585,473,5,NONE|,
2026-06-19T12:13:33.330672,phi4:14b,266,107,ok,177.80142603442073,474,5,NONE|,
2026-06-19T12:13:33.517953,phi4:14b,267,108,ok,186.97931990027428,473,5,NONE|,
2026-06-19T12:13:33.691882,phi4:14b,268,109,ok,173.63918805494905,474,5,NONE|,
2026-06-19T12:13:33.875310,phi4:14b,269,110,ok,183.1359351053834,472,5,NONE|,
2026-06-19T12:13:34.042280,phi4:14b,270,111,ok,166.68454301543534,469,5,NONE|,
2026-06-19T12:13:34.221576,phi4:14b,271,112,ok,179.10916497930884,469,5,NONE|,
2026-06-19T12:13:34.408554,phi4:14b,272,113,ok,186.70021393336356,469,5,NONE|,
2026-06-19T12:13:34.589074,phi4:14b,273,114,ok,180.33714895136654,469,5,NONE|,
2026-06-19T12:13:34.765972,phi4:14b,274,115,ok,176.63825303316116,473,5,NONE|,
2026-06-19T12:13:34.934871,phi4:14b,275,116,ok,168.62379596568644,476,5,NONE|,
2026-06-19T12:13:35.114371,phi4:14b,276,117,ok,179.2727899737656,472,5,NONE|,
2026-06-19T12:13:35.506663,phi4:14b,277,118,ok,391.99140504933894,474,114,NONE|  **Explanation:**  1. **Control Token Decision:**    - The current `road_phase` is `MOVE`.    - According to,
2026-06-19T12:13:35.680272,phi4:14b,278,119,ok,173.29574306495488,457,5,NONE|,
2026-06-19T12:13:35.849332,phi4:14b,279,120,ok,168.853280832991,455,5,NONE|,
2026-06-19T12:13:36.019130,phi4:14b,280,121,ok,169.51292799785733,457,5,NONE|,
2026-06-19T12:13:36.188976,phi4:14b,281,122,ok,169.55816512927413,459,5,NONE|,
2026-06-19T12:13:36.338563,phi4:14b,282,123,ok,149.3051410652697,459,5,NONE|,
2026-06-19T12:13:36.483083,phi4:14b,283,124,ok,144.2134720273316,459,5,NONE|,
2026-06-19T12:13:36.632703,phi4:14b,284,125,ok,149.3385941721499,459,5,NONE|,
2026-06-19T12:13:36.778613,phi4:14b,285,126,ok,145.61415882781148,459,5,NONE|,
2026-06-19T12:13:36.962879,phi4:14b,286,127,ok,184.0130661148578,476,5,NONE|,
2026-06-19T12:13:37.140702,phi4:14b,287,128,ok,177.5424259249121,474,5,NONE|,
2026-06-19T12:13:37.316923,phi4:14b,288,129,ok,176.03601794689894,474,5,NONE|,
2026-06-19T12:13:37.495679,phi4:14b,289,130,ok,178.46572306007147,473,5,NONE|,
2026-06-19T12:13:37.680086,phi4:14b,290,131,ok,184.08465618267655,459,5,NONE|,
2026-06-19T12:13:37.853659,phi4:14b,291,132,ok,173.28624008223414,459,5,NONE|,
2026-06-19T12:13:38.001826,phi4:14b,292,133,ok,147.9221920017153,459,5,NONE|,
2026-06-19T12:13:38.181420,phi4:14b,293,134,ok,179.30452898144722,473,5,NONE|,
2026-06-19T12:13:38.372695,phi4:14b,294,135,ok,190.98851294256747,474,5,NONE|,
2026-06-19T12:13:38.554533,phi4:14b,295,136,ok,181.67308997362852,474,5,NONE|,
2026-06-19T12:13:38.731496,phi4:14b,296,137,ok,176.82361812330782,459,5,NONE|,
2026-06-19T12:13:38.883462,phi4:14b,297,138,ok,151.6996049322188,459,5,NONE|,
2026-06-19T12:13:39.042386,phi4:14b,298,139,ok,158.64258212968707,459,5,NONE|,
2026-06-19T12:13:39.203442,phi4:14b,299,140,ok,160.80533200874925,459,5,NONE|,
